{"maxFlow":38887,"minCut":[1,24670,28417,29185,29766,36715,36865,37096,37479,37862,38246,39395,40160,40548,40928,41312,44064,44072,44431,44448,44455,44832,45216,47116,50595,50979,52440,52823,53207,55889,55952,56336,56340,56341,56649,56720,56764,57104,57488,57536,57925,58263,58309,58647,59080,59332,59467,59468,59716,59806,60098,60190,60476,60482,60860,60861,60983,61367,61738,62903,62917,62954,63097,63287,63554,63934,63935,63936,63939,64062,64324,64446,64507,64708,64831,64837,64891,65222,65480,65785,65865,66700,67804,68322,68578,68962,69353,70128,70257,70641,71026,71423,72577,78844,80000,80384,82690,88067,88068,88449,88450,88451,88452,88834,88835,88836,89218,89219,89220,89602,89604,90370,90371,90752,90753,91136,91137,91520,91904,91905,92288,92670,98061,98062,98445,104588,28033,28801,29569,29382,30150,36481,37249,36712,39011,43680,43688,44047,44432,46732,52441,55505,55568,57033,57879,58310,58648,59031,59081,59464,58948,59083,59466,59851,59084,59852,60099,60475,60477,60859,61751,62519,62918,63096,63550,63933,63551,63552,64447,64830,64838,65221,64890,65606,65481,65864,65866,66316,70258,70640,70642,71025,71027,71410,71422,71424,78845,79228,80001,80385,80768,82306,82689,87683,88066,87684,88065,88833,89603,89986,89988,90754,89987,90372,90755,90368,90751,90369,91135,91138,91521,91519,91903,91906,92289,92287,92671,97677,98060,97678,104589,27649,29953,43663,44816,58264,59032,59082,59465,59850,62135,62712,63549,64448,64506,71024,70643,71409,71411,71808,79229,79612,80002,80386,80769,81152,81922,82305,87682,87681,89217,90756,89985,91522,27265,30337,59416,71408,70644,71807,72192,79613,80770,81153,81536,81538,81921,89601,71806,72191,72576,79997,81154,81537,81535,81920,72575,79996,81919,82304,82303,82688,82687,83071,83072,83073,83074],"initializationTime":5.568448066711426,"executionTime":3809.81494140625,"totalTime":3815.38330078125,"V":110594,"E":290304}