{"maxFlow":39,"minCut":[999],"initializationTime":0.17075200378894806,"executionTime":8.643648147583008,"totalTime":8.814399719238281,"V":1000,"E":6963}