{"maxFlow":76,"minCut":[9999],"initializationTime":0.8893759846687317,"executionTime":79.14374542236328,"totalTime":80.03311920166016,"V":10000,"E":92357}