{"maxFlow":11,"minCut":[5,3],"initializationTime":0.1664000004529953,"executionTime":1.8907840251922607,"totalTime":2.0571839809417725,"V":6,"E":8}