{"maxFlow":6,"minCut":[3],"initializationTime":0.15839999914169312,"executionTime":1.6486719846725464,"totalTime":1.8070720434188843,"V":4,"E":5}