{"maxFlow":84,"minCut":[19999],"initializationTime":1740.5321044921875,"executionTime":18724.693359375,"totalTime":20465.224609375,"V":20000,"E":396420}