{"maxFlow":76,"minCut":[9999],"initializationTime":0.6133120059967041,"executionTime":78.1322250366211,"totalTime":78.74553680419922,"V":10000,"E":92357}