{"maxFlow":11,"minCut":[5,3],"initializationTime":0.13104000687599182,"executionTime":0.24515199661254883,"totalTime":0.37619200348854065,"V":6,"E":8}