{"maxFlow":11,"minCut":[5,3],"initializationTime":0.1576640009880066,"executionTime":1.7981760501861572,"totalTime":1.955839991569519,"V":6,"E":8}