{"maxFlow":76,"minCut":[9999],"initializationTime":0.6295679807662964,"executionTime":77.70816040039063,"totalTime":78.33773040771484,"V":10000,"E":92357}