{"maxFlow":149,"minCut":[29999],"initializationTime":3890.84228515625,"executionTime":37549.8515625,"totalTime":41440.6953125,"V":30000,"E":618504}