{"maxFlow":149,"minCut":[29999],"initializationTime":1.3844159841537476,"executionTime":198.4028778076172,"totalTime":199.78729248046875,"V":30000,"E":309252}