{"maxFlow":6,"minCut":[3],"initializationTime":0.1406400054693222,"executionTime":0.3229439854621887,"totalTime":0.4635840058326721,"V":4,"E":5}