{"maxFlow":149,"minCut":[29999],"initializationTime":4187.0712890625,"executionTime":37243.71484375,"totalTime":41430.78515625,"V":30000,"E":618504}