{"maxFlow":84,"minCut":[19999],"initializationTime":1.0064640045166016,"executionTime":151.60745239257813,"totalTime":152.61392211914063,"V":20000,"E":198210}