{"maxFlow":6,"minCut":[3],"initializationTime":0.13743999600410461,"executionTime":0.3041279911994934,"totalTime":0.441567987203598,"V":4,"E":5}