{"maxFlow":76,"minCut":[9999],"initializationTime":0.6312320232391357,"executionTime":77.59033966064453,"totalTime":78.22156524658203,"V":10000,"E":92357}