{"maxFlow":68,"minCut":[99,38,58,81,17,24,33,47,66,73,27,29,46,53,59,63,80,94,30,54,85,91,19,55,61,72,77,90,5,48,1,13,25,31,60,74,93,34,41,98,16,22,32,52,88,89,6,9,21,43,64,7,8,18,36,69,76,3,10,37,70,75,23,39,40,67,11,42,71,79,84,86,2,50,4,45,68,20,49,51,56,82,83,65,26,28,95,12,44,62,92,14,15,35,57,78,87,96,97],"initializationTime":0.12083200365304947,"executionTime":1.3867199420928955,"totalTime":1.5075520277023315,"V":100,"E":459}