{"maxFlow":76,"minCut":[9999],"initializationTime":516.2498779296875,"executionTime":4284.48681640625,"totalTime":4800.73681640625,"V":10000,"E":184714}