{"maxFlow":6,"minCut":[3],"initializationTime":0.11264000087976456,"executionTime":1.3152639865875244,"totalTime":1.4279040098190308,"V":4,"E":5}