{"maxFlow":39,"minCut":[999],"initializationTime":5.080031871795654,"executionTime":42.3587532043457,"totalTime":47.438785552978516,"V":1000,"E":13926}