{"maxFlow":68,"minCut":[99,71,81,85,20,25,39,49,53,68,82,95,98,30,38,54,87,91,17,23,26,28,32,86,90,94,5,57,58,78,34,46,61,74,88,1,13,36,52,64,67,75,89,11,27,42,47,79,80,84,6,18,45,97,16,44,69,96,50,77,21,31,41,56,83,24,33,66,73,3,10,65,35,51,60,76,59,19,55,72,43,12,8,15,37,4,14,9,40,63,62,93,92,7,70,22,29,2,48],"initializationTime":0.24556800723075867,"executionTime":0.8393920063972473,"totalTime":1.0849599838256836,"V":100,"E":918}