{"maxFlow":39,"minCut":[999],"initializationTime":0.1737920045852661,"executionTime":8.576288223266602,"totalTime":8.750080108642578,"V":1000,"E":6963}