{"maxFlow":39,"minCut":[999],"initializationTime":0.16835199296474457,"executionTime":8.615936279296875,"totalTime":8.78428840637207,"V":1000,"E":6963}