{"maxFlow":149,"minCut":[29999],"initializationTime":3909.55810546875,"executionTime":37366.03515625,"totalTime":41275.59375,"V":30000,"E":618504}