{"maxFlow":76,"minCut":[9999],"initializationTime":0.884223997592926,"executionTime":79.0794906616211,"totalTime":79.96371459960938,"V":10000,"E":92357}