{"maxFlow":84,"minCut":[19999],"initializationTime":1743.5439453125,"executionTime":18877.228515625,"totalTime":20620.7734375,"V":20000,"E":396420}