{"maxFlow":149,"minCut":[29999],"initializationTime":1.9932479858398438,"executionTime":201.44338989257813,"totalTime":203.4366455078125,"V":30000,"E":309252}