{"maxFlow":68,"minCut":[99,58,81,85,27,29,46,53,59,63,75,80,94,30,38,87,91,3,17,23,26,28,95,1,7,8,18,36,52,69,73,76,89,98,10,15,21,37,70,39,40,67,11,42,47,71,79,84,86,2,31,50,72,93,22,45,60,66,48,57,68,88,4,34,61,9,19,20,49,51,56,82,41,83,24,33,32,35,6,54,55,62,77,90,13,12,25,43,16,44,96,64,14,74,5,65,78,92,97],"initializationTime":0.11289600282907486,"executionTime":1.357375979423523,"totalTime":1.4702719449996948,"V":100,"E":459}