{"maxFlow":76,"minCut":[9999],"initializationTime":0.6184960007667542,"executionTime":78.16722869873047,"totalTime":78.78572845458984,"V":10000,"E":92357}