{"maxFlow":11,"minCut":[5,3],"initializationTime":0.10684800148010254,"executionTime":1.0440000295639038,"totalTime":1.1508480310440063,"V":6,"E":8}