{"maxFlow":39,"minCut":[999],"initializationTime":0.17071999609470367,"executionTime":8.573760032653809,"totalTime":8.74448013305664,"V":1000,"E":6963}