{"maxFlow":84,"minCut":[19999],"initializationTime":1885.57421875,"executionTime":18833.55859375,"totalTime":20719.1328125,"V":20000,"E":396420}