{"maxFlow":39,"minCut":[999],"initializationTime":0.1762239933013916,"executionTime":8.575296401977539,"totalTime":8.751520156860352,"V":1000,"E":6963}