{"maxFlow":35,"minCut":[99,4,7,16,17,21,38,61,85,3,19,18,24,33,5,39,56,23,26,28,81,12,1,2,13,25,31,6,8,30,10,34,47,41,53,27,42,58,71,32,29,46,20,49,68,15,40,36,52],"initializationTime":0.1228799968957901,"executionTime":1.9941439628601074,"totalTime":2.1170239448547363,"V":100,"E":459}