{"maxFlow":39,"minCut":[999],"initializationTime":0.18646399676799774,"executionTime":8.795488357543945,"totalTime":8.981951713562012,"V":1000,"E":6963}