{"maxFlow":39,"minCut":[999],"initializationTime":6.114719867706299,"executionTime":41.25484848022461,"totalTime":47.36956787109375,"V":1000,"E":13926}