{"maxFlow":11,"minCut":[5,3],"initializationTime":0.11590400338172913,"executionTime":0.18198400735855103,"totalTime":0.29788801074028015,"V":6,"E":8}