{"maxFlow":11,"minCut":[5,3],"initializationTime":0.1523520052433014,"executionTime":1.8567999601364136,"totalTime":2.0091519355773926,"V":6,"E":8}