{"maxFlow":11,"minCut":[5,3],"initializationTime":0.16828800737857819,"executionTime":1.7897919416427612,"totalTime":1.9580800533294678,"V":6,"E":8}