{"maxFlow":68,"minCut":[99,16,81,85,38,45,54,57,66,95,30,87,91,3,17,23,26,28,24,33,47,73,4,13,14,41,42,55,63,97,10,11,20,22,65,8,19,25,40,59,74,75,32,52,86,88,89,44,69,82,96,98,21,31,56,83,35,51,60,76,34,67,6,29,36,58,62,64,53,72,77,80,90,1,12,43,5,48,93,9,27,15,37,49,92,7,70,79,94,84,71,61,78,46,2,50,39,68,18],"initializationTime":0.13305599987506866,"executionTime":1.3752000331878662,"totalTime":1.508255958557129,"V":100,"E":459}