{"maxFlow":6,"minCut":[3],"initializationTime":0.10224000364542007,"executionTime":0.20550400018692017,"totalTime":0.30774399638175964,"V":4,"E":5}