{"maxFlow":84,"minCut":[19999],"initializationTime":1754.9033203125,"executionTime":18919.951171875,"totalTime":20674.853515625,"V":20000,"E":396420}