{"maxFlow":39,"minCut":[999],"initializationTime":6.1426239013671875,"executionTime":55.83590316772461,"totalTime":61.9785270690918,"V":1000,"E":13926}