{"maxFlow":149,"minCut":[29999],"initializationTime":1.3609280586242676,"executionTime":199.0683135986328,"totalTime":200.4292449951172,"V":30000,"E":309252}