{"maxFlow":68,"minCut":[99,38,81,85,16,17,24,33,47,66,73,30,91,3,23,26,28,95,45,54,57,19,53,55,61,72,77,80,90,5,48,1,13,25,31,60,74,93,34,41,98,22,32,63,86,88,89,6,9,21,27,43,64,52,56,83,49,51,59,67,4,36,42,58,62,76,87,10,35,12,75,69,71,82,96,14,97,11,20,65,8,40,44,94,79,84,37,92,39,29,68,15,18,78,50,7,70,2,46],"initializationTime":0.13247999548912048,"executionTime":1.3625600337982178,"totalTime":1.4950400590896606,"V":100,"E":459}