{"maxFlow":84,"minCut":[19999],"initializationTime":1.0262399911880493,"executionTime":152.683837890625,"totalTime":153.7100830078125,"V":20000,"E":198210}