{"maxFlow":84,"minCut":[19999],"initializationTime":1.3427200317382813,"executionTime":153.58700561523438,"totalTime":154.9297332763672,"V":20000,"E":198210}