{"maxFlow":6,"minCut":[3],"initializationTime":0.10463999956846237,"executionTime":0.19920000433921814,"totalTime":0.3038400113582611,"V":4,"E":5}