{"maxFlow":11,"minCut":[5,3],"initializationTime":0.09913600236177444,"executionTime":0.1714559942483902,"totalTime":0.27059200406074524,"V":6,"E":8}