{"maxFlow":11,"minCut":[5,3],"initializationTime":0.14899200201034546,"executionTime":1.82697594165802,"totalTime":1.9759680032730103,"V":6,"E":8}