{"maxFlow":149,"minCut":[29999],"initializationTime":1.3793280124664307,"executionTime":200.01318359375,"totalTime":201.39251708984375,"V":30000,"E":309252}