{"maxFlow":11,"minCut":[5,3],"initializationTime":0.17158399522304535,"executionTime":0.31305599212646484,"totalTime":0.4846400022506714,"V":6,"E":8}