{"maxFlow":39,"minCut":[999],"initializationTime":6.140927791595459,"executionTime":41.01865768432617,"totalTime":47.159584045410156,"V":1000,"E":13926}