{"maxFlow":68,"minCut":[99,16,38,81,45,54,57,66,95,24,33,47,73,30,85,87,91,4,13,14,41,42,55,63,97,10,11,20,22,65,8,19,23,25,40,59,74,75,32,52,86,88,89,26,44,69,82,96,98,5,48,1,31,60,93,34,53,6,9,17,21,27,43,64,77,56,83,3,28,35,51,76,67,15,37,80,90,49,62,92,7,58,70,79,29,94,84,71,12,61,78,36,46,2,50,72,39,68,18],"initializationTime":0.13548800349235535,"executionTime":1.355296015739441,"totalTime":1.4907840490341187,"V":100,"E":459}