{"maxFlow":84,"minCut":[19999],"initializationTime":1736.0350341796875,"executionTime":18886.25,"totalTime":20622.28515625,"V":20000,"E":396420}