{"maxFlow":6,"minCut":[3],"initializationTime":0.15769599378108978,"executionTime":2.1144959926605225,"totalTime":2.2721920013427734,"V":4,"E":5}