{"maxFlow":11,"minCut":[5,3],"initializationTime":0.1629759967327118,"executionTime":1.4006719589233398,"totalTime":1.563647985458374,"V":6,"E":8}