{"maxFlow":76,"minCut":[9999],"initializationTime":456.5360107421875,"executionTime":4282.259765625,"totalTime":4738.7958984375,"V":10000,"E":184714}