{"maxFlow":149,"minCut":[29999],"initializationTime":3901.859619140625,"executionTime":37524.3671875,"totalTime":41426.2265625,"V":30000,"E":618504}