{"maxFlow":6,"minCut":[3],"initializationTime":0.13731199502944946,"executionTime":0.30819201469421387,"totalTime":0.44550400972366333,"V":4,"E":5}