{"maxFlow":149,"minCut":[29999],"initializationTime":3901.754638671875,"executionTime":37087.69921875,"totalTime":40989.453125,"V":30000,"E":618504}