{"maxFlow":39,"minCut":[999],"initializationTime":6.173151969909668,"executionTime":55.83203125,"totalTime":62.005184173583984,"V":1000,"E":13926}