{"maxFlow":76,"minCut":[9999],"initializationTime":514.867919921875,"executionTime":4287.82958984375,"totalTime":4802.697265625,"V":10000,"E":184714}