{"maxFlow":11,"minCut":[5,3],"initializationTime":0.12163200229406357,"executionTime":1.8851840496063232,"totalTime":2.0068159103393555,"V":6,"E":8}