{"maxFlow":76,"minCut":[9999],"initializationTime":0.6127359867095947,"executionTime":77.60841369628906,"totalTime":78.22115325927734,"V":10000,"E":92357}