{"maxFlow":84,"minCut":[19999],"initializationTime":1752.5189208984375,"executionTime":18892.044921875,"totalTime":20644.564453125,"V":20000,"E":396420}