{"maxFlow":11,"minCut":[5,3],"initializationTime":0.12163200229406357,"executionTime":0.20214399695396423,"totalTime":0.3237760066986084,"V":6,"E":8}