{"maxFlow":149,"minCut":[29999],"initializationTime":3964.543701171875,"executionTime":37555.140625,"totalTime":41519.6875,"V":30000,"E":618504}