{"maxFlow":84,"minCut":[19999],"initializationTime":1738.6353759765625,"executionTime":18837.548828125,"totalTime":20576.18359375,"V":20000,"E":396420}