{"maxFlow":6,"minCut":[3],"initializationTime":0.13449600338935852,"executionTime":1.505952000617981,"totalTime":1.640447974205017,"V":4,"E":5}