{"maxFlow":68,"minCut":[99,38,58,81,24,33,47,66,73,25,27,29,46,53,59,63,75,80,94,30,85,87,5,48,1,13,19,31,55,60,74,91,93,4,34,41,98,16,22,32,52,54,88,89,6,9,17,21,43,64,77,28,57,71,78,7,8,18,36,69,76,3,10,15,37,70,23,39,40,67,11,42,79,84,86,2,50,72,45,49,68,61,20,51,56,82,83,26,95,35,65,12,44,62,92,96,90,97,14],"initializationTime":0.12547199428081512,"executionTime":1.338304042816162,"totalTime":1.4637759923934937,"V":100,"E":459}