{"maxFlow":39,"minCut":[999],"initializationTime":4.987743854522705,"executionTime":50.4648323059082,"totalTime":55.45257568359375,"V":1000,"E":13926}