{"maxFlow":149,"minCut":[29999],"initializationTime":2.322848081588745,"executionTime":200.42745971679688,"totalTime":202.75030517578125,"V":30000,"E":309252}