{"maxFlow":39,"minCut":[999],"initializationTime":5.198207855224609,"executionTime":39.92390441894531,"totalTime":45.12211227416992,"V":1000,"E":13926}