{"maxFlow":6,"minCut":[3],"initializationTime":0.11049599945545197,"executionTime":1.3130240440368652,"totalTime":1.4235199689865112,"V":4,"E":5}