{"maxFlow":76,"minCut":[9999],"initializationTime":446.8798522949219,"executionTime":4307.16796875,"totalTime":4754.0478515625,"V":10000,"E":184714}