{"maxFlow":84,"minCut":[19999],"initializationTime":1.3643519878387451,"executionTime":153.64566040039063,"totalTime":155.010009765625,"V":20000,"E":198210}