{"maxFlow":84,"minCut":[19999],"initializationTime":1.0194239616394043,"executionTime":152.59896850585938,"totalTime":153.61839294433594,"V":20000,"E":198210}