{"maxFlow":6,"minCut":[3],"initializationTime":0.09647999703884125,"executionTime":0.19631999731063843,"totalTime":0.29280000925064087,"V":4,"E":5}