{"maxFlow":149,"minCut":[29999],"initializationTime":1.948032021522522,"executionTime":200.3203125,"totalTime":202.2683563232422,"V":30000,"E":309252}