{"maxFlow":39,"minCut":[999],"initializationTime":0.2269439995288849,"executionTime":8.847040176391602,"totalTime":9.073984146118164,"V":1000,"E":6963}