{"maxFlow":11,"minCut":[5,3],"initializationTime":0.16742399334907532,"executionTime":0.3164159953594208,"totalTime":0.4838399887084961,"V":6,"E":8}