{"maxFlow":149,"minCut":[29999],"initializationTime":3904.447021484375,"executionTime":37531.01171875,"totalTime":41435.45703125,"V":30000,"E":618504}