{"maxFlow":11,"minCut":[5,3],"initializationTime":0.12902399897575378,"executionTime":0.21395200490951538,"totalTime":0.34297600388526917,"V":6,"E":8}