{"maxFlow":11,"minCut":[5,3],"initializationTime":0.16998399794101715,"executionTime":0.3176639974117279,"totalTime":0.48764801025390625,"V":6,"E":8}