{"maxFlow":149,"minCut":[29999],"initializationTime":3942.643310546875,"executionTime":37499.63671875,"totalTime":41442.27734375,"V":30000,"E":618504}