{"maxFlow":76,"minCut":[9999],"initializationTime":440.67431640625,"executionTime":4230.32177734375,"totalTime":4670.99609375,"V":10000,"E":184714}