{"maxFlow":149,"minCut":[29999],"initializationTime":1.4127360582351685,"executionTime":199.0741424560547,"totalTime":200.48687744140625,"V":30000,"E":309252}