{"maxFlow":84,"minCut":[19999],"initializationTime":0.997215986251831,"executionTime":151.4497528076172,"totalTime":152.4469757080078,"V":20000,"E":198210}