{"maxFlow":11,"minCut":[5,3],"initializationTime":0.16752000153064728,"executionTime":0.31228798627853394,"totalTime":0.4798080027103424,"V":6,"E":8}