{"maxFlow":76,"minCut":[9999],"initializationTime":515.0728759765625,"executionTime":4343.9580078125,"totalTime":4859.03076171875,"V":10000,"E":184714}