{"maxFlow":6,"minCut":[3],"initializationTime":0.16278399527072906,"executionTime":0.36611199378967285,"totalTime":0.5288959741592407,"V":4,"E":5}