{"maxFlow":84,"minCut":[19999],"initializationTime":1.0290559530258179,"executionTime":151.40975952148438,"totalTime":152.43881225585938,"V":20000,"E":198210}