{"maxFlow":6,"minCut":[3],"initializationTime":0.18911999464035034,"executionTime":1.807968020439148,"totalTime":1.9970879554748535,"V":4,"E":5}