{"maxFlow":11,"minCut":[5,3],"initializationTime":0.16179199516773224,"executionTime":1.80348801612854,"totalTime":1.9652800559997559,"V":6,"E":8}