{"maxFlow":35,"minCut":[99,4,7,16,17,21,38,61,85,3,19,18,24,33,5,39,56,23,26,28,81,12,1,2,13,25,31,6,8,30,10,34,47,41,53,27,42,58,71,32,29,46,20,49,68,15,40,36,52],"initializationTime":0.15824000537395477,"executionTime":2.3637759685516357,"totalTime":2.5220160484313965,"V":100,"E":459}