{"maxFlow":149,"minCut":[29999],"initializationTime":1.385632038116455,"executionTime":200.24896240234375,"totalTime":201.6345977783203,"V":30000,"E":309252}