{"maxFlow":6,"minCut":[3],"initializationTime":0.138047993183136,"executionTime":0.33158400654792786,"totalTime":0.46963199973106384,"V":4,"E":5}