{"maxFlow":48947,"minCut":[1,5383,5767,8455,8839,9223,9607,9985,9991,10369,10375,10759,11143,15361,16129,18433,23047,23431,23815,24199,24583,24967,25178,25180,25351,25562,25735,26119,26503,26887,27271,27655,28039,28144,28423,28807,35957,36343,36591,36715,36727,36728,37095,37096,37111,37112,37360,37497,37744,38128,40705,41473,41857,43291,43680,45597,47137,47521,47905,48288,51160,51353,51544,51737,52121,53905,55231,55619,55868,56252,56962,58268,58653,61395,65095,68578,69505,69889,73892,81188,81572,81956,82561,97656,97991,97992,98040,98424,98822,98823,99192,99394,99778,100344,101509,101510,102312,102696,103428,104244,105749,106135,106136,107670,107671,107693,108054,108076,108077,108438,108459,108460,108844,109228,109273,109583,109591,109597,109996,4999,6151,8071,23432,24200,24968,25179,24796,25352,25563,26504,36344,36592,36975,36729,36711,36712,37113,36976,37359,37743,38127,41089,43292,45598,48289,50969,51928,61011,61396,61779,65096,81573,98808,98439,98824,99576,99010,100162,99960,101893,101894,102313,103044,103860,105750,106133,106134,107669,107672,108055,107692,108053,108461,108437,108439,108075,108843,109229,109612,109584,109592,109213,109981,109997,6535,7687,23048,23816,24584,24795,25736,26120,26888,35960,61012,61780,98440,99208,99009,100546,101929,102660,106517,106518,107288,108056,108440,109613,109200,109585,109968,109976,109980,110365,110381,6919,7303,27272,99592,98625,99393,100545,106904,109201,109967,109969,109975,109977,110360,109596,109979,110364,27656,99591,99976,98241,99777,100161,106520,106903,108817,109966,110351,109970,110353,110359,109978,110361,110363,28040,99207,99975,100360,106519,109582,110350,110352,109971,110354,110358,110362,100744,109581,109972,110355,109974,110357,100745,101128,109197,109965,109588,109973,110356,109590,101129,101512,109198,110349,109589,101130,101513,101511,101896,109199,101514,101897,101895,101898,102281,102279,102282,102280,102665,102666,102664,103049,103050,103048,103433,103434],"initializationTime":3.7497599124908447,"executionTime":3496.868408203125,"totalTime":3500.6181640625,"V":110594,"E":496135}