{"maxFlow":11,"minCut":[5,3],"initializationTime":0.10409600287675858,"executionTime":1.041152000427246,"totalTime":1.1452480554580688,"V":6,"E":8}