{"maxFlow":149,"minCut":[29999],"initializationTime":1.3511040210723877,"executionTime":198.8579559326172,"totalTime":200.2090606689453,"V":30000,"E":618504}