{"maxFlow":6,"minCut":[3],"initializationTime":0.14377599954605103,"executionTime":2.182368040084839,"totalTime":2.326143980026245,"V":4,"E":5}