{"maxFlow":39,"minCut":[999],"initializationTime":0.169855996966362,"executionTime":8.634655952453613,"totalTime":8.804512023925781,"V":1000,"E":13926}