{"maxFlow":68,"minCut":[99,58,85,25,27,29,46,53,63,75,80,94,3,17,23,26,28,81,95,5,33,57,71,78,1,7,8,18,36,52,69,73,76,89,98,10,21,37,70,39,40,67,11,42,47,79,84,86,22,38,45,60,66,48,49,68,88,4,34,61,9,19,20,51,56,82,6,32,54,55,62,87,72,77,13,35,12,43,30,91,16,44,96,24,74,93,59,64,83,15,14,65,31,41,92,50,90,97,2],"initializationTime":0.1236800029873848,"executionTime":1.3615360260009766,"totalTime":1.4852160215377808,"V":100,"E":918}