{"maxFlow":6,"minCut":[3],"initializationTime":0.12905600666999817,"executionTime":2.11027193069458,"totalTime":2.239327907562256,"V":4,"E":5}