{"maxFlow":11,"minCut":[5,3],"initializationTime":0.15769599378108978,"executionTime":1.3832000494003296,"totalTime":1.5408960580825806,"V":6,"E":8}