{"maxFlow":76,"minCut":[9999],"initializationTime":0.6319680213928223,"executionTime":78.19097900390625,"totalTime":78.82294464111328,"V":10000,"E":184714}