{"maxFlow":11,"minCut":[5,3],"initializationTime":0.15590399503707886,"executionTime":1.4078400135040283,"totalTime":1.5637439489364624,"V":6,"E":8}