{"maxFlow":39,"minCut":[999],"initializationTime":0.1817599982023239,"executionTime":8.610655784606934,"totalTime":8.792415618896484,"V":1000,"E":13926}