{"maxFlow":76,"minCut":[9999],"initializationTime":0.7479360103607178,"executionTime":78.82816314697266,"totalTime":79.57609558105469,"V":10000,"E":184714}