{"maxFlow":68,"minCut":[99,58,81,85,27,46,53,59,63,75,80,94,30,38,91,3,17,23,26,28,95,1,7,8,18,36,52,69,73,76,98,39,40,67,11,42,47,71,79,84,86,2,10,31,50,72,93,22,45,60,66,70,29,48,49,57,68,88,4,61,9,19,20,51,56,82,21,41,83,16,24,33,34,6,32,54,55,62,64,87,77,90,13,35,12,25,43,89,44,96,37,15,14,74,5,65,78,92,97],"initializationTime":0.13129599392414093,"executionTime":1.329375982284546,"totalTime":1.4606720209121704,"V":100,"E":918}