{"maxFlow":11,"minCut":[5,3],"initializationTime":0.16950400173664093,"executionTime":0.3088639974594116,"totalTime":0.47836801409721375,"V":6,"E":8}