{"maxFlow":6,"minCut":[3],"initializationTime":0.8214719891548157,"executionTime":7.41212797164917,"totalTime":8.233599662780762,"V":4,"E":5}