{"maxFlow":149,"minCut":[29999],"initializationTime":3942.54638671875,"executionTime":37361.51953125,"totalTime":41304.06640625,"V":30000,"E":618504}