{"maxFlow":11,"minCut":[5,3],"initializationTime":0.15564799308776855,"executionTime":1.3472319841384888,"totalTime":1.5028799772262573,"V":6,"E":8}