{"maxFlow":84,"minCut":[19999],"initializationTime":0.9963840246200562,"executionTime":152.46482849121094,"totalTime":153.46121215820313,"V":20000,"E":396420}