{"maxFlow":76,"minCut":[9999],"initializationTime":0.6246399879455566,"executionTime":78.18428802490234,"totalTime":78.80892944335938,"V":10000,"E":184714}