{"maxFlow":6,"minCut":[3],"initializationTime":0.18227200210094452,"executionTime":1.710528016090393,"totalTime":1.892799973487854,"V":4,"E":5}