{"maxFlow":149,"minCut":[29999],"initializationTime":1.382912039756775,"executionTime":198.2940216064453,"totalTime":199.6769256591797,"V":30000,"E":618504}