{"maxFlow":84,"minCut":[19999],"initializationTime":0.9987840056419373,"executionTime":151.4279022216797,"totalTime":152.4266815185547,"V":20000,"E":396420}