{"maxFlow":149,"minCut":[29999],"initializationTime":3957.861572265625,"executionTime":37509.24609375,"totalTime":41467.10546875,"V":30000,"E":618504}