{"maxFlow":11,"minCut":[5,3],"initializationTime":0.11059200018644333,"executionTime":0.17228800058364868,"totalTime":0.2828800082206726,"V":6,"E":8}