{"maxFlow":11,"minCut":[5,3],"initializationTime":0.15990400314331055,"executionTime":0.3238080143928528,"totalTime":0.48371198773384094,"V":6,"E":8}