{"maxFlow":76,"minCut":[9999],"initializationTime":443.9302673339844,"executionTime":4337.8876953125,"totalTime":4781.818359375,"V":10000,"E":184714}