{"maxFlow":84,"minCut":[19999],"initializationTime":1.033087968826294,"executionTime":152.5565185546875,"totalTime":153.589599609375,"V":20000,"E":396420}