{"maxFlow":6,"minCut":[3],"initializationTime":0.16457599401474,"executionTime":0.38153600692749023,"totalTime":0.5461120009422302,"V":4,"E":5}