{"maxFlow":149,"minCut":[29999],"initializationTime":3951.03271484375,"executionTime":37028.9296875,"totalTime":40979.9609375,"V":30000,"E":618504}