{"maxFlow":6,"minCut":[3],"initializationTime":0.13715200126171112,"executionTime":0.3168320059776306,"totalTime":0.45398399233818054,"V":4,"E":5}