{"maxFlow":39,"minCut":[999],"initializationTime":6.039519786834717,"executionTime":55.805633544921875,"totalTime":61.84515380859375,"V":1000,"E":13926}