{"maxFlow":84,"minCut":[19999],"initializationTime":1754.3275146484375,"executionTime":18825.93359375,"totalTime":20580.26171875,"V":20000,"E":396420}