{"maxFlow":84,"minCut":[19999],"initializationTime":1.025920033454895,"executionTime":151.3642578125,"totalTime":152.3901824951172,"V":20000,"E":396420}