{"maxFlow":68,"minCut":[99,58,81,85,27,29,46,53,63,75,80,94,30,38,87,91,3,17,23,26,28,95,1,7,8,18,36,52,69,73,76,98,10,21,37,70,39,40,67,11,42,47,71,79,84,86,4,22,45,60,66,48,49,57,68,88,34,61,9,19,20,51,56,82,31,41,83,24,33,32,35,59,6,54,55,62,64,72,77,90,13,12,25,43,89,16,44,96,15,14,74,93,5,65,50,78,92,97,2],"initializationTime":0.1194240003824234,"executionTime":1.3117120265960693,"totalTime":1.4311360120773315,"V":100,"E":918}