{"maxFlow":149,"minCut":[29999],"initializationTime":1.4031039476394653,"executionTime":198.44912719726563,"totalTime":199.8522186279297,"V":30000,"E":618504}