{"maxFlow":149,"minCut":[29999],"initializationTime":3960.338134765625,"executionTime":37570.8203125,"totalTime":41531.16015625,"V":30000,"E":618504}