{"maxFlow":84,"minCut":[19999],"initializationTime":1762.240966796875,"executionTime":18875.1875,"totalTime":20637.4296875,"V":20000,"E":396420}