{"maxFlow":39,"minCut":[999],"initializationTime":5.458816051483154,"executionTime":40.707393646240234,"totalTime":46.16620635986328,"V":1000,"E":13926}