{"maxFlow":39,"minCut":[999],"initializationTime":0.17238399386405945,"executionTime":8.565216064453125,"totalTime":8.737600326538086,"V":1000,"E":13926}