{"maxFlow":6,"minCut":[3],"initializationTime":0.1125440001487732,"executionTime":2.2920639514923096,"totalTime":2.4046080112457275,"V":4,"E":5}