{"maxFlow":149,"minCut":[29999],"initializationTime":4004.857666015625,"executionTime":37668.89453125,"totalTime":41673.75,"V":30000,"E":618504}