{"maxFlow":6,"minCut":[3],"initializationTime":0.14131200313568115,"executionTime":1.8629120588302612,"totalTime":2.0042240619659424,"V":4,"E":5}