{"maxFlow":39,"minCut":[999],"initializationTime":0.17795200645923615,"executionTime":8.662816047668457,"totalTime":8.840767860412598,"V":1000,"E":13926}