{"maxFlow":84,"minCut":[19999],"initializationTime":1.0146559476852417,"executionTime":151.34060668945313,"totalTime":152.3552703857422,"V":20000,"E":396420}