{"maxFlow":149,"minCut":[29999],"initializationTime":3929.751708984375,"executionTime":37516.71484375,"totalTime":41446.46484375,"V":30000,"E":618504}