{"maxFlow":76,"minCut":[9999],"initializationTime":516.2653198242188,"executionTime":4286.3125,"totalTime":4802.57763671875,"V":10000,"E":184714}