{"maxFlow":149,"minCut":[29999],"initializationTime":1.4050559997558594,"executionTime":197.98851013183594,"totalTime":199.39356994628906,"V":30000,"E":618504}