{"maxFlow":68,"minCut":[99,58,81,85,25,27,29,46,53,59,63,75,80,94,30,38,91,3,17,23,26,28,95,5,57,71,78,1,7,8,18,36,52,69,73,76,98,10,21,37,70,39,40,67,11,42,47,79,84,86,2,31,50,72,93,4,22,45,60,66,48,49,68,88,34,61,9,19,20,51,56,82,41,83,16,24,33,6,32,54,55,62,64,87,77,90,13,35,12,43,89,96,74,15,14,44,65,92,97],"initializationTime":0.13769599795341492,"executionTime":1.3728959560394287,"totalTime":1.510591983795166,"V":100,"E":918}