{"maxFlow":76,"minCut":[9999],"initializationTime":0.6111040115356445,"executionTime":77.4730224609375,"totalTime":78.0841293334961,"V":10000,"E":184714}