{"maxFlow":39,"minCut":[999],"initializationTime":4.922048091888428,"executionTime":54.73302459716797,"totalTime":59.65507125854492,"V":1000,"E":13926}