{"maxFlow":6,"minCut":[3],"initializationTime":0.15804800391197205,"executionTime":0.3378239870071411,"totalTime":0.49587199091911316,"V":4,"E":5}