{"maxFlow":84,"minCut":[19999],"initializationTime":1882.7935791015625,"executionTime":18617.046875,"totalTime":20499.83984375,"V":20000,"E":396420}