{"maxFlow":84,"minCut":[19999],"initializationTime":1746.9688720703125,"executionTime":18823.283203125,"totalTime":20570.251953125,"V":20000,"E":396420}