{"maxFlow":6,"minCut":[3],"initializationTime":0.1236800029873848,"executionTime":0.29468798637390137,"totalTime":0.41836801171302795,"V":4,"E":5}