{"maxFlow":11,"minCut":[5,3],"initializationTime":0.14918400347232819,"executionTime":1.8417600393295288,"totalTime":1.9909440279006958,"V":6,"E":8}