{"maxFlow":39,"minCut":[999],"initializationTime":5.421631813049316,"executionTime":39.93571090698242,"totalTime":45.35734558105469,"V":1000,"E":13926}