{"maxFlow":39,"minCut":[999],"initializationTime":0.17187200486660004,"executionTime":8.567904472351074,"totalTime":8.739775657653809,"V":1000,"E":13926}