{"maxFlow":84,"minCut":[19999],"initializationTime":1.0215040445327759,"executionTime":151.45484924316406,"totalTime":152.47634887695313,"V":20000,"E":396420}