{"maxFlow":39,"minCut":[999],"initializationTime":5.500448226928711,"executionTime":45.96646499633789,"totalTime":51.46691131591797,"V":1000,"E":13926}