{"maxFlow":76,"minCut":[9999],"initializationTime":442.1443176269531,"executionTime":4297.27197265625,"totalTime":4739.41650390625,"V":10000,"E":184714}