{"maxFlow":39,"minCut":[999],"initializationTime":0.18326400220394135,"executionTime":8.677599906921387,"totalTime":8.86086368560791,"V":1000,"E":13926}