{"maxFlow":68,"minCut":[99,58,81,27,29,46,53,59,63,75,80,94,30,38,85,87,91,1,7,8,18,36,52,69,73,76,98,3,10,15,21,37,70,23,39,40,67,11,17,42,47,71,79,84,86,2,31,50,72,93,22,45,60,66,28,48,49,57,68,88,4,34,61,9,19,20,51,56,82,41,83,16,24,33,26,95,32,35,55,64,12,13,14,44,62,74,6,5,65,43,77,96,54,89,90,78,25,92,97],"initializationTime":0.11542399972677231,"executionTime":1.4831039905548096,"totalTime":1.5985280275344849,"V":100,"E":918}