{"maxFlow":149,"minCut":[29999],"initializationTime":3957.94677734375,"executionTime":37546.67578125,"totalTime":41504.62109375,"V":30000,"E":618504}