{"maxFlow":76,"minCut":[9999],"initializationTime":0.6315839886665344,"executionTime":77.58544158935547,"totalTime":78.21702575683594,"V":10000,"E":184714}