{"maxFlow":6,"minCut":[3],"initializationTime":0.12492799758911133,"executionTime":0.30451199412345886,"totalTime":0.4294399917125702,"V":4,"E":5}