{"maxFlow":39,"minCut":[999],"initializationTime":0.2025279998779297,"executionTime":8.60694408416748,"totalTime":8.80947208404541,"V":1000,"E":13926}