{"maxFlow":149,"minCut":[29999],"initializationTime":3922.15869140625,"executionTime":37689.55859375,"totalTime":41611.71875,"V":30000,"E":618504}