{"maxFlow":6,"minCut":[3],"initializationTime":0.1456640064716339,"executionTime":0.31804800033569336,"totalTime":0.46371200680732727,"V":4,"E":5}