{"maxFlow":84,"minCut":[19999],"initializationTime":1.3368959426879883,"executionTime":153.8579864501953,"totalTime":155.19488525390625,"V":20000,"E":396420}