{"maxFlow":11,"minCut":[5,3],"initializationTime":0.10451199859380722,"executionTime":0.17334400117397308,"totalTime":0.2778559923171997,"V":6,"E":8}