{"maxFlow":84,"minCut":[19999],"initializationTime":1890.58935546875,"executionTime":18910.203125,"totalTime":20800.791015625,"V":20000,"E":396420}