{"maxFlow":149,"minCut":[29999],"initializationTime":3934.491455078125,"executionTime":37469.11328125,"totalTime":41403.60546875,"V":30000,"E":618504}