{"maxFlow":6,"minCut":[3],"initializationTime":0.15174399316310883,"executionTime":1.6805440187454224,"totalTime":1.8322880268096924,"V":4,"E":5}