{"maxFlow":76,"minCut":[9999],"initializationTime":0.8765439987182617,"executionTime":78.36271667480469,"totalTime":79.23926544189453,"V":10000,"E":184714}