{"maxFlow":76,"minCut":[9999],"initializationTime":515.7550659179688,"executionTime":4308.779296875,"totalTime":4824.5341796875,"V":10000,"E":184714}