{"maxFlow":68,"minCut":[99,58,81,25,27,29,46,53,59,63,75,94,30,38,85,91,5,28,57,71,78,1,7,8,18,36,52,69,73,76,98,3,10,21,37,70,80,23,39,40,67,11,17,42,47,79,84,86,2,31,50,72,93,22,45,60,66,48,49,68,88,9,19,20,51,56,82,41,83,24,33,26,95,34,61,12,43,89,16,74,62,64,32,55,15,35,13,14,44,6,65,77,87,96,4,54,90,92,97],"initializationTime":0.11654400080442429,"executionTime":1.412608027458191,"totalTime":1.5291520357131958,"V":100,"E":918}