{"maxFlow":84,"minCut":[19999],"initializationTime":1761.5230712890625,"executionTime":18963.59375,"totalTime":20725.1171875,"V":20000,"E":396420}