{"maxFlow":84,"minCut":[19999],"initializationTime":0.9906880259513855,"executionTime":153.93104553222656,"totalTime":154.92172241210938,"V":20000,"E":396420}