{"maxFlow":76,"minCut":[9999],"initializationTime":0.8789439797401428,"executionTime":78.9836196899414,"totalTime":79.86255645751953,"V":10000,"E":184714}