{"maxFlow":11,"minCut":[5,3],"initializationTime":0.10320000350475311,"executionTime":0.17801600694656372,"totalTime":0.28121599555015564,"V":6,"E":8}