{"maxFlow":149,"minCut":[29999],"initializationTime":1.9411519765853882,"executionTime":201.5536651611328,"totalTime":203.49481201171875,"V":30000,"E":618504}