{"maxFlow":11,"minCut":[5,3],"initializationTime":0.1297599971294403,"executionTime":0.2639999985694885,"totalTime":0.39375999569892883,"V":6,"E":8}