{"maxFlow":149,"minCut":[29999],"initializationTime":3938.18798828125,"executionTime":37725.3046875,"totalTime":41663.4921875,"V":30000,"E":618504}