{"maxFlow":6,"minCut":[3],"initializationTime":0.10444799810647964,"executionTime":1.2591999769210815,"totalTime":1.3636480569839478,"V":4,"E":5}