{"maxFlow":76,"minCut":[9999],"initializationTime":0.6107519865036011,"executionTime":77.55318450927734,"totalTime":78.16393280029297,"V":10000,"E":184714}