{"maxFlow":84,"minCut":[19999],"initializationTime":1864.818603515625,"executionTime":18889.865234375,"totalTime":20754.68359375,"V":20000,"E":396420}