{"maxFlow":11,"minCut":[5,3],"initializationTime":0.10198400169610977,"executionTime":0.1714559942483902,"totalTime":0.27344000339508057,"V":6,"E":8}