{"maxFlow":149,"minCut":[29999],"initializationTime":1.3861440420150757,"executionTime":198.7909393310547,"totalTime":200.17709350585938,"V":30000,"E":618504}