{"maxFlow":6,"minCut":[3],"initializationTime":0.11030399799346924,"executionTime":0.22300800681114197,"totalTime":0.3333120048046112,"V":4,"E":5}