{"maxFlow":39,"minCut":[999],"initializationTime":5.035840034484863,"executionTime":54.68521499633789,"totalTime":59.7210578918457,"V":1000,"E":13926}