{"maxFlow":6,"minCut":[3],"initializationTime":0.11990399658679962,"executionTime":0.21855999529361725,"totalTime":0.33846399188041687,"V":4,"E":5}