{"maxFlow":76,"minCut":[9999],"initializationTime":0.6186559796333313,"executionTime":77.5791015625,"totalTime":78.19776153564453,"V":10000,"E":184714}