{"maxFlow":11,"minCut":[5,3],"initializationTime":0.14739200472831726,"executionTime":1.3923840522766113,"totalTime":1.5397759675979614,"V":6,"E":8}