{"maxFlow":39,"minCut":[999],"initializationTime":0.17126399278640747,"executionTime":8.616415977478027,"totalTime":8.787679672241211,"V":1000,"E":13926}