{"maxFlow":11,"minCut":[5,3],"initializationTime":0.10655999928712845,"executionTime":0.17919999361038208,"totalTime":0.28575998544692993,"V":6,"E":8}