{"maxFlow":76,"minCut":[9999],"initializationTime":447.6356506347656,"executionTime":4239.0712890625,"totalTime":4686.70703125,"V":10000,"E":184714}