{"maxFlow":39,"minCut":[999],"initializationTime":6.200287818908691,"executionTime":52.52665710449219,"totalTime":58.72694396972656,"V":1000,"E":13926}