{"maxFlow":149,"minCut":[29999],"initializationTime":1.4104959964752197,"executionTime":200.02613830566406,"totalTime":201.4366455078125,"V":30000,"E":618504}