{"maxFlow":6,"minCut":[3],"initializationTime":0.11190400272607803,"executionTime":1.2542719841003418,"totalTime":1.3661760091781616,"V":4,"E":5}