{"maxFlow":35,"minCut":[99,4,7,16,17,21,61,85,3,19,47,18,5,39,56,23,26,28,81,33,24,34,38,41,53,1,6,68,8,30,13,10,12,25,2,31,27,42,58,71,52,32,29,46,20,49,15,40,36],"initializationTime":0.20844799280166626,"executionTime":2.2794559001922607,"totalTime":2.4879040718078613,"V":100,"E":459}