{"maxFlow":39,"minCut":[999],"initializationTime":5.148096084594727,"executionTime":54.697792053222656,"totalTime":59.84588623046875,"V":1000,"E":13926}