{"maxFlow":11,"minCut":[5,3],"initializationTime":0.16396799683570862,"executionTime":0.30953601002693176,"totalTime":0.4735040068626404,"V":6,"E":8}