{"maxFlow":84,"minCut":[19999],"initializationTime":0.9984639883041382,"executionTime":152.5768280029297,"totalTime":153.57530212402344,"V":20000,"E":396420}