{"maxFlow":149,"minCut":[29999],"initializationTime":1.385759949684143,"executionTime":200.3112030029297,"totalTime":201.69696044921875,"V":30000,"E":618504}