{"maxFlow":39,"minCut":[999],"initializationTime":0.17375999689102173,"executionTime":8.569215774536133,"totalTime":8.742976188659668,"V":1000,"E":13926}