{"maxFlow":76,"minCut":[9999],"initializationTime":532.877197265625,"executionTime":4331.05419921875,"totalTime":4863.931640625,"V":10000,"E":184714}