{"maxFlow":39,"minCut":[999],"initializationTime":0.18678399920463562,"executionTime":8.577823638916016,"totalTime":8.764608383178711,"V":1000,"E":13926}