{"maxFlow":35,"minCut":[99,7,16,17,21,38,61,85,18,24,33,5,19,39,56,3,23,26,28,81,1,2,13,25,31,4,12,6,8,30,10,47,15,34,41,53,32,27,42,58,71,20,29,46,49,68,40,36,52],"initializationTime":0.11673600226640701,"executionTime":2.4770560264587402,"totalTime":2.593791961669922,"V":100,"E":459}