{"maxFlow":84,"minCut":[19999],"initializationTime":1885.982421875,"executionTime":18938.76171875,"totalTime":20824.744140625,"V":20000,"E":396420}