{"maxFlow":6,"minCut":[3],"initializationTime":0.104032002389431,"executionTime":0.19952000677585602,"totalTime":0.3035520017147064,"V":4,"E":5}