{"maxFlow":6,"minCut":[3],"initializationTime":0.1517760008573532,"executionTime":1.9348479509353638,"totalTime":2.0866239070892334,"V":4,"E":5}