{"maxFlow":11,"minCut":[5,3],"initializationTime":0.16044799983501434,"executionTime":0.3367680013179779,"totalTime":0.49721598625183105,"V":6,"E":8}