{"maxFlow":76,"minCut":[9999],"initializationTime":444.4062805175781,"executionTime":4305.95751953125,"totalTime":4750.36376953125,"V":10000,"E":184714}