{"maxFlow":11,"minCut":[5,3],"initializationTime":0.159743994474411,"executionTime":1.4149760007858276,"totalTime":1.574720025062561,"V":6,"E":8}