{"maxFlow":76,"minCut":[9999],"initializationTime":515.4595336914063,"executionTime":4298.88671875,"totalTime":4814.34619140625,"V":10000,"E":184714}