{"maxFlow":76,"minCut":[9999],"initializationTime":0.6159359812736511,"executionTime":77.77954864501953,"totalTime":78.3954849243164,"V":10000,"E":184714}