{"maxFlow":6,"minCut":[3],"initializationTime":0.10249599814414978,"executionTime":0.22191999852657318,"totalTime":0.32441601157188416,"V":4,"E":5}