{"maxFlow":76,"minCut":[9999],"initializationTime":446.3885498046875,"executionTime":4337.92333984375,"totalTime":4784.3115234375,"V":10000,"E":184714}