{"maxFlow":11,"minCut":[5,3],"initializationTime":0.131071999669075,"executionTime":1.8418560028076172,"totalTime":1.9729280471801758,"V":6,"E":8}