{"maxFlow":11,"minCut":[5,3],"initializationTime":0.1103999987244606,"executionTime":1.0512640476226807,"totalTime":1.1616640090942383,"V":6,"E":8}