{"maxFlow":76,"minCut":[9999],"initializationTime":518.0344848632813,"executionTime":4326.50439453125,"totalTime":4844.5390625,"V":10000,"E":184714}