{"maxFlow":35,"minCut":[99,4,7,16,17,21,61,85,3,19,18,5,39,56,23,26,28,81,33,1,6,68,8,30,13,10,12,25,38,2,31,52,71,24,27,32,49,20,53,15,36,42,47,58,34,41,29,46,40],"initializationTime":0.16569599509239197,"executionTime":2.3186240196228027,"totalTime":2.4843199253082275,"V":100,"E":459}