{"maxFlow":68,"minCut":[99,16,58,81,38,45,54,57,66,95,25,27,46,53,59,63,75,80,94,30,85,87,91,24,33,47,73,4,13,14,41,42,55,97,10,20,22,65,8,19,23,40,74,32,52,86,88,89,26,44,69,71,82,96,98,5,28,78,1,7,18,36,76,39,67,11,17,79,84,2,31,50,72,93,60,70,29,48,49,68,21,34,61,9,51,56,83,3,35,6,43,64,77,15,37,90,62,92,12],"initializationTime":0.13715200126171112,"executionTime":1.3475199937820435,"totalTime":1.484671950340271,"V":100,"E":918}