{"maxFlow":68,"minCut":[99,38,81,85,17,24,33,47,66,73,30,91,3,23,26,28,95,19,53,55,61,72,77,80,90,5,48,1,13,25,31,60,74,93,34,41,98,16,22,32,52,54,86,88,89,6,9,21,27,43,64,56,83,49,51,59,67,4,29,36,42,58,62,87,57,10,35,12,75,44,69,71,82,96,94,11,84,37,45,92,39,68,15,20,18,8,65,76,78,63,50,97,2,7,70,46,40,14,79],"initializationTime":0.12908799946308136,"executionTime":1.376960039138794,"totalTime":1.5060479640960693,"V":100,"E":918}