{"maxFlow":68,"minCut":[99,38,58,81,16,17,24,33,47,66,73,25,27,29,46,53,63,75,94,30,85,87,91,45,54,57,19,55,61,72,77,80,90,5,48,1,13,31,60,74,93,34,41,98,22,32,52,86,88,89,6,9,21,43,64,28,71,78,7,8,18,36,69,76,3,10,15,37,70,23,39,40,67,11,42,79,84,49,68,20,51,56,82,83,26,95,35,4,14,97,65,59,12,44,62,92,96,50,2],"initializationTime":0.13526399433612823,"executionTime":1.3576960563659668,"totalTime":1.492959976196289,"V":100,"E":918}