{"maxFlow":35,"minCut":[99,4,7,16,17,21,61,85,3,19,18,5,39,56,23,26,28,81,33,1,6,68,8,30,13,10,12,25,38,2,31,52,71,24,27,32,49,20,53,15,36,42,47,58,34,41,29,46,40],"initializationTime":0.15769599378108978,"executionTime":2.3582398891448975,"totalTime":2.5159358978271484,"V":100,"E":459}