{"maxFlow":84,"minCut":[19999],"initializationTime":1764.8798828125,"executionTime":18945.025390625,"totalTime":20709.904296875,"V":20000,"E":396420}