{"maxFlow":35,"minCut":[99,7,16,17,21,38,61,85,18,24,33,5,19,39,56,3,23,26,28,81,1,2,13,25,31,4,12,6,68,8,30,10,15,52,71,29,27,32,49,20,53,58,36,42,47,46,34,41,40],"initializationTime":0.15702399611473083,"executionTime":2.381376028060913,"totalTime":2.5383999347686768,"V":100,"E":459}