{"maxFlow":84,"minCut":[19999],"initializationTime":1751.6392822265625,"executionTime":18869.0390625,"totalTime":20620.6796875,"V":20000,"E":396420}