{"maxFlow":84,"minCut":[19999],"initializationTime":1.0,"executionTime":151.50387573242188,"totalTime":152.50387573242188,"V":20000,"E":396420}