{"maxFlow":149,"minCut":[29999],"initializationTime":1.4202879667282104,"executionTime":198.62063598632813,"totalTime":200.04092407226563,"V":30000,"E":618504}