{"maxFlow":39,"minCut":[999],"initializationTime":6.442048072814941,"executionTime":55.98044967651367,"totalTime":62.4224967956543,"V":1000,"E":13926}