{"maxFlow":39,"minCut":[999],"initializationTime":5.048351764678955,"executionTime":40.18479919433594,"totalTime":45.233150482177734,"V":1000,"E":13926}