{"maxFlow":11,"minCut":[5,3],"initializationTime":0.15600000321865082,"executionTime":1.8047360181808472,"totalTime":1.9607360363006592,"V":6,"E":8}