{"maxFlow":149,"minCut":[29999],"initializationTime":1.3933759927749634,"executionTime":200.328857421875,"totalTime":201.7222442626953,"V":30000,"E":618504}