{"maxFlow":5288,"minCut":[],"initializationTime":6.557759761810303,"executionTime":70.98332977294922,"totalTime":77.54108428955078,"V":1000,"E":999000}