{"maxFlow":2705,"minCut":[],"initializationTime":2.1616320610046387,"executionTime":145.6262969970703,"totalTime":147.78793334960938,"V":1000,"E":499792}