{"maxFlow":3554,"minCut":[],"initializationTime":12.642720222473145,"executionTime":78.7413101196289,"totalTime":91.384033203125,"V":1000,"E":699489}