{"maxFlow":3554,"minCut":[],"initializationTime":1.6119999885559082,"executionTime":76.78102111816406,"totalTime":78.39302062988281,"V":1000,"E":699489}