{"maxFlow":2705,"minCut":[],"initializationTime":1.3413759469985962,"executionTime":68.69213104248047,"totalTime":70.03350067138672,"V":1000,"E":499792}