{"maxFlow":5288,"minCut":[],"initializationTime":1.638335943222046,"executionTime":61.44412612915039,"totalTime":63.082462310791016,"V":1000,"E":999000}