{"maxFlow":1045,"minCut":[],"initializationTime":1.1325440406799316,"executionTime":39.38780975341797,"totalTime":40.52035140991211,"V":1000,"E":199816}