{"maxFlow":2121,"minCut":[],"initializationTime":1.9900799989700317,"executionTime":119.05967712402344,"totalTime":121.04975891113281,"V":1000,"E":399515}