{"maxFlow":533,"minCut":[],"initializationTime":0.7823359966278076,"executionTime":25.96406364440918,"totalTime":26.746400833129883,"V":1000,"E":99554}