{"maxFlow":2705,"minCut":[],"initializationTime":1.802240014076233,"executionTime":145.34556579589844,"totalTime":147.14781188964844,"V":1000,"E":499792}