{"maxFlow":2121,"minCut":[],"initializationTime":1.2579519748687744,"executionTime":105.00390625,"totalTime":106.26185607910156,"V":1000,"E":399515}