{"maxFlow":1460,"minCut":[],"initializationTime":10.02950382232666,"executionTime":74.75849914550781,"totalTime":84.78800201416016,"V":1000,"E":300122}