{"maxFlow":3554,"minCut":[],"initializationTime":10.437760353088379,"executionTime":78.11004638671875,"totalTime":88.54780578613281,"V":1000,"E":699489}