{"maxFlow":3189,"minCut":[],"initializationTime":1.5421439409255981,"executionTime":70.25552368164063,"totalTime":71.79766082763672,"V":1000,"E":599592}