{"maxFlow":3554,"minCut":[],"initializationTime":1.5234559774398804,"executionTime":180.3876495361328,"totalTime":181.91110229492188,"V":1000,"E":699489}