{"maxFlow":2121,"minCut":[],"initializationTime":12.187552452087402,"executionTime":77.7817611694336,"totalTime":89.96931457519531,"V":1000,"E":399515}