{"maxFlow":2121,"minCut":[],"initializationTime":1.8655999898910522,"executionTime":116.80960083007813,"totalTime":118.67520141601563,"V":1000,"E":399515}