{"maxFlow":3189,"minCut":[],"initializationTime":1.5027199983596802,"executionTime":69.79753875732422,"totalTime":71.30025482177734,"V":1000,"E":599592}