{"maxFlow":533,"minCut":[],"initializationTime":0.5910080075263977,"executionTime":18.870975494384766,"totalTime":19.461984634399414,"V":1000,"E":99554}