{"maxFlow":1045,"minCut":[],"initializationTime":1.1512960195541382,"executionTime":39.507328033447266,"totalTime":40.65862274169922,"V":1000,"E":199816}