{"maxFlow":4232,"minCut":[],"initializationTime":1.5956799983978271,"executionTime":185.41311645507813,"totalTime":187.00880432128906,"V":1000,"E":798960}