{"maxFlow":3554,"minCut":[],"initializationTime":10.41267204284668,"executionTime":77.64262390136719,"totalTime":88.0552978515625,"V":1000,"E":699489}