{"maxFlow":4232,"minCut":[],"initializationTime":1.6099519729614258,"executionTime":75.38976287841797,"totalTime":76.99971008300781,"V":1000,"E":798960}