{"maxFlow":5288,"minCut":[],"initializationTime":6.623839855194092,"executionTime":70.96482849121094,"totalTime":77.58866882324219,"V":1000,"E":999000}