{"maxFlow":533,"minCut":[],"initializationTime":0.5713919997215271,"executionTime":18.584896087646484,"totalTime":19.156288146972656,"V":1000,"E":99554}