{"maxFlow":533,"minCut":[],"initializationTime":1.0387200117111206,"executionTime":29.586816787719727,"totalTime":30.62553596496582,"V":1000,"E":99554}