{"maxFlow":5288,"minCut":[],"initializationTime":6.6602559089660645,"executionTime":70.96617889404297,"totalTime":77.62643432617188,"V":1000,"E":999000}