{"maxFlow":3554,"minCut":[],"initializationTime":1.5355520248413086,"executionTime":180.6862030029297,"totalTime":182.2217559814453,"V":1000,"E":699489}