{"maxFlow":2705,"minCut":[],"initializationTime":1.3745919466018677,"executionTime":141.6800994873047,"totalTime":143.0546875,"V":1000,"E":499792}