{"maxFlow":5019,"minCut":[],"initializationTime":8.26848030090332,"executionTime":75.7643814086914,"totalTime":84.03286743164063,"V":1000,"E":898956}