{"maxFlow":1460,"minCut":[],"initializationTime":1.5400960445404053,"executionTime":96.523681640625,"totalTime":98.06377410888672,"V":1000,"E":300122}