{"maxFlow":5288,"minCut":[],"initializationTime":1.6480319499969482,"executionTime":182.36082458496094,"totalTime":184.0088653564453,"V":1000,"E":999000}