{"maxFlow":4232,"minCut":[],"initializationTime":1.6512320041656494,"executionTime":185.95916748046875,"totalTime":187.6103973388672,"V":1000,"E":798960}