{"maxFlow":2121,"minCut":[],"initializationTime":1.2492159605026245,"executionTime":96.75494384765625,"totalTime":98.00415802001953,"V":1000,"E":399515}