{"maxFlow":2705,"minCut":[],"initializationTime":2.2038400173187256,"executionTime":145.19375610351563,"totalTime":147.39759826660156,"V":1000,"E":499792}