{"maxFlow":3554,"minCut":[],"initializationTime":1.5433599948883057,"executionTime":76.90198516845703,"totalTime":78.44534301757813,"V":1000,"E":699489}