{"maxFlow":1460,"minCut":[],"initializationTime":1.5275520086288452,"executionTime":96.58870697021484,"totalTime":98.11625671386719,"V":1000,"E":300122}