{"maxFlow":2121,"minCut":[],"initializationTime":11.53382396697998,"executionTime":77.44528198242188,"totalTime":88.9791030883789,"V":1000,"E":399515}