{"maxFlow":1045,"minCut":[],"initializationTime":8.743328094482422,"executionTime":69.94611358642578,"totalTime":78.68943786621094,"V":1000,"E":199816}