{"maxFlow":3189,"minCut":[],"initializationTime":1.4721920490264893,"executionTime":168.63597106933594,"totalTime":170.108154296875,"V":1000,"E":599592}