{"maxFlow":3554,"minCut":[],"initializationTime":1.4970879554748535,"executionTime":76.83846282958984,"totalTime":78.3355484008789,"V":1000,"E":699489}