{"maxFlow":1460,"minCut":[],"initializationTime":1.0364160537719727,"executionTime":95.54096221923828,"totalTime":96.57737731933594,"V":1000,"E":300122}