{"maxFlow":5019,"minCut":[],"initializationTime":1.620192050933838,"executionTime":183.02220153808594,"totalTime":184.64239501953125,"V":1000,"E":898956}