{"maxFlow":2121,"minCut":[],"initializationTime":1.255552053451538,"executionTime":118.59219360351563,"totalTime":119.84774780273438,"V":1000,"E":399515}