{"maxFlow":4232,"minCut":[],"initializationTime":9.240768432617188,"executionTime":76.6475830078125,"totalTime":85.88835144042969,"V":1000,"E":798960}