{"maxFlow":1045,"minCut":[],"initializationTime":8.776543617248535,"executionTime":70.05020904541016,"totalTime":78.82675170898438,"V":1000,"E":199816}