{"maxFlow":2705,"minCut":[],"initializationTime":12.837023735046387,"executionTime":79.0341796875,"totalTime":91.87120056152344,"V":1000,"E":499792}