{"maxFlow":3189,"minCut":[],"initializationTime":1.4610240459442139,"executionTime":70.44956970214844,"totalTime":71.91059112548828,"V":1000,"E":599592}