{"maxFlow":5288,"minCut":[],"initializationTime":1.726688027381897,"executionTime":62.06028747558594,"totalTime":63.7869758605957,"V":1000,"E":999000}