{"maxFlow":1460,"minCut":[],"initializationTime":1.7984319925308228,"executionTime":54.76185607910156,"totalTime":56.56028747558594,"V":1000,"E":300122}