{"maxFlow":2121,"minCut":[],"initializationTime":11.852895736694336,"executionTime":78.2080307006836,"totalTime":90.06092834472656,"V":1000,"E":399515}