{"maxFlow":1045,"minCut":[],"initializationTime":1.1155519485473633,"executionTime":39.58659362792969,"totalTime":40.702144622802734,"V":1000,"E":199816}