{"maxFlow":1045,"minCut":[],"initializationTime":8.836095809936523,"executionTime":69.9339828491211,"totalTime":78.77008056640625,"V":1000,"E":199816}