{"maxFlow":533,"minCut":[],"initializationTime":0.563040018081665,"executionTime":25.210079193115234,"totalTime":25.773120880126953,"V":1000,"E":99554}