{"maxFlow":3189,"minCut":[],"initializationTime":11.978079795837402,"executionTime":78.67561340332031,"totalTime":90.65369415283203,"V":1000,"E":599592}