{"maxFlow":3554,"minCut":[],"initializationTime":1.5637120008468628,"executionTime":76.78118133544922,"totalTime":78.34489440917969,"V":1000,"E":699489}