{"maxFlow":5019,"minCut":[],"initializationTime":7.733280181884766,"executionTime":75.53465270996094,"totalTime":83.26793670654297,"V":1000,"E":898956}