{"maxFlow":1460,"minCut":[],"initializationTime":1.0321919918060303,"executionTime":53.26067352294922,"totalTime":54.29286575317383,"V":1000,"E":300122}