{"maxFlow":1045,"minCut":[],"initializationTime":9.14684772491455,"executionTime":70.21705627441406,"totalTime":79.36390686035156,"V":1000,"E":199816}