{"maxFlow":4232,"minCut":[],"initializationTime":1.5651839971542358,"executionTime":74.14669036865234,"totalTime":75.71186828613281,"V":1000,"E":798960}