{"maxFlow":4232,"minCut":[],"initializationTime":1.6258879899978638,"executionTime":169.82858276367188,"totalTime":171.4544677734375,"V":1000,"E":798960}