{"maxFlow":2121,"minCut":[],"initializationTime":11.965375900268555,"executionTime":77.84099578857422,"totalTime":89.80636596679688,"V":1000,"E":399515}