{"maxFlow":2121,"minCut":[],"initializationTime":1.218783974647522,"executionTime":62.51606369018555,"totalTime":63.73484802246094,"V":1000,"E":399515}