{"maxFlow":5019,"minCut":[],"initializationTime":7.758431911468506,"executionTime":76.01888275146484,"totalTime":83.77731323242188,"V":1000,"E":898956}