{"maxFlow":1045,"minCut":[],"initializationTime":0.8929280042648315,"executionTime":56.754398345947266,"totalTime":57.6473274230957,"V":1000,"E":199816}