{"maxFlow":1460,"minCut":[],"initializationTime":1.7429440021514893,"executionTime":54.45964813232422,"totalTime":56.20259094238281,"V":1000,"E":300122}