{"maxFlow":2121,"minCut":[],"initializationTime":11.462271690368652,"executionTime":77.40748596191406,"totalTime":88.86975860595703,"V":1000,"E":399515}