{"maxFlow":5019,"minCut":[],"initializationTime":1.6690560579299927,"executionTime":183.61056518554688,"totalTime":185.2796173095703,"V":1000,"E":898956}