{"maxFlow":5019,"minCut":[],"initializationTime":1.5974400043487549,"executionTime":173.90914916992188,"totalTime":175.506591796875,"V":1000,"E":898956}