{"maxFlow":1460,"minCut":[],"initializationTime":1.5850880146026611,"executionTime":54.875648498535156,"totalTime":56.46073532104492,"V":1000,"E":300122}