{"maxFlow":5288,"minCut":[],"initializationTime":6.857344150543213,"executionTime":71.24604797363281,"totalTime":78.1033935546875,"V":1000,"E":999000}