{"maxFlow":2121,"minCut":[],"initializationTime":11.937088012695313,"executionTime":77.776611328125,"totalTime":89.71369934082031,"V":1000,"E":399515}