{"maxFlow":4232,"minCut":[],"initializationTime":1.56876802444458,"executionTime":180.6160888671875,"totalTime":182.1848602294922,"V":1000,"E":798960}