{"maxFlow":3554,"minCut":[],"initializationTime":1.5238399505615234,"executionTime":77.17228698730469,"totalTime":78.69612884521484,"V":1000,"E":699489}