{"maxFlow":76,"minCut":[9999],"initializationTime":517.4500732421875,"executionTime":4306.4873046875,"totalTime":4823.93701171875}