{"maxFlow":6,"minCut":[3],"initializationTime":0.10592000186443329,"executionTime":0.20502400398254395,"totalTime":0.31094399094581604}