{"maxFlow":39,"minCut":[999],"initializationTime":4.991968154907227,"executionTime":39.98720169067383,"totalTime":44.97916793823242}