{"maxFlow":28,"minCut":[999,83,134,146,305,358,481,496,568,50,38,93,7,80,142,149,194,207,230,104,239,308,344,17,54,100,143,181,284,286,98,102,195,261,490,145,163,222,315,388,404,461,470,523,5,12,27,32,75,74,135,61,150,186,22,55,269,303,101,226,336,372,13,41,21,29,58,90,120,204,237,18,91,19,51,11,73,191,224,117,160,267,324,326,331,379,450,89,42,110,119,60,103,192,109,208,289,385,46,63,81,330,177,304,381,3,97,111,158,277,287,406,446,121,180,200,293,310,340,360,391,463,9,59,36,114,24,8,244,302,71,311,127,188,377,39,67,131,156,2,4,26,44,173,76,252,82,203,45,77,189,10,130,253,275,327,251,259,65,159,241,325,345,85,57,78,161,166,30,221,49,52,254,274,201,205,271,227,232,260,278,347,348,375,140,53,84,95,31,249,69,48,133,184,257,6,122,223,246,270,118,172,359,37,234,298,129,319,339,370,378,87,132,294,33,56,123,155,183,185,88,174,282,297,374,1,20,34,25,215,124,176,68,113,209,318,154,231,248,151,35,272,28,43,108,14,47,137,233,179,147,153,148,175,229,99,240,157,299,321,193,79,206,106,94,66,236,346,197,164,96,126,213,292,283,307,23,139,152,86,214,70,168,15,72,290,343,141,212,116,262,178],"initializationTime":0.1998399943113327,"executionTime":11.161375999450684,"totalTime":11.361215591430664}