{"maxFlow":68,"minCut":[99,58,81,85,25,27,46,53,59,63,75,80,94,30,38,91,3,17,23,26,28,95,5,33,57,71,78,7,8,18,36,52,69,73,76,98,39,40,67,11,42,47,79,84,86,2,10,31,50,72,93,4,22,45,60,66,70,29,48,49,68,88,34,61,9,19,20,51,56,82,21,41,83,16,24,6,32,54,55,62,64,87,77,90,13,35,1,12,43,89,44,96,74,15,14,65,92,37,97],"initializationTime":0.10995200276374817,"executionTime":1.311743974685669,"totalTime":1.4216959476470947}