{"maxFlow":76,"minCut":[9999],"initializationTime":0.6103360056877136,"executionTime":77.45161437988281,"totalTime":78.06195068359375}