{"maxFlow":6,"minCut":[3],"initializationTime":0.25894400477409363,"executionTime":1.0433599948883057,"totalTime":1.3023040294647217}