{"maxFlow":68,"minCut":[99,58,81,27,29,46,53,59,63,75,94,30,38,85,87,91,1,7,8,18,36,52,69,76,98,3,10,15,21,37,70,80,23,39,40,67,11,17,42,47,71,79,84,86,2,31,50,72,93,22,45,60,66,28,48,57,68,88,9,19,20,49,51,56,82,41,83,16,24,33,26,95,32,35,34,55,64,12,13,14,44,62,74,6,5,65,77,96,4,54,89,90,61,73,78,43,25,92,97],"initializationTime":0.13312000036239624,"executionTime":1.381343960762024,"totalTime":1.514464020729065}