{"maxFlow":6,"minCut":[3],"initializationTime":0.1496960073709488,"executionTime":0.3323200047016144,"totalTime":0.482015997171402}