{"maxFlow":11,"minCut":[5,3],"initializationTime":0.1592639982700348,"executionTime":1.8170239925384521,"totalTime":1.9762879610061646}