{"maxFlow":6,"minCut":[3],"initializationTime":0.13254399597644806,"executionTime":2.2535040378570557,"totalTime":2.3860480785369873}