{"maxFlow":149,"minCut":[29999],"initializationTime":1.3809599876403809,"executionTime":198.32672119140625,"totalTime":199.7076873779297}