{"maxFlow":149,"minCut":[29999],"initializationTime":3966.20263671875,"executionTime":37566.61328125,"totalTime":41532.81640625}