{"maxFlow":76,"minCut":[9999],"initializationTime":0.6454399824142456,"executionTime":78.1193618774414,"totalTime":78.76480102539063}