{"maxFlow":76,"minCut":[9999],"initializationTime":516.9832763671875,"executionTime":4296.96630859375,"totalTime":4813.94970703125}