{"maxFlow":39,"minCut":[999],"initializationTime":6.166399955749512,"executionTime":41.01772689819336,"totalTime":47.18412780761719}