{"maxFlow":84,"minCut":[19999],"initializationTime":1743.2935791015625,"executionTime":18886.32421875,"totalTime":20629.619140625}