{"maxFlow":39,"minCut":[999],"initializationTime":0.20316800475120544,"executionTime":8.751968383789063,"totalTime":8.9551362991333}