{"maxFlow":149,"minCut":[29999],"initializationTime":1.39302396774292,"executionTime":200.389404296875,"totalTime":201.7824249267578}