{"maxFlow":6,"minCut":[3],"initializationTime":0.15939199924468994,"executionTime":0.3567360043525696,"totalTime":0.5161280035972595}