{"maxFlow":39,"minCut":[999],"initializationTime":5.096479892730713,"executionTime":40.220096588134766,"totalTime":45.31657409667969}