{"maxFlow":149,"minCut":[29999],"initializationTime":1.3597760200500488,"executionTime":198.78656005859375,"totalTime":200.14633178710938}