{"maxFlow":84,"minCut":[19999],"initializationTime":0.9983680248260498,"executionTime":152.44163513183594,"totalTime":153.44000244140625}