{"maxFlow":39,"minCut":[999],"initializationTime":0.20419199764728546,"executionTime":8.759136199951172,"totalTime":8.96332836151123}