{"maxFlow":39,"minCut":[999],"initializationTime":0.17004799842834473,"executionTime":8.567392349243164,"totalTime":8.73744010925293}