{"maxFlow":84,"minCut":[19999],"initializationTime":1759.4661865234375,"executionTime":18927.697265625,"totalTime":20687.1640625}