{"maxFlow":76,"minCut":[9999],"initializationTime":450.69134521484375,"executionTime":4285.5478515625,"totalTime":4736.2392578125}