{"maxFlow":149,"minCut":[29999],"initializationTime":3935.25390625,"executionTime":37537.203125,"totalTime":41472.45703125}