{"maxFlow":11,"minCut":[5,3],"initializationTime":0.14908799529075623,"executionTime":1.4629119634628296,"totalTime":1.6119999885559082}