{"maxFlow":11,"minCut":[5,3],"initializationTime":0.12556800246238708,"executionTime":1.8779200315475464,"totalTime":2.003488063812256}