{"maxFlow":68,"minCut":[99,38,81,24,33,47,66,73,30,85,87,91,5,48,1,13,19,25,31,55,60,74,93,34,41,53,98,16,22,32,52,54,88,89,6,9,17,21,27,43,64,77,56,83,3,23,26,28,95,35,51,76,49,67,18,39,61,69,84,37,75,82,4,8,42,45,65,12,44,57,94,58,71,78,36,59,62,92,63,11,96,80,79,86,50,15,20,97,68,10,2,90,7,72,29,40,70,46,14],"initializationTime":0.12240000069141388,"executionTime":1.5178560018539429,"totalTime":1.6402560472488403}