{"maxFlow":39,"minCut":[999],"initializationTime":0.16995200514793396,"executionTime":8.670432090759277,"totalTime":8.840383529663086}