{"maxFlow":84,"minCut":[19999],"initializationTime":1.3387199640274048,"executionTime":152.88668823242188,"totalTime":154.22540283203125}