{"maxFlow":39,"minCut":[999],"initializationTime":5.005727767944336,"executionTime":43.09904098510742,"totalTime":48.104766845703125}