{"maxFlow":11,"minCut":[5,3],"initializationTime":0.12751999497413635,"executionTime":1.881824016571045,"totalTime":2.0093441009521484}