{"maxFlow":6,"minCut":[3],"initializationTime":0.13091200590133667,"executionTime":1.430176019668579,"totalTime":1.561087965965271}