{"maxFlow":6,"minCut":[3],"initializationTime":0.12876799702644348,"executionTime":0.286655992269516,"totalTime":0.4154239892959595}