{"maxFlow":76,"minCut":[9999],"initializationTime":0.894976019859314,"executionTime":78.63568115234375,"totalTime":79.53065490722656}