{"maxFlow":76,"minCut":[9999],"initializationTime":0.8804799914360046,"executionTime":78.66265869140625,"totalTime":79.54313659667969}