{"maxFlow":76,"minCut":[9999],"initializationTime":0.9800639748573303,"executionTime":78.73465728759766,"totalTime":79.7147216796875}