{"maxFlow":6,"minCut":[3],"initializationTime":0.12278400361537933,"executionTime":1.3679039478302002,"totalTime":1.4906879663467407}