{"maxFlow":11,"minCut":[5,3],"initializationTime":0.14774399995803833,"executionTime":0.29996800422668457,"totalTime":0.4477120041847229}