{"maxFlow":6,"minCut":[3],"initializationTime":0.16371199488639832,"executionTime":0.3507840037345886,"totalTime":0.5144960284233093}