{"maxFlow":149,"minCut":[29999],"initializationTime":3943.42578125,"executionTime":37568.78125,"totalTime":41512.20703125}