{"maxFlow":6,"minCut":[3],"initializationTime":0.16195200383663177,"executionTime":2.3058559894561768,"totalTime":2.4678080081939697}