{"maxFlow":84,"minCut":[19999],"initializationTime":1869.2940673828125,"executionTime":18883.4375,"totalTime":20752.73046875}