{"maxFlow":11,"minCut":[5,3],"initializationTime":0.1292800009250641,"executionTime":0.28089600801467896,"totalTime":0.41017600893974304}