{"maxFlow":149,"minCut":[29999],"initializationTime":3925.2060546875,"executionTime":37560.8828125,"totalTime":41486.0859375}