{"maxFlow":76,"minCut":[9999],"initializationTime":0.6130560040473938,"executionTime":77.59737396240234,"totalTime":78.21043395996094}