{"maxFlow":149,"minCut":[29999],"initializationTime":1.391487956047058,"executionTime":200.2843475341797,"totalTime":201.67584228515625}