{"maxFlow":149,"minCut":[29999],"initializationTime":3933.021728515625,"executionTime":37602.39453125,"totalTime":41535.4140625}