{"maxFlow":76,"minCut":[9999],"initializationTime":0.6329280138015747,"executionTime":78.13839721679688,"totalTime":78.77133178710938}