{"maxFlow":6,"minCut":[3],"initializationTime":0.1085439994931221,"executionTime":1.2855360507965088,"totalTime":1.3940800428390503}