{"maxFlow":2705,"minCut":[],"initializationTime":2.192960023880005,"executionTime":69.11759948730469,"totalTime":71.31056213378906,"V":1000,"E":499792}