{"maxFlow":2705,"minCut":[],"initializationTime":12.884511947631836,"executionTime":79.30377960205078,"totalTime":92.18828582763672,"V":1000,"E":499792}