{"maxFlow":5288,"minCut":[],"initializationTime":1.6209919452667236,"executionTime":60.877376556396484,"totalTime":62.49836730957031,"V":1000,"E":999000}