{"maxFlow":5019,"minCut":[],"initializationTime":1.6353280544281006,"executionTime":173.7190704345703,"totalTime":175.35440063476563,"V":1000,"E":898956}