{"maxFlow":533,"minCut":[],"initializationTime":9.949888229370117,"executionTime":62.48838424682617,"totalTime":72.43827056884766,"V":1000,"E":99554}