{"maxFlow":2121,"minCut":[],"initializationTime":11.902815818786621,"executionTime":77.53839874267578,"totalTime":89.44121551513672,"V":1000,"E":399515}