{"maxFlow":1045,"minCut":[],"initializationTime":1.1407359838485718,"executionTime":39.42473602294922,"totalTime":40.56547164916992,"V":1000,"E":199816}