{"maxFlow":1045,"minCut":[],"initializationTime":1.271232008934021,"executionTime":49.784000396728516,"totalTime":51.055233001708984,"V":1000,"E":199816}