{"maxFlow":1045,"minCut":[],"initializationTime":1.1303999423980713,"executionTime":39.63017654418945,"totalTime":40.76057434082031,"V":1000,"E":199816}