{"maxFlow":4232,"minCut":[],"initializationTime":9.566495895385742,"executionTime":76.80198669433594,"totalTime":86.36847686767578,"V":1000,"E":798960}