{"maxFlow":1460,"minCut":[],"initializationTime":1.5395840406417847,"executionTime":54.528385162353516,"totalTime":56.06796646118164,"V":1000,"E":300122}