{"maxFlow":2121,"minCut":[],"initializationTime":2.1828160285949707,"executionTime":64.31449890136719,"totalTime":66.497314453125,"V":1000,"E":399515}