{"maxFlow":5019,"minCut":[],"initializationTime":1.6547199487686157,"executionTime":178.21148681640625,"totalTime":179.8662109375,"V":1000,"E":898956}