{"maxFlow":3189,"minCut":[],"initializationTime":1.510815978050232,"executionTime":70.0324478149414,"totalTime":71.54326629638672,"V":1000,"E":599592}