{"maxFlow":1045,"minCut":[],"initializationTime":8.846719741821289,"executionTime":69.9533462524414,"totalTime":78.80006408691406,"V":1000,"E":199816}