{"maxFlow":5019,"minCut":[],"initializationTime":7.743904113769531,"executionTime":75.69401550292969,"totalTime":83.43791961669922,"V":1000,"E":898956}