{"maxFlow":5019,"minCut":[],"initializationTime":8.165632247924805,"executionTime":75.7547836303711,"totalTime":83.92041778564453,"V":1000,"E":898956}