{"maxFlow":5288,"minCut":[],"initializationTime":1.7223680019378662,"executionTime":175.97378540039063,"totalTime":177.6961669921875,"V":1000,"E":999000}