{"maxFlow":5288,"minCut":[],"initializationTime":1.670143961906433,"executionTime":182.4752960205078,"totalTime":184.14544677734375,"V":1000,"E":999000}