{"maxFlow":2121,"minCut":[],"initializationTime":1.2229119539260864,"executionTime":62.232608795166016,"totalTime":63.45552062988281,"V":1000,"E":399515}