{"maxFlow":3554,"minCut":[],"initializationTime":1.552351951599121,"executionTime":180.4217987060547,"totalTime":181.97415161132813,"V":1000,"E":699489}