{"maxFlow":4232,"minCut":[],"initializationTime":1.617311954498291,"executionTime":72.4435806274414,"totalTime":74.06089782714844,"V":1000,"E":798960}