{"maxFlow":533,"minCut":[],"initializationTime":0.8219839930534363,"executionTime":19.4300479888916,"totalTime":20.252031326293945,"V":1000,"E":99554}