{"maxFlow":533,"minCut":[],"initializationTime":0.8043839931488037,"executionTime":19.728544235229492,"totalTime":20.532928466796875,"V":1000,"E":99554}