{"maxFlow":1045,"minCut":[],"initializationTime":8.658047676086426,"executionTime":70.75337219238281,"totalTime":79.41142272949219,"V":1000,"E":199816}