{"maxFlow":5288,"minCut":[],"initializationTime":6.574592113494873,"executionTime":70.99334716796875,"totalTime":77.56793975830078,"V":1000,"E":999000}