{"maxFlow":533,"minCut":[],"initializationTime":0.8052800297737122,"executionTime":25.723840713500977,"totalTime":26.52911949157715,"V":1000,"E":99554}