{"maxFlow":1460,"minCut":[],"initializationTime":1.6715199947357178,"executionTime":96.45097351074219,"totalTime":98.12249755859375,"V":1000,"E":300122}