{"maxFlow":5019,"minCut":[],"initializationTime":1.6796799898147583,"executionTime":172.92710876464844,"totalTime":174.60678100585938,"V":1000,"E":898956}