{"maxFlow":3189,"minCut":[],"initializationTime":11.897503852844238,"executionTime":78.9596176147461,"totalTime":90.85711669921875,"V":1000,"E":599592}