{"maxFlow":3554,"minCut":[],"initializationTime":10.560128211975098,"executionTime":77.52537536621094,"totalTime":88.08550262451172,"V":1000,"E":699489}