{"maxFlow":1045,"minCut":[],"initializationTime":1.1178879737854004,"executionTime":50.06022262573242,"totalTime":51.1781120300293,"V":1000,"E":199816}