{"maxFlow":1045,"minCut":[],"initializationTime":1.4241600036621094,"executionTime":49.86016082763672,"totalTime":51.28432083129883,"V":1000,"E":199816}