{"maxFlow":5019,"minCut":[],"initializationTime":8.045472145080566,"executionTime":75.9705581665039,"totalTime":84.01602935791016,"V":1000,"E":898956}