{"maxFlow":533,"minCut":[],"initializationTime":0.8622080087661743,"executionTime":19.69708824157715,"totalTime":20.559295654296875,"V":1000,"E":99554}