{"maxFlow":2705,"minCut":[],"initializationTime":1.3373440504074097,"executionTime":68.29590606689453,"totalTime":69.63324737548828,"V":1000,"E":499792}