{"maxFlow":5288,"minCut":[],"initializationTime":6.349599838256836,"executionTime":71.1460189819336,"totalTime":77.49561309814453,"V":1000,"E":999000}