{"maxFlow":2705,"minCut":[],"initializationTime":2.195199966430664,"executionTime":68.61264038085938,"totalTime":70.8078384399414,"V":1000,"E":499792}