{"maxFlow":5288,"minCut":[],"initializationTime":1.6177279949188232,"executionTime":61.28985595703125,"totalTime":62.90758514404297,"V":1000,"E":999000}