{"maxFlow":3189,"minCut":[],"initializationTime":1.499135971069336,"executionTime":168.52035522460938,"totalTime":170.0194854736328,"V":1000,"E":599592}