{"maxFlow":3189,"minCut":[],"initializationTime":11.773951530456543,"executionTime":78.87967681884766,"totalTime":90.65363311767578,"V":1000,"E":599592}