{"maxFlow":4232,"minCut":[],"initializationTime":1.6047999858856201,"executionTime":74.44038391113281,"totalTime":76.04518127441406,"V":1000,"E":798960}