{"maxFlow":5288,"minCut":[],"initializationTime":1.6466560363769531,"executionTime":175.34658813476563,"totalTime":176.99325561523438,"V":1000,"E":999000}