{"maxFlow":3189,"minCut":[],"initializationTime":11.637568473815918,"executionTime":78.83010864257813,"totalTime":90.46768188476563,"V":1000,"E":599592}