{"maxFlow":4232,"minCut":[],"initializationTime":9.723008155822754,"executionTime":77.20304107666016,"totalTime":86.9260482788086,"V":1000,"E":798960}