{"maxFlow":1460,"minCut":[],"initializationTime":10.035776138305664,"executionTime":74.7720947265625,"totalTime":84.80786895751953,"V":1000,"E":300122}