{"maxFlow":4232,"minCut":[],"initializationTime":9.118399620056152,"executionTime":76.82195281982422,"totalTime":85.94035339355469,"V":1000,"E":798960}