{"maxFlow":4232,"minCut":[],"initializationTime":1.5667200088500977,"executionTime":185.91976928710938,"totalTime":187.4864959716797,"V":1000,"E":798960}