{"maxFlow":533,"minCut":[],"initializationTime":0.8167679905891418,"executionTime":19.303712844848633,"totalTime":20.120479583740234,"V":1000,"E":99554}