{"maxFlow":3189,"minCut":[],"initializationTime":1.5498239994049072,"executionTime":156.7434539794922,"totalTime":158.29327392578125,"V":1000,"E":599592}