{"maxFlow":3554,"minCut":[],"initializationTime":10.748384475708008,"executionTime":77.96275329589844,"totalTime":88.71113586425781,"V":1000,"E":699489}