{"maxFlow":5288,"minCut":[],"initializationTime":1.659551978111267,"executionTime":59.20390319824219,"totalTime":60.86345672607422,"V":1000,"E":999000}