{"maxFlow":2121,"minCut":[],"initializationTime":11.553600311279297,"executionTime":77.66563415527344,"totalTime":89.21923065185547,"V":1000,"E":399515}