{"maxFlow":5288,"minCut":[],"initializationTime":6.912320137023926,"executionTime":71.08515167236328,"totalTime":77.99747467041016,"V":1000,"E":999000}