{"maxFlow":2121,"minCut":[],"initializationTime":1.3175679445266724,"executionTime":118.36883544921875,"totalTime":119.6864013671875,"V":1000,"E":399515}