{"maxFlow":1045,"minCut":[],"initializationTime":1.1263359785079956,"executionTime":39.75199890136719,"totalTime":40.87833786010742,"V":1000,"E":199816}