{"maxFlow":2705,"minCut":[],"initializationTime":12.495936393737793,"executionTime":79.18633270263672,"totalTime":91.6822738647461,"V":1000,"E":499792}