{"maxFlow":2121,"minCut":[],"initializationTime":1.7825920581817627,"executionTime":63.99302291870117,"totalTime":65.77561950683594,"V":1000,"E":399515}