{"maxFlow":2705,"minCut":[],"initializationTime":12.373087882995605,"executionTime":79.28813171386719,"totalTime":91.66121673583984,"V":1000,"E":499792}