{"maxFlow":1460,"minCut":[],"initializationTime":1.6650240421295166,"executionTime":96.593505859375,"totalTime":98.25852966308594,"V":1000,"E":300122}