{"maxFlow":533,"minCut":[],"initializationTime":0.9154559969902039,"executionTime":25.640735626220703,"totalTime":26.55619239807129,"V":1000,"E":99554}