{"maxFlow":5019,"minCut":[],"initializationTime":1.6784319877624512,"executionTime":69.28345489501953,"totalTime":70.9618911743164,"V":1000,"E":898956}