{"maxFlow":2705,"minCut":[],"initializationTime":2.143903970718384,"executionTime":145.94921875,"totalTime":148.09312438964844,"V":1000,"E":499792}