{"maxFlow":1045,"minCut":[],"initializationTime":1.2540479898452759,"executionTime":69.64153289794922,"totalTime":70.89558410644531,"V":1000,"E":199816}