{"maxFlow":2705,"minCut":[],"initializationTime":1.4008320569992065,"executionTime":139.37091064453125,"totalTime":140.77174377441406,"V":1000,"E":499792}