{"maxFlow":2705,"minCut":[],"initializationTime":12.631327629089355,"executionTime":79.20540618896484,"totalTime":91.83673858642578,"V":1000,"E":499792}