{"maxFlow":533,"minCut":[],"initializationTime":7.450431823730469,"executionTime":62.28889465332031,"totalTime":69.73932647705078,"V":1000,"E":99554}