{"maxFlow":5019,"minCut":[],"initializationTime":1.5848959684371948,"executionTime":70.6121597290039,"totalTime":72.19705963134766,"V":1000,"E":898956}