{"maxFlow":3554,"minCut":[],"initializationTime":1.6011840105056763,"executionTime":168.72361755371094,"totalTime":170.32479858398438,"V":1000,"E":699489}