{"maxFlow":2705,"minCut":[],"initializationTime":1.3598719835281372,"executionTime":68.55404663085938,"totalTime":69.9139175415039,"V":1000,"E":499792}