{"maxFlow":3554,"minCut":[],"initializationTime":1.5981440544128418,"executionTime":78.3647689819336,"totalTime":79.9629135131836,"V":1000,"E":699489}