{"maxFlow":5019,"minCut":[],"initializationTime":1.7686400413513184,"executionTime":71.15779113769531,"totalTime":72.92642974853516,"V":1000,"E":898956}