{"maxFlow":3554,"minCut":[],"initializationTime":1.5440640449523926,"executionTime":76.78601837158203,"totalTime":78.330078125,"V":1000,"E":699489}