{"maxFlow":5019,"minCut":[],"initializationTime":1.685920000076294,"executionTime":69.83235168457031,"totalTime":71.51827239990234,"V":1000,"E":898956}