{"maxFlow":1460,"minCut":[],"initializationTime":10.608832359313965,"executionTime":75.0123519897461,"totalTime":85.62118530273438,"V":1000,"E":300122}