{"maxFlow":3554,"minCut":[],"initializationTime":10.649663925170898,"executionTime":78.07484436035156,"totalTime":88.7245101928711,"V":1000,"E":699489}