{"maxFlow":2121,"minCut":[],"initializationTime":2.168191909790039,"executionTime":64.12604522705078,"totalTime":66.29424285888672,"V":1000,"E":399515}