{"maxFlow":3554,"minCut":[],"initializationTime":1.5850239992141724,"executionTime":180.29808044433594,"totalTime":181.8831024169922,"V":1000,"E":699489}