{"maxFlow":2121,"minCut":[],"initializationTime":1.8840320110321045,"executionTime":63.76969528198242,"totalTime":65.65372467041016,"V":1000,"E":399515}