{"maxFlow":533,"minCut":[],"initializationTime":7.25219202041626,"executionTime":62.04489517211914,"totalTime":69.29708862304688,"V":1000,"E":99554}