{"maxFlow":4232,"minCut":[],"initializationTime":1.5943039655685425,"executionTime":74.36595153808594,"totalTime":75.96025848388672,"V":1000,"E":798960}