{"maxFlow":533,"minCut":[],"initializationTime":7.597951889038086,"executionTime":62.2639045715332,"totalTime":69.86185455322266,"V":1000,"E":99554}