{"maxFlow":2121,"minCut":[],"initializationTime":1.749343991279602,"executionTime":64.30876922607422,"totalTime":66.05811309814453,"V":1000,"E":399515}