{"maxFlow":3554,"minCut":[],"initializationTime":1.574336051940918,"executionTime":77.35286712646484,"totalTime":78.92720031738281,"V":1000,"E":699489}