{"maxFlow":1045,"minCut":[],"initializationTime":1.12336003780365,"executionTime":39.268959045410156,"totalTime":40.39231872558594,"V":1000,"E":199816}