{"maxFlow":3189,"minCut":[],"initializationTime":1.4249600172042847,"executionTime":70.51033782958984,"totalTime":71.93529510498047,"V":1000,"E":599592}