{"maxFlow":4232,"minCut":[],"initializationTime":9.217632293701172,"executionTime":77.09718322753906,"totalTime":86.3148193359375,"V":1000,"E":798960}