{"maxFlow":533,"minCut":[],"initializationTime":7.530623912811279,"executionTime":62.425537109375,"totalTime":69.95616149902344,"V":1000,"E":99554}