{"maxFlow":1460,"minCut":[],"initializationTime":10.20576000213623,"executionTime":74.97449493408203,"totalTime":85.18025970458984,"V":1000,"E":300122}