{"maxFlow":1045,"minCut":[],"initializationTime":0.8383039832115173,"executionTime":38.246910095214844,"totalTime":39.0852165222168,"V":1000,"E":199816}