{"maxFlow":3189,"minCut":[],"initializationTime":1.4975999593734741,"executionTime":69.70521545410156,"totalTime":71.20281219482422,"V":1000,"E":599592}