{"maxFlow":1460,"minCut":[],"initializationTime":1.5997120141983032,"executionTime":54.86377716064453,"totalTime":56.4634895324707,"V":1000,"E":300122}