{"maxFlow":1045,"minCut":[],"initializationTime":0.825439989566803,"executionTime":49.83020782470703,"totalTime":50.65564727783203,"V":1000,"E":199816}