{"maxFlow":533,"minCut":[],"initializationTime":0.8420479893684387,"executionTime":19.169151306152344,"totalTime":20.011199951171875,"V":1000,"E":99554}