{"maxFlow":3189,"minCut":[],"initializationTime":11.986111640930176,"executionTime":78.29417419433594,"totalTime":90.28028869628906,"V":1000,"E":599592}