{"maxFlow":3554,"minCut":[],"initializationTime":10.2042875289917,"executionTime":77.72425842285156,"totalTime":87.92854309082031,"V":1000,"E":699489}