{"maxFlow":3189,"minCut":[],"initializationTime":1.5080000162124634,"executionTime":162.47821044921875,"totalTime":163.9862060546875,"V":1000,"E":599592}