{"maxFlow":3189,"minCut":[],"initializationTime":1.4534399509429932,"executionTime":70.7000961303711,"totalTime":72.15353393554688,"V":1000,"E":599592}