{"maxFlow":5019,"minCut":[],"initializationTime":1.6423039436340332,"executionTime":185.14845275878906,"totalTime":186.79075622558594,"V":1000,"E":898956}