{"maxFlow":1045,"minCut":[],"initializationTime":1.16428804397583,"executionTime":39.30012893676758,"totalTime":40.46441650390625,"V":1000,"E":199816}