{"maxFlow":5019,"minCut":[],"initializationTime":1.6828160285949707,"executionTime":69.30057525634766,"totalTime":70.98339080810547,"V":1000,"E":898956}