{"maxFlow":5288,"minCut":[],"initializationTime":1.652735948562622,"executionTime":56.55196762084961,"totalTime":58.20470428466797,"V":1000,"E":999000}