{"maxFlow":2121,"minCut":[],"initializationTime":1.875648021697998,"executionTime":117.26351928710938,"totalTime":119.13916778564453,"V":1000,"E":399515}