{"maxFlow":4232,"minCut":[],"initializationTime":11.514687538146973,"executionTime":77.83939361572266,"totalTime":89.35408020019531,"V":1000,"E":798960}