{"maxFlow":2705,"minCut":[],"initializationTime":12.43404769897461,"executionTime":79.24310302734375,"totalTime":91.67715454101563,"V":1000,"E":499792}