{"maxFlow":3189,"minCut":[],"initializationTime":1.4709759950637817,"executionTime":165.8566131591797,"totalTime":167.3275909423828,"V":1000,"E":599592}