{"maxFlow":1460,"minCut":[],"initializationTime":1.7638399600982666,"executionTime":96.4400634765625,"totalTime":98.20390319824219,"V":1000,"E":300122}