{"maxFlow":4232,"minCut":[],"initializationTime":1.642016053199768,"executionTime":185.37376403808594,"totalTime":187.01577758789063,"V":1000,"E":798960}