{"maxFlow":3189,"minCut":[],"initializationTime":1.4540799856185913,"executionTime":162.35049438476563,"totalTime":163.80458068847656,"V":1000,"E":599592}