{"maxFlow":5288,"minCut":[],"initializationTime":1.692255973815918,"executionTime":181.10179138183594,"totalTime":182.79405212402344,"V":1000,"E":999000}