{"maxFlow":5019,"minCut":[],"initializationTime":1.6235840320587158,"executionTime":73.21100616455078,"totalTime":74.8345947265625,"V":1000,"E":898956}