{"maxFlow":2705,"minCut":[],"initializationTime":12.592000007629395,"executionTime":79.20342254638672,"totalTime":91.79542541503906,"V":1000,"E":499792}