{"maxFlow":533,"minCut":[],"initializationTime":0.9350079894065857,"executionTime":25.630720138549805,"totalTime":26.56572723388672,"V":1000,"E":99554}