{"maxFlow":3554,"minCut":[],"initializationTime":1.58515202999115,"executionTime":180.5212860107422,"totalTime":182.10643005371094,"V":1000,"E":699489}