{"maxFlow":2705,"minCut":[],"initializationTime":1.3321919441223145,"executionTime":144.6847381591797,"totalTime":146.0169219970703,"V":1000,"E":499792}