{"maxFlow":2121,"minCut":[],"initializationTime":1.7828160524368286,"executionTime":64.1467514038086,"totalTime":65.9295654296875,"V":1000,"E":399515}