{"maxFlow":1460,"minCut":[],"initializationTime":10.091232299804688,"executionTime":74.73040008544922,"totalTime":84.8216323852539,"V":1000,"E":300122}