{"maxFlow":3189,"minCut":[],"initializationTime":11.927264213562012,"executionTime":78.80572509765625,"totalTime":90.73299407958984,"V":1000,"E":599592}