{"maxFlow":5288,"minCut":[],"initializationTime":1.6486400365829468,"executionTime":61.18988800048828,"totalTime":62.83852767944336,"V":1000,"E":999000}