{"maxFlow":4232,"minCut":[],"initializationTime":1.6465920209884644,"executionTime":74.72905731201172,"totalTime":76.37564849853516,"V":1000,"E":798960}