{"maxFlow":3554,"minCut":[],"initializationTime":10.619296073913574,"executionTime":78.1119384765625,"totalTime":88.73123168945313,"V":1000,"E":699489}