{"maxFlow":1045,"minCut":[],"initializationTime":0.821120023727417,"executionTime":49.32767868041992,"totalTime":50.148799896240234,"V":1000,"E":199816}