{"maxFlow":4232,"minCut":[],"initializationTime":1.632256031036377,"executionTime":185.13031005859375,"totalTime":186.76255798339844,"V":1000,"E":798960}