{"maxFlow":5019,"minCut":[],"initializationTime":1.652735948562622,"executionTime":70.1061782836914,"totalTime":71.7589111328125,"V":1000,"E":898956}