{"maxFlow":533,"minCut":[],"initializationTime":0.7926719784736633,"executionTime":25.772319793701172,"totalTime":26.564992904663086,"V":1000,"E":99554}