{"maxFlow":5019,"minCut":[],"initializationTime":1.6384960412979126,"executionTime":176.25283813476563,"totalTime":177.89132690429688,"V":1000,"E":898956}