{"maxFlow":533,"minCut":[],"initializationTime":9.526911735534668,"executionTime":63.09183883666992,"totalTime":72.6187515258789,"V":1000,"E":99554}