{"maxFlow":3554,"minCut":[],"initializationTime":1.5266560316085815,"executionTime":180.82786560058594,"totalTime":182.35452270507813,"V":1000,"E":699489}