{"maxFlow":1460,"minCut":[],"initializationTime":1.5441919565200806,"executionTime":54.4532470703125,"totalTime":55.997440338134766,"V":1000,"E":300122}