{"maxFlow":2705,"minCut":[],"initializationTime":1.415168046951294,"executionTime":144.98313903808594,"totalTime":146.39830017089844,"V":1000,"E":499792}