{"maxFlow":533,"minCut":[],"initializationTime":0.815775990486145,"executionTime":25.945695877075195,"totalTime":26.761472702026367,"V":1000,"E":99554}