{"maxFlow":4232,"minCut":[],"initializationTime":1.616096019744873,"executionTime":185.35130310058594,"totalTime":186.96739196777344,"V":1000,"E":798960}