{"maxFlow":3189,"minCut":[],"initializationTime":12.196640014648438,"executionTime":78.4686050415039,"totalTime":90.66524505615234,"V":1000,"E":599592}