{"maxFlow":4232,"minCut":[],"initializationTime":1.6502079963684082,"executionTime":185.40969848632813,"totalTime":187.05990600585938,"V":1000,"E":798960}