{"maxFlow":1460,"minCut":[],"initializationTime":10.105119705200195,"executionTime":74.64275360107422,"totalTime":84.74787139892578,"V":1000,"E":300122}