{"maxFlow":1460,"minCut":[],"initializationTime":1.5462080240249634,"executionTime":54.29622268676758,"totalTime":55.842430114746094,"V":1000,"E":300122}