{"maxFlow":2705,"minCut":[],"initializationTime":1.351680040359497,"executionTime":140.6103057861328,"totalTime":141.9619903564453,"V":1000,"E":499792}