{"maxFlow":3554,"minCut":[],"initializationTime":10.378239631652832,"executionTime":77.59513854980469,"totalTime":87.97337341308594,"V":1000,"E":699489}