{"maxFlow":3189,"minCut":[],"initializationTime":1.4786560535430908,"executionTime":156.6180419921875,"totalTime":158.09671020507813,"V":1000,"E":599592}