{"maxFlow":1460,"minCut":[],"initializationTime":1.0280640125274658,"executionTime":95.4578857421875,"totalTime":96.48595428466797,"V":1000,"E":300122}