{"maxFlow":1460,"minCut":[],"initializationTime":1.7870399951934814,"executionTime":96.75590515136719,"totalTime":98.5429458618164,"V":1000,"E":300122}