{"maxFlow":2121,"minCut":[],"initializationTime":1.7862080335617065,"executionTime":119.2155532836914,"totalTime":121.00176239013672,"V":1000,"E":399515}