{"maxFlow":1460,"minCut":[],"initializationTime":10.043583869934082,"executionTime":74.68838500976563,"totalTime":84.73197174072266,"V":1000,"E":300122}