{"maxFlow":1045,"minCut":[],"initializationTime":0.8266559839248657,"executionTime":49.530975341796875,"totalTime":50.35763168334961,"V":1000,"E":199816}