{"maxFlow":4232,"minCut":[],"initializationTime":1.644544005393982,"executionTime":73.76409912109375,"totalTime":75.40863800048828,"V":1000,"E":798960}