{"maxFlow":1460,"minCut":[],"initializationTime":12.90390396118164,"executionTime":76.19757080078125,"totalTime":89.10147094726563,"V":1000,"E":300122}