{"maxFlow":2121,"minCut":[],"initializationTime":2.12556791305542,"executionTime":119.32003021240234,"totalTime":121.44560241699219,"V":1000,"E":399515}