{"maxFlow":5288,"minCut":[],"initializationTime":1.6528960466384888,"executionTime":182.6030731201172,"totalTime":184.25596618652344,"V":1000,"E":999000}