{"maxFlow":2121,"minCut":[],"initializationTime":11.23788833618164,"executionTime":77.607421875,"totalTime":88.8453140258789,"V":1000,"E":399515}