{"maxFlow":5019,"minCut":[],"initializationTime":7.960224151611328,"executionTime":75.48633575439453,"totalTime":83.44656372070313,"V":1000,"E":898956}