{"maxFlow":2705,"minCut":[],"initializationTime":12.470656394958496,"executionTime":78.83296203613281,"totalTime":91.30361938476563,"V":1000,"E":499792}