{"maxFlow":5288,"minCut":[],"initializationTime":6.446591854095459,"executionTime":71.15033721923828,"totalTime":77.59693145751953,"V":1000,"E":999000}