{"maxFlow":3189,"minCut":[],"initializationTime":12.016192436218262,"executionTime":79.02185821533203,"totalTime":91.03804779052734,"V":1000,"E":599592}