{"maxFlow":5288,"minCut":[],"initializationTime":6.657279968261719,"executionTime":70.91065979003906,"totalTime":77.56793975830078,"V":1000,"E":999000}