{"maxFlow":1045,"minCut":[],"initializationTime":8.779520034790039,"executionTime":70.00662231445313,"totalTime":78.78614044189453,"V":1000,"E":199816}