{"maxFlow":2121,"minCut":[],"initializationTime":1.871840000152588,"executionTime":63.98329544067383,"totalTime":65.85513305664063,"V":1000,"E":399515}