{"maxFlow":3189,"minCut":[],"initializationTime":11.718815803527832,"executionTime":78.31100463867188,"totalTime":90.02982330322266,"V":1000,"E":599592}