{"maxFlow":5019,"minCut":[],"initializationTime":1.65283203125,"executionTime":70.9263687133789,"totalTime":72.5792007446289,"V":1000,"E":898956}