{"maxFlow":4232,"minCut":[],"initializationTime":9.594143867492676,"executionTime":77.33036804199219,"totalTime":86.92451477050781,"V":1000,"E":798960}