{"maxFlow":3189,"minCut":[],"initializationTime":2.3895680904388428,"executionTime":169.62918090820313,"totalTime":172.0187530517578,"V":1000,"E":599592}