{"maxFlow":4232,"minCut":[],"initializationTime":1.7551360130310059,"executionTime":74.89238739013672,"totalTime":76.64752197265625,"V":1000,"E":798960}