{"maxFlow":2705,"minCut":[],"initializationTime":1.383903980255127,"executionTime":67.8536605834961,"totalTime":69.2375717163086,"V":1000,"E":499792}