{"maxFlow":3554,"minCut":[],"initializationTime":10.302816390991211,"executionTime":77.58313751220703,"totalTime":87.88595581054688,"V":1000,"E":699489}