{"maxFlow":5019,"minCut":[],"initializationTime":7.7145280838012695,"executionTime":75.98108673095703,"totalTime":83.69561767578125,"V":1000,"E":898956}