{"maxFlow":3189,"minCut":[],"initializationTime":11.678560256958008,"executionTime":78.80995178222656,"totalTime":90.48851013183594,"V":1000,"E":599592}