{"maxFlow":5019,"minCut":[],"initializationTime":1.613152027130127,"executionTime":70.88751983642578,"totalTime":72.50067138671875,"V":1000,"E":898956}