{"maxFlow":2705,"minCut":[],"initializationTime":1.3374719619750977,"executionTime":68.19353485107422,"totalTime":69.531005859375,"V":1000,"E":499792}