{"maxFlow":2121,"minCut":[],"initializationTime":11.571999549865723,"executionTime":77.60316467285156,"totalTime":89.1751708984375,"V":1000,"E":399515}