{"maxFlow":3189,"minCut":[],"initializationTime":1.4895360469818115,"executionTime":69.76668548583984,"totalTime":71.2562255859375,"V":1000,"E":599592}