{"maxFlow":2705,"minCut":[],"initializationTime":13.02131175994873,"executionTime":79.05023956298828,"totalTime":92.07154846191406,"V":1000,"E":499792}