{"maxFlow":533,"minCut":[],"initializationTime":7.401343822479248,"executionTime":61.841758728027344,"totalTime":69.24310302734375,"V":1000,"E":99554}