{"maxFlow":3554,"minCut":[],"initializationTime":1.5712640285491943,"executionTime":76.5794906616211,"totalTime":78.15074920654297,"V":1000,"E":699489}