{"maxFlow":5288,"minCut":[],"initializationTime":1.640447974205017,"executionTime":182.5056610107422,"totalTime":184.1461181640625,"V":1000,"E":999000}