{"maxFlow":1045,"minCut":[],"initializationTime":1.124351978302002,"executionTime":50.03263854980469,"totalTime":51.1569938659668,"V":1000,"E":199816}