{"maxFlow":533,"minCut":[],"initializationTime":7.777152061462402,"executionTime":62.148414611816406,"totalTime":69.92556762695313,"V":1000,"E":99554}