{"maxFlow":4232,"minCut":[],"initializationTime":1.5928000211715698,"executionTime":73.4560317993164,"totalTime":75.04883575439453,"V":1000,"E":798960}