{"maxFlow":3554,"minCut":[],"initializationTime":1.5624959468841553,"executionTime":180.26698303222656,"totalTime":181.8294677734375,"V":1000,"E":699489}