{"maxFlow":2705,"minCut":[],"initializationTime":1.3667839765548706,"executionTime":68.3238754272461,"totalTime":69.69065856933594,"V":1000,"E":499792}