{"maxFlow":4232,"minCut":[],"initializationTime":8.984479904174805,"executionTime":76.74848175048828,"totalTime":85.73296356201172,"V":1000,"E":798960}