{"maxFlow":2705,"minCut":[],"initializationTime":3.7214720249176025,"executionTime":147.73907470703125,"totalTime":151.46054077148438,"V":1000,"E":499792}