{"maxFlow":533,"minCut":[],"initializationTime":0.6249600052833557,"executionTime":18.809696197509766,"totalTime":19.434656143188477,"V":1000,"E":99554}