{"maxFlow":533,"minCut":[],"initializationTime":7.404032230377197,"executionTime":62.23542404174805,"totalTime":69.63945770263672,"V":1000,"E":99554}