{"maxFlow":1045,"minCut":[],"initializationTime":9.301312446594238,"executionTime":70.20611572265625,"totalTime":79.5074234008789,"V":1000,"E":199816}