{"maxFlow":3554,"minCut":[],"initializationTime":1.5052800178527832,"executionTime":180.64710998535156,"totalTime":182.1523895263672,"V":1000,"E":699489}