{"maxFlow":533,"minCut":[],"initializationTime":0.8752959966659546,"executionTime":19.33772850036621,"totalTime":20.213024139404297,"V":1000,"E":99554}