{"maxFlow":5019,"minCut":[],"initializationTime":1.6235519647598267,"executionTime":71.18934631347656,"totalTime":72.81289672851563,"V":1000,"E":898956}