{"maxFlow":1045,"minCut":[],"initializationTime":0.8297600150108337,"executionTime":38.556640625,"totalTime":39.38639831542969,"V":1000,"E":199816}