{"maxFlow":533,"minCut":[],"initializationTime":7.644864082336426,"executionTime":62.287391662597656,"totalTime":69.93225860595703,"V":1000,"E":99554}