{"maxFlow":3189,"minCut":[],"initializationTime":1.4603519439697266,"executionTime":165.6853485107422,"totalTime":167.14569091796875,"V":1000,"E":599592}