{"maxFlow":4232,"minCut":[],"initializationTime":9.23583984375,"executionTime":76.93462371826172,"totalTime":86.17046356201172,"V":1000,"E":798960}