{"maxFlow":3554,"minCut":[],"initializationTime":1.5749119520187378,"executionTime":76.91363525390625,"totalTime":78.48854064941406,"V":1000,"E":699489}