{"maxFlow":5288,"minCut":[],"initializationTime":1.631392002105713,"executionTime":182.54762268066406,"totalTime":184.1790008544922,"V":1000,"E":999000}