{"maxFlow":5288,"minCut":[],"initializationTime":1.625823974609375,"executionTime":59.21980667114258,"totalTime":60.84563064575195,"V":1000,"E":999000}