{"maxFlow":1045,"minCut":[],"initializationTime":1.285375952720642,"executionTime":50.68678283691406,"totalTime":51.97216033935547,"V":1000,"E":199816}