{"maxFlow":1460,"minCut":[],"initializationTime":1.555008053779602,"executionTime":96.5282211303711,"totalTime":98.0832290649414,"V":1000,"E":300122}