{"maxFlow":1045,"minCut":[],"initializationTime":8.667519569396973,"executionTime":69.99961853027344,"totalTime":78.6671371459961,"V":1000,"E":199816}