{"maxFlow":2705,"minCut":[],"initializationTime":1.35043203830719,"executionTime":68.49116516113281,"totalTime":69.84159851074219,"V":1000,"E":499792}