{"maxFlow":3189,"minCut":[],"initializationTime":1.4567999839782715,"executionTime":69.68524932861328,"totalTime":71.14205169677734,"V":1000,"E":599592}