{"maxFlow":5288,"minCut":[],"initializationTime":1.675328016281128,"executionTime":62.12905502319336,"totalTime":63.80438232421875,"V":1000,"E":999000}