{"maxFlow":4232,"minCut":[],"initializationTime":9.017120361328125,"executionTime":76.87769317626953,"totalTime":85.89481353759766,"V":1000,"E":798960}