{"maxFlow":2705,"minCut":[],"initializationTime":12.489952087402344,"executionTime":79.33869171142578,"totalTime":91.82864379882813,"V":1000,"E":499792}