{"maxFlow":4232,"minCut":[],"initializationTime":1.6306240558624268,"executionTime":176.7030792236328,"totalTime":178.3336944580078,"V":1000,"E":798960}