{"maxFlow":5019,"minCut":[],"initializationTime":7.753471851348877,"executionTime":75.87667083740234,"totalTime":83.63014221191406,"V":1000,"E":898956}