{"maxFlow":1460,"minCut":[],"initializationTime":10.2642240524292,"executionTime":74.63394927978516,"totalTime":84.89817810058594,"V":1000,"E":300122}