{"maxFlow":5019,"minCut":[],"initializationTime":8.073856353759766,"executionTime":75.39842987060547,"totalTime":83.4722900390625,"V":1000,"E":898956}