{"maxFlow":533,"minCut":[],"initializationTime":0.8347839713096619,"executionTime":19.238079071044922,"totalTime":20.072864532470703,"V":1000,"E":99554}