{"maxFlow":3189,"minCut":[],"initializationTime":1.5525439977645874,"executionTime":168.34214782714844,"totalTime":169.89468383789063,"V":1000,"E":599592}