{"maxFlow":4232,"minCut":[],"initializationTime":1.6091840267181396,"executionTime":73.6383056640625,"totalTime":75.24748992919922,"V":1000,"E":798960}