{"maxFlow":5019,"minCut":[],"initializationTime":1.6807039976119995,"executionTime":185.3482208251953,"totalTime":187.0289306640625,"V":1000,"E":898956}