{"maxFlow":2705,"minCut":[],"initializationTime":1.5076160430908203,"executionTime":68.8246078491211,"totalTime":70.33222198486328,"V":1000,"E":499792}