{"maxFlow":533,"minCut":[],"initializationTime":0.5739520192146301,"executionTime":25.56889533996582,"totalTime":26.142847061157227,"V":1000,"E":99554}