{"maxFlow":2121,"minCut":[],"initializationTime":1.2327040433883667,"executionTime":62.18921661376953,"totalTime":63.42192077636719,"V":1000,"E":399515}