{"maxFlow":5288,"minCut":[],"initializationTime":1.6289600133895874,"executionTime":182.5121612548828,"totalTime":184.14111328125,"V":1000,"E":999000}