{"maxFlow":1460,"minCut":[],"initializationTime":1.0529600381851196,"executionTime":54.71635055541992,"totalTime":55.76931381225586,"V":1000,"E":300122}