{"maxFlow":1460,"minCut":[],"initializationTime":1.0404800176620483,"executionTime":52.996543884277344,"totalTime":54.037025451660156,"V":1000,"E":300122}