{"maxFlow":5288,"minCut":[],"initializationTime":1.6793919801712036,"executionTime":58.16048049926758,"totalTime":59.83987045288086,"V":1000,"E":999000}