{"maxFlow":533,"minCut":[],"initializationTime":0.94268798828125,"executionTime":35.65625762939453,"totalTime":36.59894561767578,"V":1000,"E":99554}