{"maxFlow":5288,"minCut":[],"initializationTime":6.430912017822266,"executionTime":71.25027465820313,"totalTime":77.68118286132813,"V":1000,"E":999000}