{"maxFlow":1460,"minCut":[],"initializationTime":10.291872024536133,"executionTime":74.7147216796875,"totalTime":85.006591796875,"V":1000,"E":300122}