{"maxFlow":1045,"minCut":[],"initializationTime":8.783743858337402,"executionTime":70.20486450195313,"totalTime":78.98860931396484,"V":1000,"E":199816}