{"maxFlow":5288,"minCut":[],"initializationTime":1.7082560062408447,"executionTime":182.33193969726563,"totalTime":184.04019165039063,"V":1000,"E":999000}