{"maxFlow":1460,"minCut":[],"initializationTime":1.0602240562438965,"executionTime":95.43020629882813,"totalTime":96.49043273925781,"V":1000,"E":300122}