{"maxFlow":2121,"minCut":[],"initializationTime":1.7524479627609253,"executionTime":119.28374481201172,"totalTime":121.03619384765625,"V":1000,"E":399515}