{"maxFlow":3554,"minCut":[],"initializationTime":1.5824960470199585,"executionTime":180.24195861816406,"totalTime":181.82444763183594,"V":1000,"E":699489}