{"maxFlow":3189,"minCut":[],"initializationTime":1.5311039686203003,"executionTime":70.29420471191406,"totalTime":71.82530975341797,"V":1000,"E":599592}