{"maxFlow":5019,"minCut":[],"initializationTime":2.1688320636749268,"executionTime":176.85142517089844,"totalTime":179.02024841308594,"V":1000,"E":898956}