{"maxFlow":2705,"minCut":[],"initializationTime":12.440192222595215,"executionTime":79.3515853881836,"totalTime":91.79177856445313,"V":1000,"E":499792}