{"maxFlow":2121,"minCut":[],"initializationTime":11.426112174987793,"executionTime":77.86140441894531,"totalTime":89.28752136230469,"V":1000,"E":399515}