{"maxFlow":533,"minCut":[],"initializationTime":7.2238078117370605,"executionTime":62.103904724121094,"totalTime":69.32771301269531,"V":1000,"E":99554}