{"maxFlow":1045,"minCut":[],"initializationTime":1.3044159412384033,"executionTime":45.87001419067383,"totalTime":47.17443084716797,"V":1000,"E":199816}