{"maxFlow":2121,"minCut":[],"initializationTime":1.7422399520874023,"executionTime":160.1090545654297,"totalTime":161.85130310058594,"V":1000,"E":399515}