{"maxFlow":1045,"minCut":[],"initializationTime":1.1288959980010986,"executionTime":46.06630325317383,"totalTime":47.1952018737793,"V":1000,"E":199816}