{"maxFlow":2705,"minCut":[],"initializationTime":1.9885120391845703,"executionTime":109.97283172607422,"totalTime":111.96134185791016,"V":1000,"E":499792}