{"maxFlow":5019,"minCut":[],"initializationTime":1.6220159530639648,"executionTime":232.913818359375,"totalTime":234.5358428955078,"V":1000,"E":898956}