{"maxFlow":3189,"minCut":[],"initializationTime":1.4684159755706787,"executionTime":116.4527359008789,"totalTime":117.92115020751953,"V":1000,"E":599592}