{"maxFlow":5288,"minCut":[],"initializationTime":6.703743934631348,"executionTime":71.27772521972656,"totalTime":77.9814682006836,"V":1000,"E":999000}