{"maxFlow":5288,"minCut":[],"initializationTime":1.6090240478515625,"executionTime":208.92898559570313,"totalTime":210.5380096435547,"V":1000,"E":999000}