{"maxFlow":5019,"minCut":[],"initializationTime":1.640064001083374,"executionTime":119.38835144042969,"totalTime":121.0284194946289,"V":1000,"E":898956}