{"maxFlow":2121,"minCut":[],"initializationTime":1.8488320112228394,"executionTime":149.82623291015625,"totalTime":151.67507934570313,"V":1000,"E":399515}