{"maxFlow":1045,"minCut":[],"initializationTime":1.090432047843933,"executionTime":66.12348937988281,"totalTime":67.21392059326172,"V":1000,"E":199816}