{"maxFlow":1045,"minCut":[],"initializationTime":1.1391359567642212,"executionTime":92.06598663330078,"totalTime":93.20511627197266,"V":1000,"E":199816}