{"maxFlow":5019,"minCut":[],"initializationTime":1.628159999847412,"executionTime":118.5390396118164,"totalTime":120.16719818115234,"V":1000,"E":898956}