{"maxFlow":533,"minCut":[],"initializationTime":0.5728319883346558,"executionTime":19.71491241455078,"totalTime":20.287744522094727,"V":1000,"E":99554}