{"maxFlow":3189,"minCut":[],"initializationTime":1.4499839544296265,"executionTime":215.10569763183594,"totalTime":216.55567932128906,"V":1000,"E":599592}