{"maxFlow":2121,"minCut":[],"initializationTime":11.431103706359863,"executionTime":78.03862762451172,"totalTime":89.4697265625,"V":1000,"E":399515}