{"maxFlow":2705,"minCut":[],"initializationTime":1.33951997756958,"executionTime":109.30022430419922,"totalTime":110.6397476196289,"V":1000,"E":499792}