{"maxFlow":1460,"minCut":[],"initializationTime":10.288703918457031,"executionTime":74.90592193603516,"totalTime":85.19462585449219,"V":1000,"E":300122}