{"maxFlow":3554,"minCut":[],"initializationTime":10.159456253051758,"executionTime":78.0591049194336,"totalTime":88.21855926513672,"V":1000,"E":699489}