{"maxFlow":4232,"minCut":[],"initializationTime":1.5811840295791626,"executionTime":123.77811431884766,"totalTime":125.35929870605469,"V":1000,"E":798960}