{"maxFlow":5019,"minCut":[],"initializationTime":1.638208031654358,"executionTime":221.5266876220703,"totalTime":223.16490173339844,"V":1000,"E":898956}