{"maxFlow":5288,"minCut":[],"initializationTime":1.6161919832229614,"executionTime":222.17430114746094,"totalTime":223.79049682617188,"V":1000,"E":999000}