{"maxFlow":3554,"minCut":[],"initializationTime":10.180480003356934,"executionTime":78.09091186523438,"totalTime":88.27139282226563,"V":1000,"E":699489}