{"maxFlow":3189,"minCut":[],"initializationTime":1.446079969406128,"executionTime":214.998779296875,"totalTime":216.4448699951172,"V":1000,"E":599592}