{"maxFlow":5019,"minCut":[],"initializationTime":1.6527040004730225,"executionTime":220.4508819580078,"totalTime":222.10357666015625,"V":1000,"E":898956}