{"maxFlow":533,"minCut":[],"initializationTime":7.163136005401611,"executionTime":62.123199462890625,"totalTime":69.28633880615234,"V":1000,"E":99554}