{"maxFlow":533,"minCut":[],"initializationTime":7.20681619644165,"executionTime":62.09302520751953,"totalTime":69.29984283447266,"V":1000,"E":99554}