{"maxFlow":3189,"minCut":[],"initializationTime":1.5993599891662598,"executionTime":215.5930938720703,"totalTime":217.19244384765625,"V":1000,"E":599592}