{"maxFlow":5288,"minCut":[],"initializationTime":6.416863918304443,"executionTime":71.08332824707031,"totalTime":77.50019073486328,"V":1000,"E":999000}