{"maxFlow":2121,"minCut":[],"initializationTime":11.65180778503418,"executionTime":78.16089630126953,"totalTime":89.81270599365234,"V":1000,"E":399515}