{"maxFlow":3554,"minCut":[],"initializationTime":1.5922240018844604,"executionTime":125.69929504394531,"totalTime":127.29151916503906,"V":1000,"E":699489}