{"maxFlow":533,"minCut":[],"initializationTime":0.8152639865875244,"executionTime":26.89651107788086,"totalTime":27.711776733398438,"V":1000,"E":99554}