{"maxFlow":1045,"minCut":[],"initializationTime":1.2124799489974976,"executionTime":57.07756805419922,"totalTime":58.29004669189453,"V":1000,"E":199816}