{"maxFlow":3554,"minCut":[],"initializationTime":1.5866559743881226,"executionTime":127.582275390625,"totalTime":129.16893005371094,"V":1000,"E":699489}