{"maxFlow":3189,"minCut":[],"initializationTime":1.4502400159835815,"executionTime":117.04678344726563,"totalTime":118.49702453613281,"V":1000,"E":599592}