{"maxFlow":2705,"minCut":[],"initializationTime":12.467519760131836,"executionTime":79.60918426513672,"totalTime":92.07670593261719,"V":1000,"E":499792}