{"maxFlow":4232,"minCut":[],"initializationTime":1.622048020362854,"executionTime":125.9417953491211,"totalTime":127.5638427734375,"V":1000,"E":798960}