{"maxFlow":1045,"minCut":[],"initializationTime":1.1509759426116943,"executionTime":66.64224243164063,"totalTime":67.793212890625,"V":1000,"E":199816}