{"maxFlow":2121,"minCut":[],"initializationTime":1.7711360454559326,"executionTime":97.5934066772461,"totalTime":99.36454772949219,"V":1000,"E":399515}