{"maxFlow":2705,"minCut":[],"initializationTime":2.0061440467834473,"executionTime":109.66041564941406,"totalTime":111.66655731201172,"V":1000,"E":499792}