{"maxFlow":5019,"minCut":[],"initializationTime":7.675327777862549,"executionTime":75.63699340820313,"totalTime":83.31231689453125,"V":1000,"E":898956}