{"maxFlow":533,"minCut":[],"initializationTime":0.8208960294723511,"executionTime":31.583776473999023,"totalTime":32.40467071533203,"V":1000,"E":99554}