{"maxFlow":2121,"minCut":[],"initializationTime":1.82915198802948,"executionTime":160.46035766601563,"totalTime":162.2895050048828,"V":1000,"E":399515}