{"maxFlow":1460,"minCut":[],"initializationTime":9.856224060058594,"executionTime":74.9435806274414,"totalTime":84.7998046875,"V":1000,"E":300122}