{"maxFlow":3554,"minCut":[],"initializationTime":1.5251519680023193,"executionTime":228.56089782714844,"totalTime":230.08604431152344,"V":1000,"E":699489}