{"maxFlow":5019,"minCut":[],"initializationTime":1.623487949371338,"executionTime":206.11622619628906,"totalTime":207.73971557617188,"V":1000,"E":898956}