{"maxFlow":3189,"minCut":[],"initializationTime":12.145248413085938,"executionTime":79.31459045410156,"totalTime":91.4598388671875,"V":1000,"E":599592}