{"maxFlow":1460,"minCut":[],"initializationTime":1.6838719844818115,"executionTime":129.74514770507813,"totalTime":131.4290313720703,"V":1000,"E":300122}