{"maxFlow":1045,"minCut":[],"initializationTime":1.1771520376205444,"executionTime":65.06877136230469,"totalTime":66.24591827392578,"V":1000,"E":199816}