{"maxFlow":2705,"minCut":[],"initializationTime":1.4289920330047607,"executionTime":190.39785766601563,"totalTime":191.82684326171875,"V":1000,"E":499792}