{"maxFlow":2705,"minCut":[],"initializationTime":12.39731216430664,"executionTime":79.61872100830078,"totalTime":92.01602935791016,"V":1000,"E":499792}