{"maxFlow":1045,"minCut":[],"initializationTime":1.111199975013733,"executionTime":66.08914947509766,"totalTime":67.20035552978516,"V":1000,"E":199816}