{"maxFlow":1045,"minCut":[],"initializationTime":1.1182719469070435,"executionTime":65.4986572265625,"totalTime":66.61692810058594,"V":1000,"E":199816}