{"maxFlow":1460,"minCut":[],"initializationTime":1.5277440547943115,"executionTime":129.63331604003906,"totalTime":131.1610565185547,"V":1000,"E":300122}