{"maxFlow":1045,"minCut":[],"initializationTime":1.1223039627075195,"executionTime":45.32700729370117,"totalTime":46.449310302734375,"V":1000,"E":199816}