{"maxFlow":533,"minCut":[],"initializationTime":7.270815849304199,"executionTime":61.961151123046875,"totalTime":69.23197174072266,"V":1000,"E":99554}