{"maxFlow":1460,"minCut":[],"initializationTime":9.951040267944336,"executionTime":74.79122924804688,"totalTime":84.74227142333984,"V":1000,"E":300122}