{"maxFlow":3554,"minCut":[],"initializationTime":1.5771520137786865,"executionTime":127.25132751464844,"totalTime":128.82847595214844,"V":1000,"E":699489}