{"maxFlow":2705,"minCut":[],"initializationTime":1.3658239841461182,"executionTime":108.47590637207031,"totalTime":109.84172821044922,"V":1000,"E":499792}