{"maxFlow":2121,"minCut":[],"initializationTime":1.7367039918899536,"executionTime":153.03074645996094,"totalTime":154.7674560546875,"V":1000,"E":399515}