{"maxFlow":2121,"minCut":[],"initializationTime":11.302399635314941,"executionTime":77.94703674316406,"totalTime":89.24944305419922,"V":1000,"E":399515}