{"maxFlow":2121,"minCut":[],"initializationTime":1.7417919635772705,"executionTime":157.1557159423828,"totalTime":158.8975067138672,"V":1000,"E":399515}