{"maxFlow":3189,"minCut":[],"initializationTime":11.715968132019043,"executionTime":78.27257537841797,"totalTime":89.98854064941406,"V":1000,"E":599592}