{"maxFlow":1460,"minCut":[],"initializationTime":9.967840194702148,"executionTime":74.8716812133789,"totalTime":84.83952331542969,"V":1000,"E":300122}