{"maxFlow":533,"minCut":[],"initializationTime":0.8089600205421448,"executionTime":32.01750564575195,"totalTime":32.82646560668945,"V":1000,"E":99554}