{"maxFlow":1045,"minCut":[],"initializationTime":8.591456413269043,"executionTime":70.00892639160156,"totalTime":78.60038757324219,"V":1000,"E":199816}