{"maxFlow":2121,"minCut":[],"initializationTime":1.773568034172058,"executionTime":97.70665740966797,"totalTime":99.480224609375,"V":1000,"E":399515}