{"maxFlow":1460,"minCut":[],"initializationTime":1.5301120281219482,"executionTime":130.47203063964844,"totalTime":132.0021514892578,"V":1000,"E":300122}