{"maxFlow":3554,"minCut":[],"initializationTime":10.526080131530762,"executionTime":77.93231964111328,"totalTime":88.4583969116211,"V":1000,"E":699489}