{"maxFlow":3554,"minCut":[],"initializationTime":10.220864295959473,"executionTime":78.17987060546875,"totalTime":88.4007339477539,"V":1000,"E":699489}