{"maxFlow":533,"minCut":[],"initializationTime":7.359776020050049,"executionTime":62.407936096191406,"totalTime":69.76771545410156,"V":1000,"E":99554}