{"maxFlow":1045,"minCut":[],"initializationTime":0.8138880133628845,"executionTime":56.464481353759766,"totalTime":57.27836990356445,"V":1000,"E":199816}