{"maxFlow":3554,"minCut":[],"initializationTime":1.5407359600067139,"executionTime":213.10992431640625,"totalTime":214.65065002441406,"V":1000,"E":699489}