{"maxFlow":5019,"minCut":[],"initializationTime":1.6858240365982056,"executionTime":117.72927856445313,"totalTime":119.41510772705078,"V":1000,"E":898956}