{"maxFlow":5288,"minCut":[],"initializationTime":1.6898560523986816,"executionTime":213.03225708007813,"totalTime":214.72210693359375,"V":1000,"E":999000}