{"maxFlow":4232,"minCut":[],"initializationTime":1.59334397315979,"executionTime":234.22483825683594,"totalTime":235.81817626953125,"V":1000,"E":798960}