{"maxFlow":5019,"minCut":[],"initializationTime":7.750751972198486,"executionTime":75.8766098022461,"totalTime":83.62735748291016,"V":1000,"E":898956}