{"maxFlow":5019,"minCut":[],"initializationTime":7.582143783569336,"executionTime":75.64505767822266,"totalTime":83.22720336914063,"V":1000,"E":898956}