{"maxFlow":5288,"minCut":[],"initializationTime":1.7360960245132446,"executionTime":102.86780548095703,"totalTime":104.6039047241211,"V":1000,"E":999000}