{"maxFlow":1460,"minCut":[],"initializationTime":1.7018879652023315,"executionTime":128.35382080078125,"totalTime":130.0557098388672,"V":1000,"E":300122}