{"maxFlow":533,"minCut":[],"initializationTime":0.5747519731521606,"executionTime":21.04172706604004,"totalTime":21.616479873657227,"V":1000,"E":99554}