{"maxFlow":5288,"minCut":[],"initializationTime":6.4514241218566895,"executionTime":71.26329803466797,"totalTime":77.7147216796875,"V":1000,"E":999000}