{"maxFlow":4232,"minCut":[],"initializationTime":1.569983959197998,"executionTime":236.36265563964844,"totalTime":237.93263244628906,"V":1000,"E":798960}