{"maxFlow":3554,"minCut":[],"initializationTime":1.599071979522705,"executionTime":221.5687713623047,"totalTime":223.1678466796875,"V":1000,"E":699489}