{"maxFlow":2705,"minCut":[],"initializationTime":1.3265279531478882,"executionTime":182.8719940185547,"totalTime":184.1985321044922,"V":1000,"E":499792}