{"maxFlow":533,"minCut":[],"initializationTime":0.8295680284500122,"executionTime":31.816959381103516,"totalTime":32.64652633666992,"V":1000,"E":99554}