{"maxFlow":3189,"minCut":[],"initializationTime":1.7076799869537354,"executionTime":215.4937286376953,"totalTime":217.20140075683594,"V":1000,"E":599592}