{"maxFlow":5288,"minCut":[],"initializationTime":1.656831979751587,"executionTime":99.60281372070313,"totalTime":101.25965118408203,"V":1000,"E":999000}