{"maxFlow":4232,"minCut":[],"initializationTime":8.94752025604248,"executionTime":76.50924682617188,"totalTime":85.4567642211914,"V":1000,"E":798960}