{"maxFlow":5288,"minCut":[],"initializationTime":1.6357120275497437,"executionTime":212.79168701171875,"totalTime":214.42739868164063,"V":1000,"E":999000}