{"maxFlow":5019,"minCut":[],"initializationTime":7.859936237335205,"executionTime":75.8340835571289,"totalTime":83.69401550292969,"V":1000,"E":898956}