{"maxFlow":533,"minCut":[],"initializationTime":0.5735039710998535,"executionTime":20.778079986572266,"totalTime":21.35158348083496,"V":1000,"E":99554}