{"maxFlow":1045,"minCut":[],"initializationTime":1.1122239828109741,"executionTime":66.04783630371094,"totalTime":67.16006469726563,"V":1000,"E":199816}