{"maxFlow":2121,"minCut":[],"initializationTime":1.22707200050354,"executionTime":95.97929382324219,"totalTime":97.20636749267578,"V":1000,"E":399515}