{"maxFlow":2121,"minCut":[],"initializationTime":1.8865920305252075,"executionTime":97.70809936523438,"totalTime":99.59468841552734,"V":1000,"E":399515}