{"maxFlow":5019,"minCut":[],"initializationTime":1.5909440517425537,"executionTime":217.0389404296875,"totalTime":218.6298828125,"V":1000,"E":898956}