{"maxFlow":2705,"minCut":[],"initializationTime":2.101248025894165,"executionTime":109.90985870361328,"totalTime":112.01110076904297,"V":1000,"E":499792}