{"maxFlow":1460,"minCut":[],"initializationTime":1.5571839809417725,"executionTime":81.72393798828125,"totalTime":83.28112030029297,"V":1000,"E":300122}