{"maxFlow":3554,"minCut":[],"initializationTime":1.5612159967422485,"executionTime":126.74217224121094,"totalTime":128.3033905029297,"V":1000,"E":699489}