{"maxFlow":5019,"minCut":[],"initializationTime":7.980095863342285,"executionTime":75.85295867919922,"totalTime":83.83305358886719,"V":1000,"E":898956}