{"maxFlow":1460,"minCut":[],"initializationTime":10.265791893005371,"executionTime":74.94467163085938,"totalTime":85.21046447753906,"V":1000,"E":300122}