{"maxFlow":1460,"minCut":[],"initializationTime":9.902815818786621,"executionTime":74.8084487915039,"totalTime":84.71126556396484,"V":1000,"E":300122}