{"maxFlow":5019,"minCut":[],"initializationTime":7.587103843688965,"executionTime":75.69068908691406,"totalTime":83.27779388427734,"V":1000,"E":898956}