{"maxFlow":3554,"minCut":[],"initializationTime":10.237600326538086,"executionTime":78.13465881347656,"totalTime":88.37225341796875,"V":1000,"E":699489}