{"maxFlow":1045,"minCut":[],"initializationTime":8.441408157348633,"executionTime":69.95686340332031,"totalTime":78.39826965332031,"V":1000,"E":199816}