{"maxFlow":1045,"minCut":[],"initializationTime":8.79535961151123,"executionTime":70.29261016845703,"totalTime":79.08796691894531,"V":1000,"E":199816}