{"maxFlow":5288,"minCut":[],"initializationTime":1.6952639818191528,"executionTime":96.10931396484375,"totalTime":97.80457305908203,"V":1000,"E":999000}