{"maxFlow":5019,"minCut":[],"initializationTime":1.6345280408859253,"executionTime":232.8382110595703,"totalTime":234.4727325439453,"V":1000,"E":898956}