{"maxFlow":2705,"minCut":[],"initializationTime":2.0582399368286133,"executionTime":190.95648193359375,"totalTime":193.0147247314453,"V":1000,"E":499792}