{"maxFlow":3554,"minCut":[],"initializationTime":10.226719856262207,"executionTime":77.68982696533203,"totalTime":87.91654205322266,"V":1000,"E":699489}