{"maxFlow":1460,"minCut":[],"initializationTime":9.931391716003418,"executionTime":74.85964965820313,"totalTime":84.7910385131836,"V":1000,"E":300122}