{"maxFlow":5019,"minCut":[],"initializationTime":1.6097279787063599,"executionTime":117.65740966796875,"totalTime":119.26713562011719,"V":1000,"E":898956}