{"maxFlow":4232,"minCut":[],"initializationTime":1.6257280111312866,"executionTime":218.4051513671875,"totalTime":220.0308837890625,"V":1000,"E":798960}