{"maxFlow":4232,"minCut":[],"initializationTime":8.960991859436035,"executionTime":76.59648132324219,"totalTime":85.5574722290039,"V":1000,"E":798960}