{"maxFlow":2121,"minCut":[],"initializationTime":1.7100800275802612,"executionTime":149.93849182128906,"totalTime":151.64857482910156,"V":1000,"E":399515}