{"maxFlow":5019,"minCut":[],"initializationTime":1.6484160423278809,"executionTime":117.29261016845703,"totalTime":118.94102478027344,"V":1000,"E":898956}