{"maxFlow":3189,"minCut":[],"initializationTime":1.5396480560302734,"executionTime":114.13526153564453,"totalTime":115.67491149902344,"V":1000,"E":599592}