{"maxFlow":3554,"minCut":[],"initializationTime":1.558527946472168,"executionTime":234.01324462890625,"totalTime":235.57177734375,"V":1000,"E":699489}