{"maxFlow":5288,"minCut":[],"initializationTime":1.599776029586792,"executionTime":222.06790161132813,"totalTime":223.6676788330078,"V":1000,"E":999000}