{"maxFlow":1045,"minCut":[],"initializationTime":1.1257280111312866,"executionTime":45.30662536621094,"totalTime":46.432350158691406,"V":1000,"E":199816}