{"maxFlow":2121,"minCut":[],"initializationTime":1.808127999305725,"executionTime":160.142822265625,"totalTime":161.95094299316406,"V":1000,"E":399515}