{"maxFlow":2121,"minCut":[],"initializationTime":1.2137919664382935,"executionTime":96.20313262939453,"totalTime":97.41693115234375,"V":1000,"E":399515}