{"maxFlow":3189,"minCut":[],"initializationTime":11.683487892150879,"executionTime":78.78390502929688,"totalTime":90.46739196777344,"V":1000,"E":599592}