{"maxFlow":4232,"minCut":[],"initializationTime":1.642624020576477,"executionTime":121.738525390625,"totalTime":123.38114929199219,"V":1000,"E":798960}