{"maxFlow":533,"minCut":[],"initializationTime":0.802623987197876,"executionTime":31.521055221557617,"totalTime":32.32368087768555,"V":1000,"E":99554}