{"maxFlow":3554,"minCut":[],"initializationTime":1.5129280090332031,"executionTime":232.2980499267578,"totalTime":233.81097412109375,"V":1000,"E":699489}