{"maxFlow":2121,"minCut":[],"initializationTime":11.388319969177246,"executionTime":77.83638763427734,"totalTime":89.22470092773438,"V":1000,"E":399515}