{"maxFlow":1460,"minCut":[],"initializationTime":1.6160000562667847,"executionTime":129.9210205078125,"totalTime":131.53701782226563,"V":1000,"E":300122}