{"maxFlow":1460,"minCut":[],"initializationTime":1.5705599784851074,"executionTime":81.75369262695313,"totalTime":83.32425689697266,"V":1000,"E":300122}