{"maxFlow":533,"minCut":[],"initializationTime":0.8128640055656433,"executionTime":21.244735717773438,"totalTime":22.057600021362305,"V":1000,"E":99554}