{"maxFlow":4232,"minCut":[],"initializationTime":8.919808387756348,"executionTime":76.54460906982422,"totalTime":85.46441650390625,"V":1000,"E":798960}