{"maxFlow":2705,"minCut":[],"initializationTime":1.3760960102081299,"executionTime":186.57113647460938,"totalTime":187.94723510742188,"V":1000,"E":499792}