{"maxFlow":4232,"minCut":[],"initializationTime":1.6347520351409912,"executionTime":122.92765045166016,"totalTime":124.5624008178711,"V":1000,"E":798960}