{"maxFlow":5288,"minCut":[],"initializationTime":1.684224009513855,"executionTime":107.53657531738281,"totalTime":109.2208023071289,"V":1000,"E":999000}