{"maxFlow":3554,"minCut":[],"initializationTime":10.38764762878418,"executionTime":77.53577423095703,"totalTime":87.92342376708984,"V":1000,"E":699489}