{"maxFlow":2705,"minCut":[],"initializationTime":12.542176246643066,"executionTime":79.7266845703125,"totalTime":92.26886749267578,"V":1000,"E":499792}