{"maxFlow":3189,"minCut":[],"initializationTime":11.655712127685547,"executionTime":78.83622741699219,"totalTime":90.49193572998047,"V":1000,"E":599592}