{"maxFlow":4232,"minCut":[],"initializationTime":1.5911680459976196,"executionTime":126.14723205566406,"totalTime":127.7384033203125,"V":1000,"E":798960}