{"maxFlow":3189,"minCut":[],"initializationTime":1.4993599653244019,"executionTime":116.12716674804688,"totalTime":117.62652587890625,"V":1000,"E":599592}