{"maxFlow":5288,"minCut":[],"initializationTime":1.6313600540161133,"executionTime":103.45423889160156,"totalTime":105.08560180664063,"V":1000,"E":999000}