{"maxFlow":3189,"minCut":[],"initializationTime":11.645503997802734,"executionTime":78.2712631225586,"totalTime":89.9167709350586,"V":1000,"E":599592}