{"maxFlow":2121,"minCut":[],"initializationTime":1.8596160411834717,"executionTime":97.34873962402344,"totalTime":99.2083511352539,"V":1000,"E":399515}