{"maxFlow":1045,"minCut":[],"initializationTime":1.1215360164642334,"executionTime":66.28870391845703,"totalTime":67.41024017333984,"V":1000,"E":199816}