{"maxFlow":1045,"minCut":[],"initializationTime":1.1673599481582642,"executionTime":43.926719665527344,"totalTime":45.09408187866211,"V":1000,"E":199816}