{"maxFlow":1045,"minCut":[],"initializationTime":0.8408640027046204,"executionTime":41.94963073730469,"totalTime":42.790496826171875,"V":1000,"E":199816}