{"maxFlow":1045,"minCut":[],"initializationTime":8.914912223815918,"executionTime":70.04790496826172,"totalTime":78.96281433105469,"V":1000,"E":199816}