{"maxFlow":3554,"minCut":[],"initializationTime":10.217791557312012,"executionTime":77.47760009765625,"totalTime":87.69538879394531,"V":1000,"E":699489}