{"maxFlow":4232,"minCut":[],"initializationTime":8.909440040588379,"executionTime":76.9599380493164,"totalTime":85.86937713623047,"V":1000,"E":798960}