{"maxFlow":533,"minCut":[],"initializationTime":7.566783905029297,"executionTime":62.34316635131836,"totalTime":69.90995025634766,"V":1000,"E":99554}