{"maxFlow":5288,"minCut":[],"initializationTime":1.6343040466308594,"executionTime":104.27001953125,"totalTime":105.9043197631836,"V":1000,"E":999000}