{"maxFlow":3189,"minCut":[],"initializationTime":11.73852825164795,"executionTime":79.0137939453125,"totalTime":90.7523193359375,"V":1000,"E":599592}