{"maxFlow":4232,"minCut":[],"initializationTime":1.5941760540008545,"executionTime":208.76412963867188,"totalTime":210.35830688476563,"V":1000,"E":798960}