{"maxFlow":5019,"minCut":[],"initializationTime":1.6118719577789307,"executionTime":120.55206298828125,"totalTime":122.16393280029297,"V":1000,"E":898956}