{"maxFlow":5288,"minCut":[],"initializationTime":1.6393280029296875,"executionTime":103.61551666259766,"totalTime":105.25484466552734,"V":1000,"E":999000}