{"maxFlow":5288,"minCut":[],"initializationTime":1.6609280109405518,"executionTime":195.74185180664063,"totalTime":197.4027862548828,"V":1000,"E":999000}