{"maxFlow":4232,"minCut":[],"initializationTime":1.5694719552993774,"executionTime":122.2721939086914,"totalTime":123.84166717529297,"V":1000,"E":798960}