{"maxFlow":2121,"minCut":[],"initializationTime":11.588159561157227,"executionTime":77.8796157836914,"totalTime":89.4677734375,"V":1000,"E":399515}