{"maxFlow":4232,"minCut":[],"initializationTime":1.5665919780731201,"executionTime":210.4644775390625,"totalTime":212.03106689453125,"V":1000,"E":798960}