{"maxFlow":1045,"minCut":[],"initializationTime":0.8089600205421448,"executionTime":65.86902618408203,"totalTime":66.67798614501953,"V":1000,"E":199816}