{"maxFlow":1045,"minCut":[],"initializationTime":1.1128640174865723,"executionTime":65.66864013671875,"totalTime":66.78150177001953,"V":1000,"E":199816}