{"maxFlow":4232,"minCut":[],"initializationTime":1.620479941368103,"executionTime":120.99574279785156,"totalTime":122.61622619628906,"V":1000,"E":798960}