{"maxFlow":3189,"minCut":[],"initializationTime":1.43014395236969,"executionTime":116.28873443603516,"totalTime":117.71887969970703,"V":1000,"E":599592}