{"maxFlow":533,"minCut":[],"initializationTime":0.5799679756164551,"executionTime":26.980831146240234,"totalTime":27.560800552368164,"V":1000,"E":99554}