{"maxFlow":2705,"minCut":[],"initializationTime":12.54800033569336,"executionTime":79.44815826416016,"totalTime":91.99616241455078,"V":1000,"E":499792}