{"maxFlow":533,"minCut":[],"initializationTime":0.8224639892578125,"executionTime":31.85001564025879,"totalTime":32.672481536865234,"V":1000,"E":99554}