{"maxFlow":2705,"minCut":[],"initializationTime":12.470560073852539,"executionTime":79.59069061279297,"totalTime":92.06124877929688,"V":1000,"E":499792}