{"maxFlow":1460,"minCut":[],"initializationTime":9.948160171508789,"executionTime":74.85363006591797,"totalTime":84.80178833007813,"V":1000,"E":300122}