{"maxFlow":533,"minCut":[],"initializationTime":0.8010560274124146,"executionTime":21.645471572875977,"totalTime":22.4465274810791,"V":1000,"E":99554}