{"maxFlow":533,"minCut":[],"initializationTime":0.8295040130615234,"executionTime":21.38719940185547,"totalTime":22.216703414916992,"V":1000,"E":99554}