{"maxFlow":5019,"minCut":[],"initializationTime":7.67139196395874,"executionTime":76.220703125,"totalTime":83.89209747314453,"V":1000,"E":898956}