{"maxFlow":1045,"minCut":[],"initializationTime":8.737024307250977,"executionTime":69.8858871459961,"totalTime":78.62290954589844,"V":1000,"E":199816}