{"maxFlow":1460,"minCut":[],"initializationTime":1.8976000547409058,"executionTime":81.78972625732422,"totalTime":83.68732452392578,"V":1000,"E":300122}