{"maxFlow":2121,"minCut":[],"initializationTime":1.8614720106124878,"executionTime":98.01136016845703,"totalTime":99.87283325195313,"V":1000,"E":399515}