{"maxFlow":533,"minCut":[],"initializationTime":7.238527774810791,"executionTime":62.291839599609375,"totalTime":69.53036499023438,"V":1000,"E":99554}