{"maxFlow":1460,"minCut":[],"initializationTime":1.5337920188903809,"executionTime":130.1491241455078,"totalTime":131.6829071044922,"V":1000,"E":300122}