{"maxFlow":2705,"minCut":[],"initializationTime":2.1277120113372803,"executionTime":191.64906311035156,"totalTime":193.77676391601563,"V":1000,"E":499792}