{"maxFlow":5288,"minCut":[],"initializationTime":6.372735977172852,"executionTime":71.11225891113281,"totalTime":77.48499298095703,"V":1000,"E":999000}