{"maxFlow":5288,"minCut":[],"initializationTime":1.6925760507583618,"executionTime":100.93440246582031,"totalTime":102.6269760131836,"V":1000,"E":999000}