{"maxFlow":1460,"minCut":[],"initializationTime":1.5441919565200806,"executionTime":82.02057647705078,"totalTime":83.56476593017578,"V":1000,"E":300122}