{"maxFlow":1045,"minCut":[],"initializationTime":8.59603214263916,"executionTime":69.96275329589844,"totalTime":78.55878448486328,"V":1000,"E":199816}