{"maxFlow":3189,"minCut":[],"initializationTime":1.492959976196289,"executionTime":115.95878601074219,"totalTime":117.45174407958984,"V":1000,"E":599592}