{"maxFlow":3554,"minCut":[],"initializationTime":1.5211520195007324,"executionTime":227.19027709960938,"totalTime":228.71142578125,"V":1000,"E":699489}