{"maxFlow":2121,"minCut":[],"initializationTime":2.1080000400543213,"executionTime":98.34652709960938,"totalTime":100.45452880859375,"V":1000,"E":399515}