{"maxFlow":5019,"minCut":[],"initializationTime":1.6034239530563354,"executionTime":209.8709716796875,"totalTime":211.47439575195313,"V":1000,"E":898956}