{"maxFlow":3189,"minCut":[],"initializationTime":1.482367992401123,"executionTime":115.77686309814453,"totalTime":117.25923156738281,"V":1000,"E":599592}