{"maxFlow":4232,"minCut":[],"initializationTime":1.6083840131759644,"executionTime":236.88096618652344,"totalTime":238.48934936523438,"V":1000,"E":798960}