{"maxFlow":1460,"minCut":[],"initializationTime":1.4917759895324707,"executionTime":81.81139373779297,"totalTime":83.30316925048828,"V":1000,"E":300122}