{"maxFlow":533,"minCut":[],"initializationTime":0.8043519854545593,"executionTime":31.817312240600586,"totalTime":32.62166213989258,"V":1000,"E":99554}