{"maxFlow":5019,"minCut":[],"initializationTime":1.665824055671692,"executionTime":117.30425262451172,"totalTime":118.97007751464844,"V":1000,"E":898956}