{"maxFlow":4232,"minCut":[],"initializationTime":1.646496057510376,"executionTime":230.75050354003906,"totalTime":232.39698791503906,"V":1000,"E":798960}