{"maxFlow":2705,"minCut":[],"initializationTime":1.9824320077896118,"executionTime":173.6273956298828,"totalTime":175.6098175048828,"V":1000,"E":499792}