{"maxFlow":3554,"minCut":[],"initializationTime":1.5605759620666504,"executionTime":127.84540557861328,"totalTime":129.40599060058594,"V":1000,"E":699489}