{"maxFlow":1460,"minCut":[],"initializationTime":1.514016032218933,"executionTime":130.52227783203125,"totalTime":132.03628540039063,"V":1000,"E":300122}