{"maxFlow":1460,"minCut":[],"initializationTime":1.6171200275421143,"executionTime":81.14678192138672,"totalTime":82.76390075683594,"V":1000,"E":300122}