{"maxFlow":1460,"minCut":[],"initializationTime":1.0565760135650635,"executionTime":79.74237060546875,"totalTime":80.79894256591797,"V":1000,"E":300122}