{"maxFlow":4232,"minCut":[],"initializationTime":1.6095999479293823,"executionTime":237.01528930664063,"totalTime":238.62489318847656,"V":1000,"E":798960}