{"maxFlow":533,"minCut":[],"initializationTime":0.8040000200271606,"executionTime":31.526399612426758,"totalTime":32.33039855957031,"V":1000,"E":99554}