{"maxFlow":533,"minCut":[],"initializationTime":0.8970239758491516,"executionTime":22.18195152282715,"totalTime":23.078975677490234,"V":1000,"E":99554}