{"maxFlow":3554,"minCut":[],"initializationTime":1.6036479473114014,"executionTime":125.62083435058594,"totalTime":127.22447967529297,"V":1000,"E":699489}