{"maxFlow":4232,"minCut":[],"initializationTime":9.225343704223633,"executionTime":76.7224349975586,"totalTime":85.9477767944336,"V":1000,"E":798960}