{"maxFlow":3554,"minCut":[],"initializationTime":1.534816026687622,"executionTime":233.97401428222656,"totalTime":235.5088348388672,"V":1000,"E":699489}