{"maxFlow":1460,"minCut":[],"initializationTime":1.0371840000152588,"executionTime":80.00614166259766,"totalTime":81.04332733154297,"V":1000,"E":300122}