{"maxFlow":5019,"minCut":[],"initializationTime":1.5857599973678589,"executionTime":202.93148803710938,"totalTime":204.51724243164063,"V":1000,"E":898956}