{"maxFlow":2121,"minCut":[],"initializationTime":11.368608474731445,"executionTime":77.81132507324219,"totalTime":89.17993927001953,"V":1000,"E":399515}