{"maxFlow":4232,"minCut":[],"initializationTime":8.964960098266602,"executionTime":76.55033874511719,"totalTime":85.51529693603516,"V":1000,"E":798960}