{"maxFlow":5019,"minCut":[],"initializationTime":10.014880180358887,"executionTime":75.8141098022461,"totalTime":85.82899475097656,"V":1000,"E":898956}