{"maxFlow":5288,"minCut":[],"initializationTime":1.6370240449905396,"executionTime":105.40188598632813,"totalTime":107.03890991210938,"V":1000,"E":999000}