{"maxFlow":2121,"minCut":[],"initializationTime":11.444031715393066,"executionTime":77.71529388427734,"totalTime":89.1593246459961,"V":1000,"E":399515}