{"maxFlow":1045,"minCut":[],"initializationTime":1.1432640552520752,"executionTime":57.451934814453125,"totalTime":58.59519958496094,"V":1000,"E":199816}