{"maxFlow":4232,"minCut":[],"initializationTime":1.5877439975738525,"executionTime":236.63235473632813,"totalTime":238.2200927734375,"V":1000,"E":798960}