{"maxFlow":4232,"minCut":[],"initializationTime":8.95622444152832,"executionTime":77.06883239746094,"totalTime":86.02505493164063,"V":1000,"E":798960}