{"maxFlow":3189,"minCut":[],"initializationTime":1.4710400104522705,"executionTime":213.9754180908203,"totalTime":215.4464569091797,"V":1000,"E":599592}