{"maxFlow":5288,"minCut":[],"initializationTime":1.642143964767456,"executionTime":198.42611694335938,"totalTime":200.06825256347656,"V":1000,"E":999000}