{"maxFlow":5019,"minCut":[],"initializationTime":1.6661440134048462,"executionTime":115.04390716552734,"totalTime":116.71004486083984,"V":1000,"E":898956}