{"maxFlow":4232,"minCut":[],"initializationTime":1.6063040494918823,"executionTime":125.13318634033203,"totalTime":126.73948669433594,"V":1000,"E":798960}