{"maxFlow":3554,"minCut":[],"initializationTime":1.5647039413452148,"executionTime":126.6337890625,"totalTime":128.19850158691406,"V":1000,"E":699489}