{"maxFlow":4232,"minCut":[],"initializationTime":1.5998400449752808,"executionTime":236.64572143554688,"totalTime":238.24557495117188,"V":1000,"E":798960}