{"maxFlow":1460,"minCut":[],"initializationTime":1.5912959575653076,"executionTime":130.13436889648438,"totalTime":131.7256622314453,"V":1000,"E":300122}