{"maxFlow":3189,"minCut":[],"initializationTime":1.4676480293273926,"executionTime":200.54934692382813,"totalTime":202.01699829101563,"V":1000,"E":599592}