{"maxFlow":2705,"minCut":[],"initializationTime":12.704352378845215,"executionTime":79.80633544921875,"totalTime":92.51068878173828,"V":1000,"E":499792}