{"maxFlow":5288,"minCut":[],"initializationTime":1.6560640335083008,"executionTime":106.76710510253906,"totalTime":108.42316436767578,"V":1000,"E":999000}