{"maxFlow":533,"minCut":[],"initializationTime":7.207007884979248,"executionTime":62.02774429321289,"totalTime":69.23474884033203,"V":1000,"E":99554}