{"maxFlow":2705,"minCut":[],"initializationTime":2.1729280948638916,"executionTime":191.22259521484375,"totalTime":193.39552307128906,"V":1000,"E":499792}