{"maxFlow":3189,"minCut":[],"initializationTime":1.4720640182495117,"executionTime":216.00352478027344,"totalTime":217.4755859375,"V":1000,"E":599592}