{"maxFlow":3189,"minCut":[],"initializationTime":1.474560022354126,"executionTime":115.75193786621094,"totalTime":117.22649383544922,"V":1000,"E":599592}