{"maxFlow":2121,"minCut":[],"initializationTime":11.423999786376953,"executionTime":77.76211547851563,"totalTime":89.18611145019531,"V":1000,"E":399515}