{"maxFlow":3554,"minCut":[],"initializationTime":10.138591766357422,"executionTime":78.00822448730469,"totalTime":88.14681243896484,"V":1000,"E":699489}