{"maxFlow":3189,"minCut":[],"initializationTime":1.4772160053253174,"executionTime":214.57066345214844,"totalTime":216.04786682128906,"V":1000,"E":599592}