{"maxFlow":2121,"minCut":[],"initializationTime":11.435711860656738,"executionTime":77.89087677001953,"totalTime":89.32659149169922,"V":1000,"E":399515}