{"maxFlow":5288,"minCut":[],"initializationTime":6.427167892456055,"executionTime":71.10662078857422,"totalTime":77.5337905883789,"V":1000,"E":999000}