{"maxFlow":5019,"minCut":[],"initializationTime":1.6177279949188232,"executionTime":202.14105224609375,"totalTime":203.7587890625,"V":1000,"E":898956}