{"maxFlow":3554,"minCut":[],"initializationTime":1.5326720476150513,"executionTime":212.66444396972656,"totalTime":214.19711303710938,"V":1000,"E":699489}