{"maxFlow":3189,"minCut":[],"initializationTime":11.803168296813965,"executionTime":78.92940521240234,"totalTime":90.73257446289063,"V":1000,"E":599592}