{"maxFlow":2121,"minCut":[],"initializationTime":1.863808035850525,"executionTime":156.9917449951172,"totalTime":158.8555450439453,"V":1000,"E":399515}