{"maxFlow":2705,"minCut":[],"initializationTime":2.111583948135376,"executionTime":111.14217376708984,"totalTime":113.2537612915039,"V":1000,"E":499792}