{"maxFlow":2121,"minCut":[],"initializationTime":1.839136004447937,"executionTime":97.88374328613281,"totalTime":99.7228775024414,"V":1000,"E":399515}