{"maxFlow":3554,"minCut":[],"initializationTime":1.555232048034668,"executionTime":232.2433624267578,"totalTime":233.79859924316406,"V":1000,"E":699489}