{"maxFlow":533,"minCut":[],"initializationTime":7.285120010375977,"executionTime":62.094398498535156,"totalTime":69.3795166015625,"V":1000,"E":99554}