{"maxFlow":533,"minCut":[],"initializationTime":0.8249599933624268,"executionTime":27.011775970458984,"totalTime":27.83673667907715,"V":1000,"E":99554}