{"maxFlow":3554,"minCut":[],"initializationTime":10.149567604064941,"executionTime":77.48563385009766,"totalTime":87.63520050048828,"V":1000,"E":699489}