{"maxFlow":5019,"minCut":[],"initializationTime":7.922463893890381,"executionTime":75.789794921875,"totalTime":83.7122573852539,"V":1000,"E":898956}