{"maxFlow":5019,"minCut":[],"initializationTime":1.642624020576477,"executionTime":214.32150268554688,"totalTime":215.96412658691406,"V":1000,"E":898956}