{"maxFlow":1460,"minCut":[],"initializationTime":10.028800010681152,"executionTime":75.07023620605469,"totalTime":85.09903717041016,"V":1000,"E":300122}