{"maxFlow":4232,"minCut":[],"initializationTime":1.5851839780807495,"executionTime":121.69526672363281,"totalTime":123.28044891357422,"V":1000,"E":798960}