{"maxFlow":1045,"minCut":[],"initializationTime":8.59119987487793,"executionTime":70.02015686035156,"totalTime":78.61135864257813,"V":1000,"E":199816}