{"maxFlow":2705,"minCut":[],"initializationTime":2.130784034729004,"executionTime":186.5424346923828,"totalTime":188.6732177734375,"V":1000,"E":499792}