{"maxFlow":5288,"minCut":[],"initializationTime":6.485151767730713,"executionTime":71.21449279785156,"totalTime":77.69964599609375,"V":1000,"E":999000}