{"maxFlow":1045,"minCut":[],"initializationTime":8.619296073913574,"executionTime":69.94226837158203,"totalTime":78.56156921386719,"V":1000,"E":199816}