{"maxFlow":2121,"minCut":[],"initializationTime":1.2114239931106567,"executionTime":124.59974670410156,"totalTime":125.81116485595703,"V":1000,"E":399515}