{"maxFlow":533,"minCut":[],"initializationTime":0.8523520231246948,"executionTime":44.08467102050781,"totalTime":44.9370231628418,"V":1000,"E":99554}