{"maxFlow":2705,"minCut":[],"initializationTime":12.359040260314941,"executionTime":79.65312194824219,"totalTime":92.01216125488281,"V":1000,"E":499792}