{"maxFlow":1460,"minCut":[],"initializationTime":10.015359878540039,"executionTime":74.86163330078125,"totalTime":84.87699127197266,"V":1000,"E":300122}