{"maxFlow":533,"minCut":[],"initializationTime":7.239999771118164,"executionTime":62.15203094482422,"totalTime":69.39202880859375,"V":1000,"E":99554}