{"maxFlow":4232,"minCut":[],"initializationTime":8.953760147094727,"executionTime":77.10610961914063,"totalTime":86.05987548828125,"V":1000,"E":798960}