{"maxFlow":1045,"minCut":[],"initializationTime":8.541536331176758,"executionTime":69.93427276611328,"totalTime":78.4758071899414,"V":1000,"E":199816}