{"maxFlow":1460,"minCut":[],"initializationTime":1.0016319751739502,"executionTime":129.1894073486328,"totalTime":130.1910400390625,"V":1000,"E":300122}