{"maxFlow":1045,"minCut":[],"initializationTime":0.8395199775695801,"executionTime":44.85433578491211,"totalTime":45.69385528564453,"V":1000,"E":199816}