{"maxFlow":533,"minCut":[],"initializationTime":0.7714239954948425,"executionTime":31.723007202148438,"totalTime":32.49443054199219,"V":1000,"E":99554}