{"maxFlow":5019,"minCut":[],"initializationTime":7.616032123565674,"executionTime":76.13123321533203,"totalTime":83.74726104736328,"V":1000,"E":898956}