{"maxFlow":2705,"minCut":[],"initializationTime":1.3424960374832153,"executionTime":109.52310180664063,"totalTime":110.8656005859375,"V":1000,"E":499792}