{"maxFlow":2705,"minCut":[],"initializationTime":1.9831039905548096,"executionTime":109.82947540283203,"totalTime":111.81257629394531,"V":1000,"E":499792}