{"maxFlow":2705,"minCut":[],"initializationTime":1.38646399974823,"executionTime":109.40943908691406,"totalTime":110.79590606689453,"V":1000,"E":499792}