{"maxFlow":5288,"minCut":[],"initializationTime":1.6546880006790161,"executionTime":221.89552307128906,"totalTime":223.55020141601563,"V":1000,"E":999000}