{"maxFlow":4232,"minCut":[],"initializationTime":8.94371223449707,"executionTime":76.75363159179688,"totalTime":85.69734191894531,"V":1000,"E":798960}