{"maxFlow":2121,"minCut":[],"initializationTime":1.834272027015686,"executionTime":154.2256622314453,"totalTime":156.0599365234375,"V":1000,"E":399515}