{"maxFlow":3189,"minCut":[],"initializationTime":11.632863998413086,"executionTime":78.39148712158203,"totalTime":90.02435302734375,"V":1000,"E":599592}