{"maxFlow":1460,"minCut":[],"initializationTime":1.5035200119018555,"executionTime":130.28311157226563,"totalTime":131.78662109375,"V":1000,"E":300122}