{"maxFlow":533,"minCut":[],"initializationTime":0.5509120225906372,"executionTime":31.391008377075195,"totalTime":31.941919326782227,"V":1000,"E":99554}