{"maxFlow":5288,"minCut":[],"initializationTime":1.6105600595474243,"executionTime":222.0648956298828,"totalTime":223.6754608154297,"V":1000,"E":999000}