{"maxFlow":3189,"minCut":[],"initializationTime":1.4825600385665894,"executionTime":205.846435546875,"totalTime":207.32899475097656,"V":1000,"E":599592}