{"maxFlow":5288,"minCut":[],"initializationTime":6.767712116241455,"executionTime":71.28963470458984,"totalTime":78.05734252929688,"V":1000,"E":999000}