{"maxFlow":1045,"minCut":[],"initializationTime":8.907967567443848,"executionTime":70.14486694335938,"totalTime":79.0528335571289,"V":1000,"E":199816}