{"maxFlow":5019,"minCut":[],"initializationTime":1.618399977684021,"executionTime":118.01577758789063,"totalTime":119.6341781616211,"V":1000,"E":898956}