{"maxFlow":4232,"minCut":[],"initializationTime":8.909248352050781,"executionTime":76.49504089355469,"totalTime":85.40428924560547,"V":1000,"E":798960}