{"maxFlow":3189,"minCut":[],"initializationTime":11.678496360778809,"executionTime":78.99382019042969,"totalTime":90.67231750488281,"V":1000,"E":599592}