{"maxFlow":5288,"minCut":[],"initializationTime":6.426112174987793,"executionTime":71.45699310302734,"totalTime":77.88310241699219,"V":1000,"E":999000}