{"maxFlow":3554,"minCut":[],"initializationTime":1.585055947303772,"executionTime":126.0904312133789,"totalTime":127.67549133300781,"V":1000,"E":699489}