{"maxFlow":3554,"minCut":[],"initializationTime":1.5323840379714966,"executionTime":125.51900482177734,"totalTime":127.0513916015625,"V":1000,"E":699489}