{"maxFlow":2121,"minCut":[],"initializationTime":1.2375999689102173,"executionTime":95.56463623046875,"totalTime":96.80223846435547,"V":1000,"E":399515}