{"maxFlow":5288,"minCut":[],"initializationTime":6.403007984161377,"executionTime":70.9617919921875,"totalTime":77.36479949951172,"V":1000,"E":999000}