{"maxFlow":1460,"minCut":[],"initializationTime":1.5437439680099487,"executionTime":81.13187408447266,"totalTime":82.67561340332031,"V":1000,"E":300122}