{"maxFlow":1460,"minCut":[],"initializationTime":1.5155199766159058,"executionTime":81.96883392333984,"totalTime":83.4843521118164,"V":1000,"E":300122}