{"maxFlow":3189,"minCut":[],"initializationTime":1.452191948890686,"executionTime":116.91500854492188,"totalTime":118.36720275878906,"V":1000,"E":599592}