{"maxFlow":3189,"minCut":[],"initializationTime":11.689727783203125,"executionTime":78.24288177490234,"totalTime":89.93260955810547,"V":1000,"E":599592}