{"maxFlow":2705,"minCut":[],"initializationTime":12.451295852661133,"executionTime":79.14899444580078,"totalTime":91.60028839111328,"V":1000,"E":499792}