{"maxFlow":2705,"minCut":[],"initializationTime":12.72111988067627,"executionTime":79.67622375488281,"totalTime":92.39734649658203,"V":1000,"E":499792}