{"maxFlow":5288,"minCut":[],"initializationTime":6.364223957061768,"executionTime":71.47539520263672,"totalTime":77.83961486816406,"V":1000,"E":999000}