{"maxFlow":3189,"minCut":[],"initializationTime":1.5974400043487549,"executionTime":118.01618957519531,"totalTime":119.61363220214844,"V":1000,"E":599592}