{"maxFlow":2705,"minCut":[],"initializationTime":2.0376639366149902,"executionTime":192.00901794433594,"totalTime":194.04669189453125,"V":1000,"E":499792}