{"maxFlow":5019,"minCut":[],"initializationTime":1.5975680351257324,"executionTime":118.235107421875,"totalTime":119.83267211914063,"V":1000,"E":898956}