{"maxFlow":5288,"minCut":[],"initializationTime":1.6147199869155884,"executionTime":221.67254638671875,"totalTime":223.28726196289063,"V":1000,"E":999000}