{"maxFlow":3189,"minCut":[],"initializationTime":1.5234880447387695,"executionTime":198.9215087890625,"totalTime":200.4449920654297,"V":1000,"E":599592}