{"maxFlow":2705,"minCut":[],"initializationTime":1.3864959478378296,"executionTime":174.9165496826172,"totalTime":176.30303955078125,"V":1000,"E":499792}