{"maxFlow":3554,"minCut":[],"initializationTime":1.6015360355377197,"executionTime":126.19900512695313,"totalTime":127.80054473876953,"V":1000,"E":699489}