{"maxFlow":3554,"minCut":[],"initializationTime":1.5547200441360474,"executionTime":211.28236389160156,"totalTime":212.8370819091797,"V":1000,"E":699489}