{"maxFlow":2705,"minCut":[],"initializationTime":2.5088000297546387,"executionTime":111.16646575927734,"totalTime":113.67526245117188,"V":1000,"E":499792}