{"maxFlow":4232,"minCut":[],"initializationTime":1.5998719930648804,"executionTime":122.99388885498047,"totalTime":124.59375762939453,"V":1000,"E":798960}