{"maxFlow":33349,"minCut":[1,26987,27371,35579,37495,38244,38245,40547,40928,40931,41312,41315,41699,43663,44072,44383,44431,44767,45151,45535,45601,45919,45981,46303,46365,46687,46749,47071,47133,47455,47517,47518,47839,48223,48669,50775,52059,52800,52801,53184,53275,53569,53658,53659,53952,53953,54070,54336,54337,54408,54409,54844,55230,55505,55571,55587,55617,55887,55955,55990,56271,56339,56354,56655,56723,56738,57107,57348,57349,57491,57539,57732,58115,58649,59033,59417,59801,60185,60267,60592,61366,61367,62134,62510,62511,62518,62519,62529,62587,62588,62713,62974,62975,64633,64711,64712,65784,67026,67154,67538,67802,67804,67935,68582,68966,69500,69884,69887,70131,70268,70271,70272,70655,70656,70657,71039,71041,77303,26988,27372,35580,38246,44047,45600,45602,45597,47134,48285,49053,50391,52802,53185,53568,53570,53954,54338,55229,55616,55606,55989,56964,57347,56965,57733,57731,58116,58499,61751,61750,62133,62127,62902,62135,62528,62329,64249,69501,69885,69886,70269,70654,71040,71038,45599,50007,52418,53186,55615,55605,56580,56963,61749,62517,62144,61945,62328,69502,70270,70653,45598,52034,55999,56579,61365,62901,61561,61944,51650,55998,56000,56383,61177,55614,55997,56001,56384,55613,55996,56385,55612,55228],"initializationTime":5.693024158477783,"executionTime":3774.72509765625,"totalTime":3780.41796875,"V":110594,"E":518994}