{"maxFlow":39,"minCut":[999],"initializationTime":0.16793599724769592,"executionTime":8.58358383178711,"totalTime":8.751520156860352,"V":1000,"E":13926}