{"maxFlow":6,"minCut":[3],"initializationTime":0.14112000167369843,"executionTime":0.32681599259376526,"totalTime":0.4679360091686249,"V":4,"E":5}