{"maxFlow":76,"minCut":[9999],"initializationTime":0.6072319746017456,"executionTime":77.66710662841797,"totalTime":78.27433776855469,"V":10000,"E":184714}