{"maxFlow":11,"minCut":[5,3],"initializationTime":0.15769599378108978,"executionTime":1.8053760528564453,"totalTime":1.9630719423294067,"V":6,"E":8}