{"maxFlow":39,"minCut":[999],"initializationTime":0.244159996509552,"executionTime":8.365663528442383,"totalTime":8.609824180603027,"V":1000,"E":13926}