{"maxFlow":39,"minCut":[999],"initializationTime":0.16470399498939514,"executionTime":8.116255760192871,"totalTime":8.280960083007813,"V":1000,"E":13926}