{"maxFlow":6,"minCut":[3],"initializationTime":0.1313920021057129,"executionTime":1.641055941581726,"totalTime":1.772447943687439,"V":4,"E":5}