{"maxFlow":11,"minCut":[5,3],"initializationTime":0.1432960033416748,"executionTime":1.6091519594192505,"totalTime":1.7524479627609253,"V":6,"E":8}