{"maxFlow":149,"minCut":[29999],"initializationTime":1.385599970817566,"executionTime":199.30316162109375,"totalTime":200.6887664794922,"V":30000,"E":618504}