{"maxFlow":84,"minCut":[19999],"initializationTime":1.055359959602356,"executionTime":152.5966339111328,"totalTime":153.65199279785156,"V":20000,"E":396420}