{"maxFlow":6,"minCut":[3],"initializationTime":0.1035199984908104,"executionTime":0.9330880045890808,"totalTime":1.0366079807281494,"V":4,"E":5}