{"maxFlow":11,"minCut":[5,3],"initializationTime":0.10630399733781815,"executionTime":0.8835840225219727,"totalTime":0.9898880124092102,"V":6,"E":8}