{"maxFlow":76,"minCut":[9999],"initializationTime":0.5793280005455017,"executionTime":78.58665466308594,"totalTime":79.16598510742188,"V":10000,"E":184714}