{"maxFlow":76,"minCut":[9999],"initializationTime":0.5898240208625793,"executionTime":78.43417358398438,"totalTime":79.02400207519531,"V":10000,"E":184714}