{"maxFlow":149,"minCut":[29999],"initializationTime":3922.481201171875,"executionTime":37553.48828125,"totalTime":41475.96875,"V":30000,"E":618504}