{"maxFlow":6,"minCut":[3],"initializationTime":0.12838399410247803,"executionTime":0.3015359938144684,"totalTime":0.4299199879169464,"V":4,"E":5}