{"maxFlow":6,"minCut":[3],"initializationTime":0.15564799308776855,"executionTime":0.34751999378204346,"totalTime":0.503167986869812,"V":4,"E":5}