{"maxFlow":76,"minCut":[9999],"initializationTime":0.6232320070266724,"executionTime":79.73017883300781,"totalTime":80.35340881347656,"V":10000,"E":184714}