{"maxFlow":11,"minCut":[5,3],"initializationTime":0.15056000649929047,"executionTime":0.31516799330711365,"totalTime":0.4657280147075653,"V":6,"E":8}