{"maxFlow":84,"minCut":[19999],"initializationTime":1.0627520084381104,"executionTime":161.88613891601563,"totalTime":162.9488983154297,"V":20000,"E":396420}