{"maxFlow":76,"minCut":[9999],"initializationTime":0.58815997838974,"executionTime":78.22156524658203,"totalTime":78.80973052978516,"V":10000,"E":184714}