{"maxFlow":6,"minCut":[3],"initializationTime":0.16262400150299072,"executionTime":2.248960018157959,"totalTime":2.41158390045166,"V":4,"E":5}