{"maxFlow":6,"minCut":[3],"initializationTime":0.15516799688339233,"executionTime":1.6520320177078247,"totalTime":1.8071999549865723,"V":4,"E":5}