{"maxFlow":84,"minCut":[19999],"initializationTime":1.5024960041046143,"executionTime":159.59046936035156,"totalTime":161.09295654296875,"V":20000,"E":396420}