{"maxFlow":149,"minCut":[29999],"initializationTime":3914.69384765625,"executionTime":37542.0078125,"totalTime":41456.703125,"V":30000,"E":618504}