{"maxFlow":76,"minCut":[9999],"initializationTime":0.6164159774780273,"executionTime":77.56719970703125,"totalTime":78.1836166381836,"V":10000,"E":184714}