{"maxFlow":149,"minCut":[29999],"initializationTime":3917.08251953125,"executionTime":37538.48046875,"totalTime":41455.5625,"V":30000,"E":618504}