{"maxFlow":11,"minCut":[5,3],"initializationTime":0.15360000729560852,"executionTime":1.8085440397262573,"totalTime":1.9621440172195435,"V":6,"E":8}