{"maxFlow":84,"minCut":[19999],"initializationTime":1752.20947265625,"executionTime":18941.80859375,"totalTime":20694.017578125,"V":20000,"E":396420}