{"maxFlow":39,"minCut":[999],"initializationTime":5.011839866638184,"executionTime":50.652767181396484,"totalTime":55.664608001708984,"V":1000,"E":13926}