{"maxFlow":6,"minCut":[3],"initializationTime":0.15398399531841278,"executionTime":0.32742398977279663,"totalTime":0.4814079999923706,"V":4,"E":5}