{"maxFlow":68,"minCut":[99,58,81,25,27,46,53,59,63,75,80,94,30,38,85,87,5,28,57,71,78,1,7,8,18,36,52,69,76,89,98,23,39,40,67,11,17,42,47,79,84,86,2,10,31,50,72,91,93,22,45,60,66,70,29,48,68,88,4,21,34,61,9,19,20,49,51,56,82,41,83,16,24,33,73,3,26,95,32,35,12,43,74,62,64,37,55,15,13,14,44,6,65,92,77,96,54,90,97],"initializationTime":0.11488000303506851,"executionTime":1.4170880317687988,"totalTime":1.5319679975509644,"V":100,"E":918}