{"maxFlow":76,"minCut":[9999],"initializationTime":516.8516845703125,"executionTime":4319.7646484375,"totalTime":4836.61669921875,"V":10000,"E":184714}