{"maxFlow":76,"minCut":[9999],"initializationTime":0.6435520052909851,"executionTime":78.24463653564453,"totalTime":78.88819122314453,"V":10000,"E":184714}