{"maxFlow":149,"minCut":[29999],"initializationTime":1.3452479839324951,"executionTime":159.2431640625,"totalTime":160.58840942382813,"V":30000,"E":618504}