{"maxFlow":84,"minCut":[19999],"initializationTime":0.9815999865531921,"executionTime":165.88946533203125,"totalTime":166.87107849121094,"V":20000,"E":396420}