{"maxFlow":11,"minCut":[5,3],"initializationTime":0.11264000087976456,"executionTime":1.9070719480514526,"totalTime":2.019711971282959,"V":6,"E":8}