{"maxFlow":6,"minCut":[3],"initializationTime":0.1611199975013733,"executionTime":0.3501119911670685,"totalTime":0.5112320184707642,"V":4,"E":5}