{"maxFlow":39,"minCut":[999],"initializationTime":0.16460800170898438,"executionTime":8.08556842803955,"totalTime":8.250176429748535,"V":1000,"E":13926}