{"maxFlow":39,"minCut":[999],"initializationTime":0.17443199455738068,"executionTime":8.59609603881836,"totalTime":8.770527839660645,"V":1000,"E":13926}