{"maxFlow":76,"minCut":[9999],"initializationTime":0.5937920212745667,"executionTime":78.576416015625,"totalTime":79.17021179199219,"V":10000,"E":184714}