{"maxFlow":6,"minCut":[3],"initializationTime":0.14137600362300873,"executionTime":0.3121280074119568,"totalTime":0.4535039961338043,"V":4,"E":5}