{"maxFlow":6,"minCut":[3],"initializationTime":0.14336000382900238,"executionTime":0.3070400059223175,"totalTime":0.4503999948501587,"V":4,"E":5}