{"maxFlow":35,"minCut":[99,4,7,16,17,21,38,61,3,19,18,24,33,5,39,56,12,1,2,13,25,31,6,68,8,30,28,52,71,23,85,27,32,49,20,53,26,81,15,36,42,47,58,10,34,41,29,46,40],"initializationTime":0.11945600062608719,"executionTime":1.9379839897155762,"totalTime":2.0574400424957275,"V":100,"E":459}