{"maxFlow":6,"minCut":[3],"initializationTime":0.1367039978504181,"executionTime":1.1238080263137817,"totalTime":1.2605119943618774,"V":4,"E":5}