{"maxFlow":11,"minCut":[5,3],"initializationTime":0.10444799810647964,"executionTime":0.8798720240592957,"totalTime":0.9843199849128723,"V":6,"E":8}