{"maxFlow":39,"minCut":[999],"initializationTime":6.133567810058594,"executionTime":52.05564880371094,"totalTime":58.18921661376953,"V":1000,"E":13926}