{"maxFlow":149,"minCut":[29999],"initializationTime":3927.655029296875,"executionTime":37013.8125,"totalTime":40941.46875,"V":30000,"E":618504}