{"maxFlow":149,"minCut":[29999],"initializationTime":1.2836799621582031,"executionTime":167.38992309570313,"totalTime":168.67359924316406,"V":30000,"E":618504}