{"maxFlow":68,"minCut":[99,81,85,30,38,87,91,3,17,23,26,28,95,21,31,41,52,56,83,16,24,33,47,66,73,32,35,51,60,76,34,49,59,67,4,6,36,42,54,55,58,62,64,19,53,61,72,77,80,90,13,57,10,1,12,25,43,75,86,89,98,44,69,82,96,18,29,40,50,93,45,8,27,68,94,74,5,48,22,88,9,15,20,37,97,7,11,63,84,39,78,71,2,46,65,92,70,79,14],"initializationTime":0.11638399958610535,"executionTime":1.4410560131072998,"totalTime":1.5574400424957275,"V":100,"E":918}