{"maxFlow":35,"minCut":[99,4,7,16,17,21,61,85,3,13,19,15,18,5,39,56,23,26,28,81,8,12,33,6,32,1,30,10,25,38,2,31,20,49,24,36,71,27,53,68,42,47,58,52,34,41,29,46,40],"initializationTime":0.20070399343967438,"executionTime":1.8067840337753296,"totalTime":2.0074880123138428,"V":100,"E":459}