{"maxFlow":39,"minCut":[999],"initializationTime":0.16832000017166138,"executionTime":8.050111770629883,"totalTime":8.218432426452637,"V":1000,"E":13926}