{"maxFlow":11,"minCut":[5,3],"initializationTime":0.16179199516773224,"executionTime":0.3134399950504303,"totalTime":0.47523200511932373,"V":6,"E":8}