{"maxFlow":84,"minCut":[19999],"initializationTime":1755.3358154296875,"executionTime":18917.998046875,"totalTime":20673.333984375,"V":20000,"E":396420}