{"maxFlow":6,"minCut":[3],"initializationTime":0.14950400590896606,"executionTime":2.120543956756592,"totalTime":2.270047903060913,"V":4,"E":5}