{"maxFlow":149,"minCut":[29999],"initializationTime":1.387168049812317,"executionTime":198.62530517578125,"totalTime":200.01248168945313,"V":30000,"E":618504}