{"maxFlow":149,"minCut":[29999],"initializationTime":3920.028076171875,"executionTime":37375.96875,"totalTime":41295.99609375,"V":30000,"E":618504}