{"maxFlow":39,"minCut":[999],"initializationTime":5.214719772338867,"executionTime":54.857215881347656,"totalTime":60.071937561035156,"V":1000,"E":13926}