{"maxFlow":84,"minCut":[19999],"initializationTime":1.0321600437164307,"executionTime":151.58543395996094,"totalTime":152.6175994873047,"V":20000,"E":396420}