{"maxFlow":11,"minCut":[5,3],"initializationTime":0.16793599724769592,"executionTime":1.425663948059082,"totalTime":1.5936000347137451,"V":6,"E":8}