{"maxFlow":76,"minCut":[9999],"initializationTime":516.3532104492188,"executionTime":4343.68359375,"totalTime":4860.037109375,"V":10000,"E":184714}