{"maxFlow":84,"minCut":[19999],"initializationTime":1859.0518798828125,"executionTime":18796.83203125,"totalTime":20655.8828125,"V":20000,"E":396420}