{"maxFlow":28,"minCut":[999,83,134,146,305,481,568,50,38,93,7,80,142,149,194,207,230,17,54,100,143,181,284,286,145,163,222,315,388,404,461,470,523,5,12,27,32,75,74,135,61,150,186,13,41,98,21,29,58,90,120,204,237,496,18,91,344,89,42,110,119,19,60,103,192,109,208,289,385,46,63,81,330,177,304,381,3,97,111,158,277,287,303,406,446,121,180,200,293,310,340,360,391,463,9,22,59,36,114,51,39,67,131,221,156,102,195,261,490,2,101,226,336,358,85,57,78,173,161,166,30,4,45,49,52,254,274,44,201,205,271,76,227,232,260,278,347,348,375,140,53,84,95,8,244,302,31,249,325,69,104,48,133,184,257,6,122,223,246,270,118,331,172,203,359,37,234,298,129,319,339,370,378,26,1,191,259,183,20,11,73,224,117,160,267,324,326,379,450,71,311,239,308,28,43,108,14,47,137,233,179,147,153,10,24,34,33,148,175,229,99,240,241,174,132,157,299,321,345,193,87,79,206,35,189,55,106,94,130,253,275,327,66,236,346,197,231,113,176,209,164,377,248,68,252,82,77,251,65,159,294,269,70,168,151,96,15,72,154,290,272,297,155,124,127,56,318,25,343,141,86,23,139,152,88,282,372,374,214,215,213,292,126,188,283,307,178,212,123,185,116,262],"initializationTime":0.2635520100593567,"executionTime":11.497247695922852,"totalTime":11.7608003616333,"V":1000,"E":6963}