{"maxFlow":76,"minCut":[9999],"initializationTime":0.5816320180892944,"executionTime":78.50726318359375,"totalTime":79.08889770507813,"V":10000,"E":184714}