{"maxFlow":84,"minCut":[19999],"initializationTime":0.9552000164985657,"executionTime":161.839111328125,"totalTime":162.7943115234375,"V":20000,"E":396420}