{"maxFlow":11,"minCut":[5,3],"initializationTime":0.14323200285434723,"executionTime":1.8269120454788208,"totalTime":1.9701440334320068,"V":6,"E":8}