{"maxFlow":76,"minCut":[9999],"initializationTime":516.6434326171875,"executionTime":4307.30712890625,"totalTime":4823.9501953125,"V":10000,"E":184714}