{"maxFlow":11,"minCut":[5,3],"initializationTime":0.15833599865436554,"executionTime":0.3160640001296997,"totalTime":0.47440001368522644,"V":6,"E":8}