{"maxFlow":11,"minCut":[5,3],"initializationTime":0.13926400244235992,"executionTime":0.27139198780059814,"totalTime":0.41065600514411926,"V":6,"E":8}