{"maxFlow":11,"minCut":[5,3],"initializationTime":0.14521600306034088,"executionTime":0.3102400004863739,"totalTime":0.4554559886455536,"V":6,"E":8}