{"maxFlow":11,"minCut":[5,3],"initializationTime":0.1658879965543747,"executionTime":0.33475199341773987,"totalTime":0.5006399750709534,"V":6,"E":8}