{"maxFlow":149,"minCut":[29999],"initializationTime":1.321727991104126,"executionTime":174.37094116210938,"totalTime":175.6926727294922,"V":30000,"E":618504}