{"maxFlow":68,"minCut":[99,58,81,85,25,27,29,46,53,59,63,75,80,94,30,38,87,91,3,17,23,26,95,5,28,57,71,78,1,7,8,18,36,52,69,73,76,98,10,15,21,37,70,39,40,67,11,42,47,79,84,86,2,31,72,93,4,45,66,48,49,68,88,34,61,9,19,20,51,56,82,41,83,24,33,32,35,60,6,54,55,62,64,77,90,13,16,44,96,43,89,74,12,14,65,50,92,97,22],"initializationTime":0.12902399897575378,"executionTime":1.3036479949951172,"totalTime":1.4326720237731934,"V":100,"E":918}