{"maxFlow":68,"minCut":[99,58,81,85,25,27,29,46,53,59,63,75,80,94,30,38,87,3,17,23,26,28,95,5,57,71,78,1,7,8,18,36,52,69,73,76,89,98,10,15,21,37,70,39,40,67,11,42,47,79,84,86,2,31,50,72,91,93,22,45,60,66,48,68,88,4,34,61,9,19,20,49,51,56,82,41,83,24,33,32,35,6,54,55,62,77,90,13,43,16,96,74,12,64,14,44,65,92,97],"initializationTime":0.12220799922943115,"executionTime":1.3771519660949707,"totalTime":1.4993599653244019,"V":100,"E":918}