{"maxFlow":39,"minCut":[999],"initializationTime":0.18479999899864197,"executionTime":8.163999557495117,"totalTime":8.348799705505371,"V":1000,"E":13926}