{"maxFlow":11,"minCut":[5,3],"initializationTime":0.14326399564743042,"executionTime":1.5346239805221558,"totalTime":1.677888035774231,"V":6,"E":8}