{"maxFlow":76,"minCut":[9999],"initializationTime":0.839680016040802,"executionTime":78.80633544921875,"totalTime":79.6460189819336,"V":10000,"E":184714}