{"maxFlow":76,"minCut":[9999],"initializationTime":514.1500854492188,"executionTime":4334.77490234375,"totalTime":4848.92529296875,"V":10000,"E":184714}