{"maxFlow":84,"minCut":[19999],"initializationTime":1.0205440521240234,"executionTime":151.60643005371094,"totalTime":152.62696838378906,"V":20000,"E":396420}