{"maxFlow":84,"minCut":[19999],"initializationTime":1.3231359720230103,"executionTime":162.88739013671875,"totalTime":164.2105255126953,"V":20000,"E":396420}