{"maxFlow":6,"minCut":[3],"initializationTime":0.1000640019774437,"executionTime":0.200095996260643,"totalTime":0.3001599907875061,"V":4,"E":5}