{"maxFlow":6,"minCut":[3],"initializationTime":0.10732799768447876,"executionTime":1.3094079494476318,"totalTime":1.4167360067367554,"V":4,"E":5}