{"maxFlow":149,"minCut":[29999],"initializationTime":3936.4130859375,"executionTime":37534.6484375,"totalTime":41471.0625,"V":30000,"E":618504}