{"maxFlow":76,"minCut":[9999],"initializationTime":0.6041600108146667,"executionTime":78.22937774658203,"totalTime":78.83353424072266,"V":10000,"E":184714}