{"maxFlow":76,"minCut":[9999],"initializationTime":0.88646399974823,"executionTime":78.80697631835938,"totalTime":79.69344329833984,"V":10000,"E":184714}