{"maxFlow":84,"minCut":[19999],"initializationTime":1755.3131103515625,"executionTime":18893.908203125,"totalTime":20649.220703125,"V":20000,"E":396420}