{"maxFlow":6,"minCut":[3],"initializationTime":0.11260800063610077,"executionTime":1.297984004020691,"totalTime":1.410591959953308,"V":4,"E":5}