{"maxFlow":149,"minCut":[29999],"initializationTime":3951.427734375,"executionTime":37537.78515625,"totalTime":41489.2109375,"V":30000,"E":618504}