{"maxFlow":39,"minCut":[999],"initializationTime":6.144288063049316,"executionTime":55.82294464111328,"totalTime":61.96723175048828,"V":1000,"E":13926}