{"maxFlow":39,"minCut":[999],"initializationTime":0.1781120002269745,"executionTime":8.072287559509277,"totalTime":8.250399589538574,"V":1000,"E":13926}