{"maxFlow":76,"minCut":[9999],"initializationTime":0.5896000266075134,"executionTime":78.53478240966797,"totalTime":79.12438201904297,"V":10000,"E":184714}