{"maxFlow":84,"minCut":[19999],"initializationTime":1873.1055908203125,"executionTime":18868.77734375,"totalTime":20741.8828125,"V":20000,"E":396420}