{"maxFlow":149,"minCut":[29999],"initializationTime":1.420032024383545,"executionTime":198.79164123535156,"totalTime":200.21168518066406,"V":30000,"E":618504}