{"maxFlow":39,"minCut":[999],"initializationTime":0.16793599724769592,"executionTime":8.035200119018555,"totalTime":8.203136444091797,"V":1000,"E":13926}