{"maxFlow":35,"minCut":[99,4,7,16,17,21,38,61,85,3,19,18,24,33,5,39,56,23,26,28,81,12,1,2,13,25,31,6,68,8,30,10,15,52,71,32,27,49,20,53,36,42,47,58,34,41,29,46,40],"initializationTime":0.14959999918937683,"executionTime":2.417759895324707,"totalTime":2.5673599243164063,"V":100,"E":459}