{"maxFlow":39,"minCut":[999],"initializationTime":0.18227200210094452,"executionTime":8.115551948547363,"totalTime":8.297823905944824,"V":1000,"E":13926}