{"maxFlow":149,"minCut":[29999],"initializationTime":1.2849600315093994,"executionTime":159.25059509277344,"totalTime":160.53555297851563,"V":30000,"E":618504}