{"maxFlow":11,"minCut":[5,3],"initializationTime":0.142752006649971,"executionTime":1.127776026725769,"totalTime":1.270527958869934,"V":6,"E":8}