{"maxFlow":68,"minCut":[99,7,81,85,9,15,27,35,63,64,75,30,38,91,3,17,23,26,28,95,6,11,43,48,65,73,77,4,12,29,32,70,82,90,1,8,18,36,52,53,58,69,76,89,98,20,34,40,44,87,97,10,22,45,60,66,79,49,61,78,92,46,57,68,88,21,31,41,56,83,16,24,33,47,51,59,67,42,54,55,62,19,72,80,13,25,86,96,2,39,84,37,71,94,14,74,93,5,50],"initializationTime":0.13516800105571747,"executionTime":1.3842240571975708,"totalTime":1.5193920135498047,"V":100,"E":918}