{"maxFlow":6,"minCut":[3],"initializationTime":0.10028800368309021,"executionTime":0.8863679766654968,"totalTime":0.9866560101509094,"V":4,"E":5}