{"maxFlow":149,"minCut":[29999],"initializationTime":1.3652160167694092,"executionTime":200.53619384765625,"totalTime":201.9014129638672,"V":30000,"E":618504}