{"maxFlow":76,"minCut":[9999],"initializationTime":0.6210560202598572,"executionTime":77.66617584228516,"totalTime":78.2872314453125,"V":10000,"E":184714}