{"maxFlow":11,"minCut":[5,3],"initializationTime":0.16627199947834015,"executionTime":0.3110719919204712,"totalTime":0.47734400629997253,"V":6,"E":8}