{"maxFlow":39,"minCut":[999],"initializationTime":6.208511829376221,"executionTime":51.61996841430664,"totalTime":57.8284797668457,"V":1000,"E":13926}