{"maxFlow":76,"minCut":[9999],"initializationTime":0.6144000291824341,"executionTime":78.12834930419922,"totalTime":78.74275207519531,"V":10000,"E":184714}