{"maxFlow":6,"minCut":[3],"initializationTime":0.1034879982471466,"executionTime":1.3024959564208984,"totalTime":1.4059840440750122,"V":4,"E":5}