{"maxFlow":76,"minCut":[9999],"initializationTime":0.6505600214004517,"executionTime":78.61315155029297,"totalTime":79.26371002197266,"V":10000,"E":184714}