{"maxFlow":68,"minCut":[99,81,85,30,38,87,91,3,17,23,26,28,95,21,31,41,52,56,83,16,24,33,47,66,73,32,35,51,60,76,34,49,59,67,4,6,29,36,42,54,55,58,62,64,19,53,61,72,77,80,90,13,57,10,1,12,25,43,75,86,89,98,44,69,82,96,18,50,93,45,8,27,68,94,74,5,48,22,88,9,15,20,37,97,7,40,63,84,39,78,71,2,46,70,65,92,11,79,14],"initializationTime":0.12396799772977829,"executionTime":1.412608027458191,"totalTime":1.5365760326385498,"V":100,"E":918}