{"maxFlow":11,"minCut":[5,3],"initializationTime":1.174847960472107,"executionTime":2.1865599155426025,"totalTime":3.361407995223999,"V":6,"E":8}