{"maxFlow":149,"minCut":[29999],"initializationTime":3979.792724609375,"executionTime":37532.59765625,"totalTime":41512.390625,"V":30000,"E":618504}