{"maxFlow":6,"minCut":[3],"initializationTime":0.12694400548934937,"executionTime":0.2963840067386627,"totalTime":0.4233280122280121,"V":4,"E":5}