{"maxFlow":11,"minCut":[5,3],"initializationTime":0.15542399883270264,"executionTime":1.8065919876098633,"totalTime":1.962015986442566,"V":6,"E":8}