{"maxFlow":149,"minCut":[29999],"initializationTime":1.418239951133728,"executionTime":199.65382385253906,"totalTime":201.0720672607422,"V":30000,"E":618504}