{"maxFlow":6,"minCut":[3],"initializationTime":0.14511999487876892,"executionTime":1.174496054649353,"totalTime":1.3196159601211548,"V":4,"E":5}