{"maxFlow":68,"minCut":[99,81,85,30,38,54,87,91,3,17,23,26,28,95,21,31,41,52,56,83,16,24,33,47,63,66,73,10,11,20,65,32,35,51,60,34,59,67,4,29,36,42,55,58,62,64,76,19,53,61,72,77,80,90,98,13,46,57,43,1,12,25,75,86,89,44,69,71,82,96,50,6,45,27,49,68,93,94,8,48,2,74,7,22,70,79,88,9,40,84,97,15,37,5,39,78,92,18,14],"initializationTime":0.11075200140476227,"executionTime":1.4205759763717651,"totalTime":1.5313279628753662,"V":100,"E":918}