{"maxFlow":84,"minCut":[19999],"initializationTime":1.013759970664978,"executionTime":151.4448699951172,"totalTime":152.4586181640625,"V":20000,"E":396420}