{"maxFlow":84,"minCut":[19999],"initializationTime":1756.0780029296875,"executionTime":18942.3671875,"totalTime":20698.4453125,"V":20000,"E":396420}