{"maxFlow":6,"minCut":[3],"initializationTime":0.14127999544143677,"executionTime":1.682911992073059,"totalTime":1.8241920471191406,"V":4,"E":5}