{"maxFlow":84,"minCut":[19999],"initializationTime":1769.6539306640625,"executionTime":18913.80859375,"totalTime":20683.4609375,"V":20000,"E":396420}