{"maxFlow":11,"minCut":[5,3],"initializationTime":0.11043199896812439,"executionTime":1.052832007408142,"totalTime":1.1632640361785889,"V":6,"E":8}