{"maxFlow":6,"minCut":[3],"initializationTime":0.1149120032787323,"executionTime":1.2856639623641968,"totalTime":1.4005759954452515,"V":4,"E":5}