{"maxFlow":84,"minCut":[19999],"initializationTime":1.3792959451675415,"executionTime":152.6038360595703,"totalTime":153.98313903808594,"V":20000,"E":396420}