{"maxFlow":76,"minCut":[9999],"initializationTime":437.16162109375,"executionTime":4278.27099609375,"totalTime":4715.4326171875,"V":10000,"E":184714}