{"maxFlow":84,"minCut":[19999],"initializationTime":1.0173439979553223,"executionTime":151.28646850585938,"totalTime":152.30380249023438,"V":20000,"E":396420}