{"maxFlow":149,"minCut":[29999],"initializationTime":3937.498046875,"executionTime":37519.79296875,"totalTime":41457.29296875,"V":30000,"E":618504}