{"maxFlow":149,"minCut":[29999],"initializationTime":1.3417919874191284,"executionTime":179.6724090576172,"totalTime":181.0142059326172,"V":30000,"E":618504}