{"maxFlow":76,"minCut":[9999],"initializationTime":513.6904907226563,"executionTime":4320.8671875,"totalTime":4834.5576171875,"V":10000,"E":184714}