{"maxFlow":149,"minCut":[29999],"initializationTime":1.302880048751831,"executionTime":174.44569396972656,"totalTime":175.7485809326172,"V":30000,"E":618504}