{"maxFlow":39,"minCut":[999],"initializationTime":0.1712000072002411,"executionTime":8.589216232299805,"totalTime":8.760416030883789,"V":1000,"E":13926}