{"maxFlow":149,"minCut":[29999],"initializationTime":2.233344078063965,"executionTime":200.5043487548828,"totalTime":202.73770141601563,"V":30000,"E":618504}