{"maxFlow":28,"minCut":[999,83,134,146,305,481,496,568,50,38,93,7,80,142,149,194,207,230,17,54,100,143,181,284,286,98,102,195,261,490,145,163,222,315,388,404,461,470,523,5,12,27,32,75,74,135,61,150,186,13,41,21,29,58,90,120,204,237,18,91,344,19,51,11,73,191,224,117,160,267,303,324,326,331,379,450,89,42,110,119,60,103,192,109,208,289,385,46,63,81,330,177,304,381,3,97,111,158,277,287,406,446,121,180,200,293,310,340,360,391,463,9,22,59,36,114,39,67,131,156,2,101,226,336,358,372,4,26,44,173,76,252,8,244,302,82,203,45,77,189,10,130,253,275,327,251,259,65,159,241,325,345,85,57,78,161,166,30,221,49,52,254,274,201,205,271,227,232,260,278,347,348,375,140,53,84,95,31,249,69,104,48,133,184,257,6,122,223,246,270,118,172,359,37,234,298,129,319,339,370,378,1,20,71,311,239,308,127,188,377,34,25,215,87,124,56,176,68,113,209,297,318,154,231,248,151,35,272,28,43,108,183,14,47,137,233,179,147,153,24,33,148,175,229,99,240,174,132,157,299,321,193,79,206,55,106,94,66,236,346,197,164,294,269,123,155,185,88,282,374,23,139,152,213,292,96,86,214,70,168,15,72,290,343,141,126,283,307,212,178,116,262],"initializationTime":0.24902400374412537,"executionTime":11.443327903747559,"totalTime":11.692352294921875,"V":1000,"E":6963}