{"maxFlow":11,"minCut":[5,3],"initializationTime":0.14336000382900238,"executionTime":0.31414398550987244,"totalTime":0.457504004240036,"V":6,"E":8}