{"maxFlow":84,"minCut":[19999],"initializationTime":0.9592639803886414,"executionTime":161.57571411132813,"totalTime":162.53497314453125,"V":20000,"E":396420}