{"maxFlow":39,"minCut":[999],"initializationTime":5.0884480476379395,"executionTime":54.92416000366211,"totalTime":60.01260757446289,"V":1000,"E":13926}