{"maxFlow":84,"minCut":[19999],"initializationTime":1757.027587890625,"executionTime":18590.04296875,"totalTime":20347.072265625,"V":20000,"E":396420}