{"maxFlow":11,"minCut":[5,3],"initializationTime":0.14131200313568115,"executionTime":1.37663996219635,"totalTime":1.5179519653320313,"V":6,"E":8}