{"maxFlow":39,"minCut":[999],"initializationTime":5.040224075317383,"executionTime":51.426719665527344,"totalTime":56.46694564819336,"V":1000,"E":13926}