{"maxFlow":68,"minCut":[99,81,85,30,38,87,91,3,17,23,26,95,21,31,41,52,56,83,24,33,47,66,73,32,35,51,60,76,34,49,59,67,4,6,29,36,42,54,55,58,62,64,19,53,61,72,77,80,90,13,28,57,10,16,44,69,82,96,98,18,40,50,93,45,89,8,27,94,74,1,12,5,48,25,22,63,86,88,9,43,15,20,37,97,7,84,39,78,71,75,2,46,68,70,65,92,11,79,14],"initializationTime":0.12931199371814728,"executionTime":1.332927942276001,"totalTime":1.4622399806976318,"V":100,"E":918}