{"maxFlow":11,"minCut":[5,3],"initializationTime":0.10400000214576721,"executionTime":0.17484800517559052,"totalTime":0.27884799242019653,"V":6,"E":8}