{"maxFlow":149,"minCut":[29999],"initializationTime":1.4061440229415894,"executionTime":198.9593963623047,"totalTime":200.36553955078125,"V":30000,"E":618504}