{"maxFlow":6,"minCut":[3],"initializationTime":0.14131200313568115,"executionTime":1.6701760292053223,"totalTime":1.8114880323410034,"V":4,"E":5}