{"maxFlow":11,"minCut":[5,3],"initializationTime":0.1159679964184761,"executionTime":0.19430400431156158,"totalTime":0.3102720081806183,"V":6,"E":8}