{"maxFlow":149,"minCut":[29999],"initializationTime":1.2917759418487549,"executionTime":158.94496154785156,"totalTime":160.2367401123047,"V":30000,"E":618504}