{"maxFlow":39,"minCut":[999],"initializationTime":0.16547200083732605,"executionTime":8.046879768371582,"totalTime":8.21235179901123,"V":1000,"E":13926}