{"maxFlow":39,"minCut":[999],"initializationTime":0.17203199863433838,"executionTime":8.644607543945313,"totalTime":8.81663990020752,"V":1000,"E":13926}