{"maxFlow":76,"minCut":[9999],"initializationTime":0.9599679708480835,"executionTime":79.00179290771484,"totalTime":79.96176147460938,"V":10000,"E":184714}