{"maxFlow":6,"minCut":[3],"initializationTime":0.17641599476337433,"executionTime":1.945024013519287,"totalTime":2.1214399337768555,"V":4,"E":5}