{"maxFlow":11,"minCut":[5,3],"initializationTime":0.13523200154304504,"executionTime":1.1160320043563843,"totalTime":1.251263976097107,"V":6,"E":8}