{"maxFlow":6,"minCut":[3],"initializationTime":0.14079999923706055,"executionTime":2.1925759315490723,"totalTime":2.333375930786133,"V":4,"E":5}