{"maxFlow":39,"minCut":[999],"initializationTime":5.0166401863098145,"executionTime":40.24950408935547,"totalTime":45.266143798828125,"V":1000,"E":13926}