{"maxFlow":11,"minCut":[5,3],"initializationTime":0.14745600521564484,"executionTime":1.1168320178985596,"totalTime":1.2642879486083984,"V":6,"E":8}