{"maxFlow":11,"minCut":[5,3],"initializationTime":0.16233600676059723,"executionTime":1.1487360000610352,"totalTime":1.3110719919204712,"V":6,"E":8}