{"maxFlow":39,"minCut":[999],"initializationTime":0.17708800733089447,"executionTime":8.58944034576416,"totalTime":8.766528129577637,"V":1000,"E":13926}