{"maxFlow":149,"minCut":[29999],"initializationTime":1.9963840246200562,"executionTime":237.16053771972656,"totalTime":239.15692138671875,"V":30000,"E":618504}