{"maxFlow":6,"minCut":[3],"initializationTime":0.14902399480342865,"executionTime":1.6694079637527466,"totalTime":1.8184319734573364,"V":4,"E":5}