{"maxFlow":39,"minCut":[999],"initializationTime":6.123295783996582,"executionTime":48.00348663330078,"totalTime":54.12678527832031,"V":1000,"E":13926}