{"maxFlow":39,"minCut":[999],"initializationTime":0.17590400576591492,"executionTime":8.571647644042969,"totalTime":8.747551918029785,"V":1000,"E":13926}