{"maxFlow":39,"minCut":[999],"initializationTime":0.17177599668502808,"executionTime":8.58681583404541,"totalTime":8.758591651916504,"V":1000,"E":13926}