{"maxFlow":76,"minCut":[9999],"initializationTime":0.9687039852142334,"executionTime":78.43587493896484,"totalTime":79.40457916259766,"V":10000,"E":184714}