{"maxFlow":84,"minCut":[19999],"initializationTime":0.9730880260467529,"executionTime":161.76812744140625,"totalTime":162.7412109375,"V":20000,"E":396420}