{"maxFlow":76,"minCut":[9999],"initializationTime":443.1168212890625,"executionTime":4243.50146484375,"totalTime":4686.61865234375,"V":10000,"E":184714}