{"maxFlow":76,"minCut":[9999],"initializationTime":0.6595839858055115,"executionTime":77.88771057128906,"totalTime":78.54729461669922,"V":10000,"E":184714}