{"maxFlow":39,"minCut":[999],"initializationTime":0.1632000058889389,"executionTime":8.114463806152344,"totalTime":8.277664184570313,"V":1000,"E":13926}