{"maxFlow":6,"minCut":[3],"initializationTime":0.13196800649166107,"executionTime":1.8304640054702759,"totalTime":1.9624320268630981,"V":4,"E":5}