{"maxFlow":84,"minCut":[19999],"initializationTime":1760.216796875,"executionTime":18881.17578125,"totalTime":20641.392578125,"V":20000,"E":396420}