{"maxFlow":6,"minCut":[3],"initializationTime":0.15379199385643005,"executionTime":0.3444800078868866,"totalTime":0.49827200174331665,"V":4,"E":5}