{"maxFlow":84,"minCut":[19999],"initializationTime":1879.552001953125,"executionTime":18942.025390625,"totalTime":20821.578125,"V":20000,"E":396420}