{"maxFlow":11,"minCut":[5,3],"initializationTime":0.13247999548912048,"executionTime":1.1866240501403809,"totalTime":1.3191039562225342,"V":6,"E":8}