{"maxFlow":84,"minCut":[19999],"initializationTime":1.3526719808578491,"executionTime":153.72198486328125,"totalTime":155.0746612548828,"V":20000,"E":396420}