{"maxFlow":149,"minCut":[29999],"initializationTime":3938.92529296875,"executionTime":37553.83984375,"totalTime":41492.765625,"V":30000,"E":618504}