{"maxFlow":149,"minCut":[29999],"initializationTime":1.391584038734436,"executionTime":200.2854766845703,"totalTime":201.67706298828125,"V":30000,"E":618504}