{"maxFlow":84,"minCut":[19999],"initializationTime":0.9523199796676636,"executionTime":161.8159637451172,"totalTime":162.76829528808594,"V":20000,"E":396420}