{"maxFlow":76,"minCut":[9999],"initializationTime":0.639519989490509,"executionTime":77.70086669921875,"totalTime":78.34038543701172,"V":10000,"E":184714}