{"maxFlow":39,"minCut":[999],"initializationTime":0.17420800030231476,"executionTime":8.580096244812012,"totalTime":8.754303932189941,"V":1000,"E":13926}