{"maxFlow":149,"minCut":[29999],"initializationTime":1.3687039613723755,"executionTime":198.4658203125,"totalTime":199.83453369140625,"V":30000,"E":618504}