{"maxFlow":76,"minCut":[9999],"initializationTime":441.77471923828125,"executionTime":4308.0498046875,"totalTime":4749.82421875,"V":10000,"E":184714}