{"maxFlow":84,"minCut":[19999],"initializationTime":1.0530879497528076,"executionTime":156.457275390625,"totalTime":157.51036071777344,"V":20000,"E":396420}