{"maxFlow":68,"minCut":[99,16,38,85,45,54,57,66,95,24,33,47,73,81,3,17,23,26,28,4,13,14,41,42,55,63,97,10,11,20,22,65,8,19,25,40,59,74,75,32,52,86,88,89,44,69,71,82,96,98,5,48,1,31,60,91,93,34,53,6,9,21,27,43,64,77,29,36,58,62,87,61,72,80,90,35,12,15,37,49,76,30,92,7,70,79,94,84,56,67,83,78,46,2,50,39,68,18,51],"initializationTime":0.12681600451469421,"executionTime":1.3197760581970215,"totalTime":1.4465919733047485,"V":100,"E":918}