{"maxFlow":149,"minCut":[29999],"initializationTime":1.3721280097961426,"executionTime":198.60032653808594,"totalTime":199.97244262695313,"V":30000,"E":618504}