{"maxFlow":76,"minCut":[9999],"initializationTime":516.18408203125,"executionTime":4314.73046875,"totalTime":4830.91455078125,"V":10000,"E":184714}