{"maxFlow":6,"minCut":[3],"initializationTime":0.14588800072669983,"executionTime":1.1121599674224854,"totalTime":1.2580480575561523,"V":4,"E":5}