{"maxFlow":149,"minCut":[29999],"initializationTime":2.0182080268859863,"executionTime":160.29708862304688,"totalTime":162.31529235839844,"V":30000,"E":618504}