{"maxFlow":39,"minCut":[999],"initializationTime":0.18380799889564514,"executionTime":8.633631706237793,"totalTime":8.817440032958984,"V":1000,"E":13926}