{"maxFlow":84,"minCut":[19999],"initializationTime":2.0734078884124756,"executionTime":159.55584716796875,"totalTime":161.62924194335938,"V":20000,"E":396420}