{"maxFlow":84,"minCut":[19999],"initializationTime":0.9887679815292358,"executionTime":164.19503784179688,"totalTime":165.18380737304688,"V":20000,"E":396420}