{"maxFlow":76,"minCut":[9999],"initializationTime":518.3640747070313,"executionTime":4330.71875,"totalTime":4849.08251953125,"V":10000,"E":184714}