{"maxFlow":39,"minCut":[999],"initializationTime":0.23318399488925934,"executionTime":8.900735855102539,"totalTime":9.133919715881348,"V":1000,"E":13926}