{"maxFlow":84,"minCut":[19999],"initializationTime":0.9953600168228149,"executionTime":152.672607421875,"totalTime":153.66796875,"V":20000,"E":396420}