{"maxFlow":149,"minCut":[29999],"initializationTime":1.3106880187988281,"executionTime":159.38006591796875,"totalTime":160.6907501220703,"V":30000,"E":618504}