{"maxFlow":84,"minCut":[19999],"initializationTime":1.0279040336608887,"executionTime":151.3524169921875,"totalTime":152.3803253173828,"V":20000,"E":396420}