{"maxFlow":6,"minCut":[3],"initializationTime":0.12294399738311768,"executionTime":1.9154239892959595,"totalTime":2.038367986679077,"V":4,"E":5}