{"maxFlow":39,"minCut":[999],"initializationTime":5.788032054901123,"executionTime":43.596736907958984,"totalTime":49.384769439697266,"V":1000,"E":13926}