{"maxFlow":11,"minCut":[5,3],"initializationTime":0.1422400027513504,"executionTime":1.547935962677002,"totalTime":1.690176010131836,"V":6,"E":8}