{"maxFlow":11,"minCut":[5,3],"initializationTime":0.14934399724006653,"executionTime":1.3896000385284424,"totalTime":1.5389440059661865,"V":6,"E":8}