{"maxFlow":35379,"minCut":[1,5382,5766,7302,8070,8838,9222,9606,9990,10374,10758,11527,16518,16902,17286,17671,27649,28033,28805,29185,29189,29191,29569,29573,29953,29957,30337,30721,31493,31879,32263,32647,35823,36207,36342,36726,38789,39173,43290,43291,46366,46369,46471,46753,47520,47904,51463,51847,56578,57862,67939,70256,71031,71815,72199,72583,97857,97858,98241,98242,98625,98626,99010,99393,99394,99778,100161,100162,100545,100546,100929,100930,101313,101314,101697,102081,102082,102465,102466,102849,102850,103233,103234,103617,104001,104385,104386,104769,104770,105153,105154,105537,105538,105921,105922,106305,4998,5383,5767,6150,6918,7303,7686,8071,8454,8839,9223,9607,9991,10375,10759,11142,11143,11526,16519,16903,17287,28421,28806,29190,29575,29958,30341,31109,31494,31877,31495,31878,32262,32646,33031,37110,39557,45982,46750,45985,46087,46470,46855,51079,51462,51846,67940,70647,71030,71032,71814,72198,72582,72967,99009,99777,101698,103618,104002,106306,106689,4999,6151,6534,6919,7687,8455,11910,28422,28807,29574,29959,30342,30725,31110,32261,31111,32645,33030,33415,46086,46854,47239,50695,51078,70646,72966,107073,6535,11911,12294,30343,30726,30727,33029,33414,33799,47238,47623,50311,50694,107457,12295,33413,47622,48007,49927,50310,107841,33797,48006,48391,49543,49926,108225,33798,34181,48390,48775,49159,49542,108609,34182,48774,49158,108993,34183,34566,109377,34567,34565,34950,109761,34951,34949,35335,35334,35719,35333,35718,35717,36102,36101,36103,36487],"initializationTime":3.6869759559631348,"executionTime":3774.9833984375,"totalTime":3778.67041015625,"V":110594,"E":506721}