{"maxFlow":76,"minCut":[9999],"initializationTime":437.0566101074219,"executionTime":4309.05078125,"totalTime":4746.107421875,"V":10000,"E":184714}