{"maxFlow":76,"minCut":[9999],"initializationTime":0.9986559748649597,"executionTime":79.09677124023438,"totalTime":80.09542083740234,"V":10000,"E":92357}