{"maxFlow":6,"minCut":[3],"initializationTime":0.1332480013370514,"executionTime":1.4831680059432983,"totalTime":1.6164159774780273,"V":4,"E":5}