{"maxFlow":76,"minCut":[9999],"initializationTime":521.1871948242188,"executionTime":4339.85302734375,"totalTime":4861.0400390625,"V":10000,"E":184714}