{"maxFlow":84,"minCut":[19999],"initializationTime":1.0077439546585083,"executionTime":151.4418487548828,"totalTime":152.44960021972656,"V":20000,"E":198210}