{"maxFlow":76,"minCut":[9999],"initializationTime":447.2925109863281,"executionTime":4305.50634765625,"totalTime":4752.798828125,"V":10000,"E":184714}