{"maxFlow":6,"minCut":[3],"initializationTime":0.13395200669765472,"executionTime":1.5080000162124634,"totalTime":1.6419520378112793,"V":4,"E":5}