{"maxFlow":149,"minCut":[29999],"initializationTime":2.237920045852661,"executionTime":201.87855529785156,"totalTime":204.11648559570313,"V":30000,"E":309252}