{"maxFlow":39,"minCut":[999],"initializationTime":6.21676778793335,"executionTime":40.45328140258789,"totalTime":46.670047760009766,"V":1000,"E":13926}