{"maxFlow":11,"minCut":[5,3],"initializationTime":0.14480000734329224,"executionTime":1.290112018585205,"totalTime":1.4349119663238525,"V":6,"E":8}