{"maxFlow":6,"minCut":[3],"initializationTime":0.13465599715709686,"executionTime":1.4834879636764526,"totalTime":1.6181440353393555,"V":4,"E":5}