{"maxFlow":84,"minCut":[19999],"initializationTime":1.3509440422058105,"executionTime":152.74688720703125,"totalTime":154.0978240966797,"V":20000,"E":198210}