{"maxFlow":11,"minCut":[5,3],"initializationTime":0.15568000078201294,"executionTime":0.31228798627853394,"totalTime":0.4679679870605469,"V":6,"E":8}