{"maxFlow":39,"minCut":[999],"initializationTime":0.19020800292491913,"executionTime":8.637791633605957,"totalTime":8.82800006866455,"V":1000,"E":6963}