{"maxFlow":11,"minCut":[5,3],"initializationTime":0.15056000649929047,"executionTime":1.8105920553207397,"totalTime":1.9611519575119019,"V":6,"E":8}