{"maxFlow":6,"minCut":[3],"initializationTime":0.14681600034236908,"executionTime":2.132607936859131,"totalTime":2.279423952102661,"V":4,"E":5}