{"maxFlow":84,"minCut":[19999],"initializationTime":1744.051025390625,"executionTime":18911.515625,"totalTime":20655.56640625,"V":20000,"E":396420}