{"maxFlow":68,"minCut":[99,58,81,85,25,27,46,53,59,63,75,94,30,38,91,3,17,23,26,28,95,5,57,71,78,1,7,8,18,36,52,69,76,89,98,39,40,67,11,42,47,79,80,84,86,2,10,31,50,72,22,45,60,66,70,29,48,68,88,9,19,20,49,51,56,82,21,41,83,24,33,73,34,4,6,32,54,55,62,87,61,77,90,13,35,12,43,16,96,74,64,37,15,14,44,93,65,92,97],"initializationTime":0.11718399822711945,"executionTime":1.3455679416656494,"totalTime":1.4627519845962524,"V":100,"E":459}