{"maxFlow":76,"minCut":[9999],"initializationTime":516.6181030273438,"executionTime":4304.84375,"totalTime":4821.46142578125,"V":10000,"E":184714}