{"maxFlow":11,"minCut":[5,3],"initializationTime":0.09839999675750732,"executionTime":0.17603200674057007,"totalTime":0.2744320034980774,"V":6,"E":8}