{"maxFlow":76,"minCut":[9999],"initializationTime":0.8785920143127441,"executionTime":78.24668884277344,"totalTime":79.12528228759766,"V":10000,"E":92357}