{"maxFlow":84,"minCut":[19999],"initializationTime":1.0268800258636475,"executionTime":151.6078643798828,"totalTime":152.63475036621094,"V":20000,"E":198210}