{"maxFlow":76,"minCut":[9999],"initializationTime":0.899071991443634,"executionTime":78.52387237548828,"totalTime":79.42294311523438,"V":10000,"E":92357}