{"maxFlow":11,"minCut":[5,3],"initializationTime":0.16179199516773224,"executionTime":0.3158720135688782,"totalTime":0.4776639938354492,"V":6,"E":8}