{"maxFlow":149,"minCut":[29999],"initializationTime":1.8831039667129517,"executionTime":200.9490203857422,"totalTime":202.83212280273438,"V":30000,"E":309252}