{"maxFlow":84,"minCut":[19999],"initializationTime":1729.34130859375,"executionTime":18936.888671875,"totalTime":20666.23046875,"V":20000,"E":396420}