{"maxFlow":84,"minCut":[19999],"initializationTime":1.0105600357055664,"executionTime":152.6546630859375,"totalTime":153.66522216796875,"V":20000,"E":198210}