{"maxFlow":84,"minCut":[19999],"initializationTime":1949.2342529296875,"executionTime":18734.509765625,"totalTime":20683.744140625,"V":20000,"E":396420}