{"maxFlow":149,"minCut":[29999],"initializationTime":3929.778076171875,"executionTime":37545.05078125,"totalTime":41474.83203125,"V":30000,"E":618504}