{"maxFlow":11,"minCut":[5,3],"initializationTime":0.14927999675273895,"executionTime":1.3820480108261108,"totalTime":1.5313279628753662,"V":6,"E":8}