{"maxFlow":6,"minCut":[3],"initializationTime":0.110944002866745,"executionTime":0.22787199914455414,"totalTime":0.33881598711013794,"V":4,"E":5}