{"maxFlow":68,"minCut":[99,38,58,81,17,24,33,47,66,73,25,27,29,46,53,63,75,80,94,30,85,91,19,55,61,72,77,90,5,48,1,13,31,60,74,93,34,41,98,16,22,32,52,54,86,88,89,6,9,21,43,64,28,57,71,78,7,8,18,36,69,76,3,10,37,70,23,39,40,67,11,42,79,84,45,49,68,4,20,51,56,82,83,26,95,59,12,44,62,92,14,15,35,65,87,96,50,97,2],"initializationTime":0.12943999469280243,"executionTime":1.409440040588379,"totalTime":1.5388799905776978,"V":100,"E":459}