{"maxFlow":39,"minCut":[999],"initializationTime":0.2006399929523468,"executionTime":8.748767852783203,"totalTime":8.949407577514648,"V":1000,"E":6963}