{"maxFlow":35,"minCut":[99,7,16,17,21,38,61,85,18,24,33,5,19,39,56,3,23,26,28,81,1,2,13,25,31,4,12,6,34,8,30,10,15,47,32,41,53,20,42,27,58,71,29,46,49,68,40,36,52],"initializationTime":0.15804800391197205,"executionTime":2.386751890182495,"totalTime":2.544800043106079,"V":100,"E":459}