{"maxFlow":149,"minCut":[29999],"initializationTime":3953.171630859375,"executionTime":37128.2109375,"totalTime":41081.3828125,"V":30000,"E":618504}