{"maxFlow":6,"minCut":[3],"initializationTime":0.14585599303245544,"executionTime":0.32873600721359253,"totalTime":0.474592000246048,"V":4,"E":5}