{"maxFlow":39,"minCut":[999],"initializationTime":0.17417599260807037,"executionTime":8.636159896850586,"totalTime":8.810336112976074,"V":1000,"E":6963}