{"maxFlow":84,"minCut":[19999],"initializationTime":1884.5596923828125,"executionTime":18683.033203125,"totalTime":20567.59375,"V":20000,"E":396420}