{"maxFlow":39,"minCut":[999],"initializationTime":0.17340800166130066,"executionTime":8.566240310668945,"totalTime":8.73964786529541,"V":1000,"E":6963}