{"maxFlow":76,"minCut":[9999],"initializationTime":0.6287360191345215,"executionTime":77.64054107666016,"totalTime":78.26927947998047,"V":10000,"E":92357}