{"maxFlow":84,"minCut":[19999],"initializationTime":1.3964799642562866,"executionTime":153.67916870117188,"totalTime":155.07565307617188,"V":20000,"E":198210}