{"maxFlow":39,"minCut":[999],"initializationTime":4.980288028717041,"executionTime":54.722015380859375,"totalTime":59.70230484008789,"V":1000,"E":13926}