{"maxFlow":76,"minCut":[9999],"initializationTime":442.8750305175781,"executionTime":4261.669921875,"totalTime":4704.544921875,"V":10000,"E":184714}