{"maxFlow":6,"minCut":[3],"initializationTime":0.131071999669075,"executionTime":0.3031359910964966,"totalTime":0.4342080056667328,"V":4,"E":5}