{"maxFlow":84,"minCut":[19999],"initializationTime":1.5616639852523804,"executionTime":153.91824340820313,"totalTime":155.4799041748047,"V":20000,"E":198210}