{"maxFlow":149,"minCut":[29999],"initializationTime":3933.123046875,"executionTime":37315.7421875,"totalTime":41248.86328125,"V":30000,"E":618504}