{"maxFlow":149,"minCut":[29999],"initializationTime":3928.898193359375,"executionTime":37522.40625,"totalTime":41451.3046875,"V":30000,"E":618504}