{"maxFlow":11,"minCut":[5,3],"initializationTime":0.13513599336147308,"executionTime":1.8124799728393555,"totalTime":1.9476159811019897,"V":6,"E":8}