{"maxFlow":39,"minCut":[999],"initializationTime":5.77564811706543,"executionTime":44.083744049072266,"totalTime":49.85939025878906,"V":1000,"E":13926}