{"maxFlow":68,"minCut":[99,38,81,85,24,33,47,66,73,30,91,3,17,23,26,95,5,48,1,13,19,25,31,55,60,74,93,4,34,41,53,98,16,22,32,54,88,89,6,9,21,27,43,64,77,52,56,83,51,59,67,29,36,42,58,62,76,87,61,72,80,90,28,57,10,35,44,69,82,96,18,39,84,37,75,49,8,45,65,12,94,71,78,92,63,11,15,79,86,50,20,97,2,68,7,40,70,46,14],"initializationTime":0.13833600282669067,"executionTime":1.3939199447631836,"totalTime":1.532256007194519,"V":100,"E":459}