{"maxFlow":6,"minCut":[3],"initializationTime":0.13715200126171112,"executionTime":0.3258560001850128,"totalTime":0.46300798654556274,"V":4,"E":5}