{"maxFlow":84,"minCut":[19999],"initializationTime":1.4141440391540527,"executionTime":152.4733123779297,"totalTime":153.887451171875,"V":20000,"E":198210}