{"maxFlow":11,"minCut":[5,3],"initializationTime":0.15164799988269806,"executionTime":0.30851200222969055,"totalTime":0.4601599872112274,"V":6,"E":8}