{"maxFlow":6,"minCut":[3],"initializationTime":0.13302400708198547,"executionTime":0.30131199955940247,"totalTime":0.43433600664138794,"V":4,"E":5}