{"maxFlow":149,"minCut":[29999],"initializationTime":1.9238719940185547,"executionTime":199.6571807861328,"totalTime":201.5810546875,"V":30000,"E":309252}