{"maxFlow":11,"minCut":[5,3],"initializationTime":0.1454080045223236,"executionTime":0.3007679879665375,"totalTime":0.4461759924888611,"V":6,"E":8}