{"maxFlow":149,"minCut":[29999],"initializationTime":1.3779840469360352,"executionTime":198.5482940673828,"totalTime":199.92626953125,"V":30000,"E":309252}