{"maxFlow":6,"minCut":[3],"initializationTime":0.13926400244235992,"executionTime":0.3362880051136017,"totalTime":0.4755519926548004,"V":4,"E":5}