{"maxFlow":11,"minCut":[5,3],"initializationTime":0.14947199821472168,"executionTime":1.8460160493850708,"totalTime":1.9954880475997925,"V":6,"E":8}