{"maxFlow":6,"minCut":[3],"initializationTime":0.15433600544929504,"executionTime":2.259711980819702,"totalTime":2.414047956466675,"V":4,"E":5}