{"maxFlow":11,"minCut":[5,3],"initializationTime":0.14767999947071075,"executionTime":1.388800024986267,"totalTime":1.5364799499511719,"V":6,"E":8}