{"maxFlow":39,"minCut":[999],"initializationTime":0.22403199970722198,"executionTime":8.765983581542969,"totalTime":8.990015983581543,"V":1000,"E":6963}