{"maxFlow":76,"minCut":[9999],"initializationTime":0.8871039748191833,"executionTime":78.96832275390625,"totalTime":79.85542297363281,"V":10000,"E":92357}