{"maxFlow":39,"minCut":[999],"initializationTime":6.181151866912842,"executionTime":55.85980987548828,"totalTime":62.040958404541016,"V":1000,"E":13926}