{"maxFlow":39,"minCut":[999],"initializationTime":0.21830399334430695,"executionTime":8.798463821411133,"totalTime":9.016768455505371,"V":1000,"E":6963}