{"maxFlow":39,"minCut":[999],"initializationTime":6.11030387878418,"executionTime":41.245086669921875,"totalTime":47.35539245605469,"V":1000,"E":13926}