{"maxFlow":149,"minCut":[29999],"initializationTime":3962.534912109375,"executionTime":37569.296875,"totalTime":41531.83203125,"V":30000,"E":618504}