{"maxFlow":84,"minCut":[19999],"initializationTime":1761.6092529296875,"executionTime":18901.556640625,"totalTime":20663.166015625,"V":20000,"E":396420}