{"maxFlow":76,"minCut":[9999],"initializationTime":521.5968017578125,"executionTime":4321.5302734375,"totalTime":4843.126953125,"V":10000,"E":184714}