{"maxFlow":149,"minCut":[29999],"initializationTime":1.9133119583129883,"executionTime":199.47056579589844,"totalTime":201.3838653564453,"V":30000,"E":309252}