{"maxFlow":149,"minCut":[29999],"initializationTime":1.8933759927749634,"executionTime":200.30455017089844,"totalTime":202.1979217529297,"V":30000,"E":309252}