{"maxFlow":6,"minCut":[3],"initializationTime":0.16371199488639832,"executionTime":0.3442240059375763,"totalTime":0.5079360008239746,"V":4,"E":5}