{"maxFlow":76,"minCut":[9999],"initializationTime":0.6147199869155884,"executionTime":77.68374633789063,"totalTime":78.2984619140625,"V":10000,"E":92357}