{"maxFlow":68,"minCut":[99,58,85,27,29,46,53,63,75,80,94,3,17,23,26,28,81,95,1,7,8,18,36,52,69,73,76,89,98,10,21,37,70,39,40,67,11,42,47,71,79,84,86,22,38,45,60,66,48,49,57,68,88,4,34,61,9,19,20,51,56,82,6,32,54,55,62,64,87,72,77,90,13,35,12,25,43,30,91,16,96,33,83,15,14,44,74,93,5,59,65,31,41,78,92,50,24,97,2],"initializationTime":0.11715199798345566,"executionTime":1.464352011680603,"totalTime":1.581503987312317,"V":100,"E":459}