{"maxFlow":6,"minCut":[3],"initializationTime":0.15360000729560852,"executionTime":1.6406079530715942,"totalTime":1.79420804977417,"V":4,"E":5}