{"maxFlow":84,"minCut":[19999],"initializationTime":1736.09130859375,"executionTime":18818.91796875,"totalTime":20555.009765625,"V":20000,"E":396420}