{"maxFlow":149,"minCut":[29999],"initializationTime":1.9828159809112549,"executionTime":201.49154663085938,"totalTime":203.474365234375,"V":30000,"E":309252}