{"maxFlow":6,"minCut":[3],"initializationTime":0.13795199990272522,"executionTime":0.32521599531173706,"totalTime":0.4631679952144623,"V":4,"E":5}