{"maxFlow":39,"minCut":[999],"initializationTime":6.114880084991455,"executionTime":49.33270263671875,"totalTime":55.44758224487305,"V":1000,"E":13926}