{"maxFlow":11,"minCut":[5,3],"initializationTime":0.16617600619792938,"executionTime":0.317984014749527,"totalTime":0.48416000604629517,"V":6,"E":8}