{"maxFlow":39,"minCut":[999],"initializationTime":6.165919780731201,"executionTime":52.09088134765625,"totalTime":58.25680160522461,"V":1000,"E":13926}