{"maxFlow":6,"minCut":[3],"initializationTime":0.14745600521564484,"executionTime":2.055936098098755,"totalTime":2.2033920288085938,"V":4,"E":5}