{"maxFlow":68,"minCut":[99,38,58,81,16,17,24,33,47,66,73,27,29,46,53,59,63,75,80,94,30,85,87,91,45,54,57,19,55,61,72,77,90,5,48,1,13,25,31,60,74,93,34,41,98,22,32,52,86,88,89,6,9,21,43,64,7,8,18,36,69,76,3,10,15,37,70,23,39,40,67,11,42,71,79,84,2,50,4,28,49,68,20,51,56,82,83,26,95,35,14,97,65,12,44,62,92,78,96],"initializationTime":0.11401599645614624,"executionTime":1.3624000549316406,"totalTime":1.476415991783142,"V":100,"E":459}