{"maxFlow":39,"minCut":[999],"initializationTime":0.1998720020055771,"executionTime":8.771167755126953,"totalTime":8.971039772033691,"V":1000,"E":6963}