{"maxFlow":6,"minCut":[3],"initializationTime":0.15411199629306793,"executionTime":2.2666239738464355,"totalTime":2.420736074447632,"V":4,"E":5}