{"maxFlow":84,"minCut":[19999],"initializationTime":1766.7132568359375,"executionTime":18857.501953125,"totalTime":20624.21484375,"V":20000,"E":396420}