{"maxFlow":76,"minCut":[9999],"initializationTime":516.842041015625,"executionTime":4284.72314453125,"totalTime":4801.56494140625,"V":10000,"E":184714}