{"maxFlow":149,"minCut":[29999],"initializationTime":3911.85302734375,"executionTime":37553.13671875,"totalTime":41464.9921875,"V":30000,"E":618504}