{"maxFlow":68,"minCut":[99,58,81,25,27,29,46,53,59,63,75,94,30,38,85,87,91,5,28,33,57,71,78,1,7,8,18,36,52,69,73,76,98,3,10,21,37,70,80,23,39,40,67,11,17,42,47,79,84,86,2,31,50,72,93,4,22,45,60,66,48,49,68,88,9,19,20,51,56,82,41,83,16,24,26,95,32,35,34,61,12,43,89,13,55,74,62,64,15,14,44,6,65,77,96,54,90,92,97],"initializationTime":0.1438080072402954,"executionTime":1.3891520500183105,"totalTime":1.532960057258606,"V":100,"E":459}