{"maxFlow":35,"minCut":[99,4,7,16,17,21,61,85,3,13,19,15,18,5,39,56,23,26,28,81,8,12,33,6,32,1,30,10,25,38,2,31,20,49,24,36,71,27,53,68,42,47,58,52,34,41,29,46,40],"initializationTime":0.177824005484581,"executionTime":0.8199679851531982,"totalTime":0.9977920055389404,"V":100,"E":459}