{"maxFlow":11,"minCut":[5,3],"initializationTime":0.1599999964237213,"executionTime":1.3926719427108765,"totalTime":1.552672028541565,"V":6,"E":8}