{"maxFlow":39,"minCut":[999],"initializationTime":0.1733119934797287,"executionTime":8.622143745422363,"totalTime":8.795455932617188,"V":1000,"E":6963}