{"maxFlow":84,"minCut":[19999],"initializationTime":1896.640869140625,"executionTime":18935.97265625,"totalTime":20832.61328125,"V":20000,"E":396420}