{"maxFlow":39,"minCut":[999],"initializationTime":0.17427200078964233,"executionTime":8.574336051940918,"totalTime":8.748607635498047,"V":1000,"E":6963}