{"maxFlow":76,"minCut":[9999],"initializationTime":437.57977294921875,"executionTime":4334.783203125,"totalTime":4772.36279296875,"V":10000,"E":184714}