{"maxFlow":11,"minCut":[5,3],"initializationTime":0.156031996011734,"executionTime":0.30988800525665283,"totalTime":0.46592000126838684,"V":6,"E":8}