{"maxFlow":84,"minCut":[19999],"initializationTime":0.9884799718856812,"executionTime":152.45913696289063,"totalTime":153.44761657714844,"V":20000,"E":198210}