{"maxFlow":149,"minCut":[29999],"initializationTime":3902.771240234375,"executionTime":37406.8984375,"totalTime":41309.671875,"V":30000,"E":618504}