{"maxFlow":11,"minCut":[5,3],"initializationTime":0.14812800288200378,"executionTime":1.38646399974823,"totalTime":1.5345920324325562,"V":6,"E":8}