{"maxFlow":68,"minCut":[99,58,81,85,25,27,29,46,53,59,63,80,94,30,38,87,91,3,17,23,26,28,95,5,57,71,78,1,7,8,18,36,52,69,73,76,98,10,21,37,70,75,39,40,67,11,42,47,79,84,86,2,31,50,72,93,4,22,45,60,66,34,61,68,9,19,20,49,51,56,82,41,83,24,33,32,35,6,54,55,62,77,90,13,12,43,89,16,96,74,64,15,14,44,65,88,48,92,97],"initializationTime":0.13334399461746216,"executionTime":1.3744959831237793,"totalTime":1.5078400373458862,"V":100,"E":459}