{"maxFlow":76,"minCut":[9999],"initializationTime":0.6248000264167786,"executionTime":78.26214599609375,"totalTime":78.88694763183594,"V":10000,"E":92357}