{"maxFlow":11,"minCut":[5,3],"initializationTime":0.1555519998073578,"executionTime":0.3051519989967346,"totalTime":0.4607039988040924,"V":6,"E":8}