{"maxFlow":68,"minCut":[99,38,81,16,17,24,33,47,66,73,30,85,87,91,45,54,57,95,19,53,55,61,72,77,80,90,5,48,1,13,25,31,60,74,93,4,34,41,98,22,32,52,86,88,89,6,9,21,27,43,64,56,83,3,23,26,35,51,76,67,14,42,63,97,10,11,20,65,8,40,59,75,44,69,82,96,12,94,58,71,79,84,37,62,92,39,29,36,68,15,18,28,49,78,50,2,7,70,46],"initializationTime":0.1393599957227707,"executionTime":1.3655040264129639,"totalTime":1.504863977432251,"V":100,"E":459}