{"maxFlow":76,"minCut":[9999],"initializationTime":0.8907840251922607,"executionTime":78.45008087158203,"totalTime":79.34086608886719,"V":10000,"E":92357}