{"maxFlow":6,"minCut":[3],"initializationTime":0.11270400136709213,"executionTime":2.124191999435425,"totalTime":2.23689603805542,"V":4,"E":5}