{"maxFlow":149,"minCut":[29999],"initializationTime":3950.61865234375,"executionTime":37552.57421875,"totalTime":41503.19140625,"V":30000,"E":618504}