{"maxFlow":39,"minCut":[999],"initializationTime":0.19881600141525269,"executionTime":8.761664390563965,"totalTime":8.960479736328125,"V":1000,"E":6963}