{"maxFlow":6,"minCut":[3],"initializationTime":0.1372160017490387,"executionTime":0.3041599988937378,"totalTime":0.4413760006427765,"V":4,"E":5}