{"maxFlow":6,"minCut":[3],"initializationTime":0.11423999816179276,"executionTime":0.2091519981622696,"totalTime":0.32339200377464294,"V":4,"E":5}