{"maxFlow":6,"minCut":[3],"initializationTime":0.12352000176906586,"executionTime":1.332927942276001,"totalTime":1.456447958946228,"V":4,"E":5}