{"maxFlow":84,"minCut":[19999],"initializationTime":1754.5557861328125,"executionTime":18928.947265625,"totalTime":20683.50390625,"V":20000,"E":396420}