{"maxFlow":149,"minCut":[29999],"initializationTime":3918.81884765625,"executionTime":37525.6640625,"totalTime":41444.48046875,"V":30000,"E":618504}