{"maxFlow":149,"minCut":[29999],"initializationTime":1.3839999437332153,"executionTime":199.0032958984375,"totalTime":200.38729858398438,"V":30000,"E":309252}