{"maxFlow":11,"minCut":[5,3],"initializationTime":0.11187200248241425,"executionTime":0.18559999763965607,"totalTime":0.2974720001220703,"V":6,"E":8}