{"maxFlow":76,"minCut":[9999],"initializationTime":516.4454956054688,"executionTime":4234.06787109375,"totalTime":4750.51318359375,"V":10000,"E":184714}