{"maxFlow":39,"minCut":[999],"initializationTime":6.098944187164307,"executionTime":40.96665573120117,"totalTime":47.06560134887695,"V":1000,"E":13926}