{"maxFlow":39,"minCut":[999],"initializationTime":5.014656066894531,"executionTime":41.157569885253906,"totalTime":46.17222213745117,"V":1000,"E":13926}