{"maxFlow":76,"minCut":[9999],"initializationTime":0.6066880226135254,"executionTime":77.59187316894531,"totalTime":78.19856262207031,"V":10000,"E":92357}