{"maxFlow":84,"minCut":[19999],"initializationTime":0.9861440062522888,"executionTime":151.3223419189453,"totalTime":152.30848693847656,"V":20000,"E":198210}