{"maxFlow":11,"minCut":[5,3],"initializationTime":0.15027199685573578,"executionTime":1.8392959833145142,"totalTime":1.9895679950714111,"V":6,"E":8}