{"maxFlow":84,"minCut":[19999],"initializationTime":1.402016043663025,"executionTime":152.60205078125,"totalTime":154.00405883789063,"V":20000,"E":198210}