{"maxFlow":11,"minCut":[5,3],"initializationTime":0.14905600249767303,"executionTime":0.3038400113582611,"totalTime":0.45289599895477295,"V":6,"E":8}