{"maxFlow":149,"minCut":[29999],"initializationTime":3939.52392578125,"executionTime":37546.98828125,"totalTime":41486.51171875,"V":30000,"E":618504}