{"maxFlow":11,"minCut":[5,3],"initializationTime":0.14368000626564026,"executionTime":1.3825279474258423,"totalTime":1.5262080430984497,"V":6,"E":8}