{"maxFlow":149,"minCut":[29999],"initializationTime":1.9477440118789673,"executionTime":200.82847595214844,"totalTime":202.77622985839844,"V":30000,"E":309252}