{"maxFlow":35,"minCut":[99,4,7,16,17,21,38,61,85,3,19,47,18,24,33,5,39,56,23,26,28,81,12,34,41,53,1,2,13,25,31,6,8,30,10,15,27,42,58,71,32,29,46,20,49,68,52,40,36],"initializationTime":0.16383999586105347,"executionTime":2.3071999549865723,"totalTime":2.4710400104522705,"V":100,"E":459}