{"maxFlow":76,"minCut":[9999],"initializationTime":0.6086080074310303,"executionTime":78.18313598632813,"totalTime":78.79174041748047,"V":10000,"E":92357}