{"maxFlow":149,"minCut":[29999],"initializationTime":1.3724160194396973,"executionTime":200.56736755371094,"totalTime":201.9397735595703,"V":30000,"E":309252}