{"maxFlow":84,"minCut":[19999],"initializationTime":1738.854736328125,"executionTime":18964.69921875,"totalTime":20703.5546875,"V":20000,"E":396420}