{"maxFlow":76,"minCut":[9999],"initializationTime":514.1773681640625,"executionTime":4333.16748046875,"totalTime":4847.34521484375,"V":10000,"E":184714}