{"maxFlow":39,"minCut":[999],"initializationTime":5.026879787445068,"executionTime":48.6313591003418,"totalTime":53.658241271972656,"V":1000,"E":13926}