{"maxFlow":38887,"minCut":[1,24670,28417,29185,29766,36715,36865,37096,37479,37862,38246,39395,40160,40548,40928,41312,44064,44072,44431,44448,44455,44832,45216,47116,50595,50979,52440,52823,53207,55889,55952,56336,56340,56341,56649,56720,56764,57104,57488,57536,57925,58263,58309,58647,59080,59332,59467,59468,59716,59806,60098,60190,60476,60482,60860,60861,60983,61367,61738,62903,62917,62954,63097,63287,63554,63934,63935,63936,63939,64062,64324,64446,64507,64708,64831,64837,64891,65222,65480,65785,65865,66700,67804,68322,68578,68962,69353,70128,70257,70641,71423,72577,78844,80000,80384,82690,88066,88068,88449,88450,88451,88452,88834,88835,88836,89218,89219,89220,89602,89604,90370,90371,90752,90753,91136,91137,91520,91904,91905,92288,92670,98061,98062,98445,104588,28033,52441,59081,59464,59084,59852,60475,60477,62918,63552,64838,65221,66316,70258,82306,82689,88065,88833,89603,90754,90368,90751,91135,91519,92287,92289,97678,28801,29569,55505,55568,59083,59466,59851,60859,63096,64447,64890,70640,70642,71025,78845,79228,80385,80768,87684,88067,89986,89987,90372,90755,91138,91521,91903,92671,97677,98060,104589,29382,30150,60099,65481,65864,80001,89988,90369,91906,65606,43680,43688,58948,63550,63933,44047,44432,57033,36481,37249,61751,63551,46732,58648,59031,58310,62519,36712,57879,65866,71422,71424,87682,64830,39011,71024,71026,71409,89985,62135,71808,82305,81922,62712,59850,64448,43663,81152,63549,27649,29953,70643,59032,44816,79229,91522,64506,87681,80386,80769,80002,59082,90756,59465,58264,89217,87683,71408,81536,80770,81153,81538,79613,89601,30337,27265,59416,71807,72192,71027,81921,70644,71410,81537,81920,79612,79997,71806,72191,81154,81535,71411,72576,79996,81919,82304,72575,82303,82688,82687,83071,83072,83073,83074],"initializationTime":6.110112190246582,"executionTime":3969.171875,"totalTime":3975.281982421875,"V":110594,"E":510816}