{"maxFlow":38887,"minCut":[1,24670,28417,29185,29766,36715,36865,37096,37479,37862,38246,39395,40160,40548,40928,41312,44064,44072,44431,44448,44455,44832,45216,47116,50595,50979,52440,52823,53207,55889,55952,56336,56340,56341,56649,56720,56764,57104,57488,57536,57925,58263,58309,58647,59080,59332,59467,59468,59716,59806,60098,60190,60476,60482,60860,60861,60983,61367,61738,62903,62917,62954,63097,63287,63554,63934,63935,63936,63939,64062,64324,64446,64507,64708,64831,64837,64891,65222,65480,65785,65865,66700,67804,68322,68578,68962,69353,70128,70257,70641,71423,72577,78844,80000,80384,82690,88066,88068,88449,88450,88451,88452,88834,88835,88836,89218,89219,89220,89602,89604,90370,90371,90752,90753,91136,91137,91520,91904,91905,92288,92670,98061,98062,98445,104588,46732,80001,29569,55505,55568,59081,59464,59083,59466,59851,62519,63096,63551,64447,64830,64890,66316,71422,71424,82306,82689,87684,91135,92287,92289,92671,29382,30150,65221,78845,79228,89986,90754,90368,90751,91903,97678,104589,28033,28801,57033,57879,58648,59031,58948,59084,59852,60477,61751,62918,63550,63933,64838,65606,65481,65864,65866,70258,70640,70642,71025,80385,80768,87682,88067,89603,89988,90369,91138,91521,97677,98060,88065,88833,60099,91906,63552,60475,36712,43680,39011,89987,90372,90755,36481,37249,58310,91519,43688,52441,60859,44047,44432,79229,70643,71026,87683,80386,62712,71024,71409,59850,62135,80769,81152,91522,90756,71808,89985,87681,64448,59082,59465,44816,58264,59032,43663,80002,63549,27649,89217,29953,82305,64506,81922,79613,27265,81921,71027,71410,89601,80770,71408,70644,81153,81536,81538,30337,71807,72192,59416,79612,79997,81154,71411,81537,81920,81535,72191,72576,71806,79996,72575,81919,82304,82303,82688,82687,83071,83072,83073,83074],"initializationTime":5.839712142944336,"executionTime":3752.543212890625,"totalTime":3758.3828125,"V":110594,"E":510816}