{"maxFlow":38887,"minCut":[1,24670,28417,29185,29766,36715,36865,37096,37479,37862,38246,39395,40160,40548,40928,41312,44064,44072,44431,44448,44455,44832,45216,47116,50595,50979,52440,52823,53207,55889,55952,56336,56340,56341,56649,56720,56764,57104,57488,57536,57925,58263,58309,58647,59080,59332,59467,59468,59716,59806,60098,60190,60482,60860,60861,60983,61367,61738,62903,62917,62954,63097,63287,63554,63934,63935,63936,63939,64062,64324,64446,64507,64708,64831,64837,64891,65222,65480,65785,65865,66700,67804,68322,68578,68962,69353,70128,70257,70641,71423,72577,78844,80000,80384,81536,82690,88067,88068,88449,88450,88451,88452,88834,88835,88836,89218,89219,89220,89602,89604,90370,90371,90752,90753,91136,91137,91520,91904,91905,92288,92670,98061,98062,98445,104588,28801,29569,52441,55505,59083,59466,59851,62918,63551,64838,65221,65481,65864,65866,70258,70640,70642,71025,80385,80768,81535,81537,81920,87683,88066,88065,88833,90754,90369,91138,91521,91903,91906,28033,57879,62519,63096,63550,63933,63552,64830,64890,65606,66316,71422,71424,80001,82306,82689,87684,89603,89986,89988,89987,90372,90755,91135,91519,92287,92289,92671,97677,98060,97678,104589,60477,43680,39011,43688,90368,90751,46732,55568,58648,59031,61751,44047,44432,36712,36481,37249,60099,58948,59084,59852,78845,79228,58310,64447,29382,30150,60476,60859,59081,59464,57033,29953,59032,89985,80769,81152,62135,70643,71026,64506,81922,71808,80386,63549,79229,59082,59465,59850,27649,64448,60475,89217,44816,87682,80002,91522,62712,90756,58264,71024,71409,43663,81919,81921,82304,81153,81538,87681,82305,27265,71408,82303,82688,80770,89601,79613,30337,71027,70644,71410,59416,81154,71807,72192,82687,72191,72576,71411,79612,79997,71806,83071,72575,79996,83072,83073,83074],"initializationTime":5.482143878936768,"executionTime":3781.0380859375,"totalTime":3786.520263671875,"V":110594,"E":510816}