{"maxFlow":33349,"minCut":[1,26987,27371,35579,37495,38244,38245,40547,40928,40931,41312,41315,41699,43663,44072,44383,44431,44767,45151,45535,45597,45919,45981,46303,46365,46687,46749,47071,47133,47455,47517,47518,47839,48223,48669,50775,52059,52800,52801,53184,53275,53569,53658,53659,53952,53953,54070,54336,54337,54408,54409,54844,55230,55505,55571,55587,55617,55887,55955,55990,56271,56339,56354,56655,56723,56738,57107,57349,57491,57539,57732,58115,58649,59033,59417,59801,60185,60267,60592,61366,61367,62134,62510,62511,62518,62519,62529,62587,62588,62713,62974,62975,64633,64711,64712,65784,67026,67154,67538,67802,67804,67935,68582,68966,69500,69884,69887,70131,70268,70271,70272,70655,70656,70657,71039,71041,77303,35580,53954,27372,50391,53568,47134,56001,56965,62902,69501,52802,53185,55229,57348,57733,61750,62133,62528,62329,69885,71040,45598,48285,49053,57731,58116,58499,26988,55606,55989,64249,44047,62135,62127,53570,54338,69886,71038,38246,61751,70654,70269,61945,62328,55605,45599,56000,57347,62144,50007,61749,62517,69502,70270,52418,53186,70653,56964,61944,61365,56963,52034,55616,55999,56384,61561,45600,62901,56580,56579,45601,61177,51650,56383,56385,55615,55998,45602,55614,55997,55613,55996,55612,55228],"initializationTime":6.141312122344971,"executionTime":3964.83154296875,"totalTime":3970.972900390625,"V":110594,"E":518994}