{"maxFlow":38887,"minCut":[1,24670,28417,29185,29766,36715,36865,37096,37479,37862,38246,39395,40160,40548,40928,41312,44064,44072,44431,44448,44455,44832,45216,47116,50595,50979,52440,52823,53207,55889,55952,56336,56340,56341,56649,56720,56764,57104,57488,57536,57925,58263,58309,58647,59080,59332,59467,59468,59716,59806,60098,60190,60476,60482,60860,60861,60983,61367,61738,62903,62917,62954,63097,63287,63554,63934,63935,63936,63939,64062,64324,64446,64507,64708,64831,64837,64891,65222,65480,65785,65865,66700,67804,68322,68578,68962,69353,70128,70257,70641,71423,72577,78844,80384,80770,81536,82690,88066,88068,88449,88450,88451,88452,88834,88835,88836,89218,89219,89220,89602,89604,90370,90371,90752,90753,91136,91137,91520,91904,91905,92288,92670,98061,98062,98445,104588,44047,44432,57033,70640,70642,71025,78845,79228,80386,80769,81154,87682,88067,87684,90368,90751,91138,97677,98060,104589,28033,28801,52441,55505,58648,59031,59083,59466,59851,60099,61751,62918,63096,63552,64838,65221,65481,65864,66316,70258,82306,82689,88065,88833,89986,90754,89987,90372,90755,91519,91521,92671,97678,39011,57879,58310,60859,62519,63550,63933,63551,64447,64830,65866,71422,71424,81152,81535,81537,81920,89988,91906,92289,36712,91903,92287,55568,29569,59084,59852,46732,59081,59464,43680,36481,37249,60475,60477,58948,43688,29382,30150,80000,80385,80768,90369,64890,91135,89603,65606,43663,89217,87683,81153,58264,59032,62712,87681,44816,90756,64448,64506,81922,79229,82305,80001,63549,71808,71024,71026,71409,59082,89985,81538,59850,81919,81921,82304,70643,59465,62135,29953,80002,91522,27649,89601,82688,59416,82303,70644,71027,30337,27265,71807,72192,79613,71408,71410,71411,82687,71806,72191,72576,79612,79997,83071,79996,72575,83072,83073,83074],"initializationTime":3.780479907989502,"executionTime":3804.4951171875,"totalTime":3808.275634765625,"V":110594,"E":510816}