{"maxFlow":33349,"minCut":[1,26987,27371,35579,37495,38244,38245,40547,40928,40931,41312,41315,41699,44072,44383,44431,44767,45151,45535,45601,45919,45981,46303,46365,46687,46749,47071,47133,47455,47517,47518,47839,48223,48669,50775,52059,52800,52801,53184,53275,53569,53658,53659,53952,53953,54070,54336,54337,54408,54409,54844,55230,55505,55571,55587,55617,55887,55955,55990,56271,56339,56354,56655,56723,56738,57107,57349,57491,57539,57732,58115,58649,59033,59417,59801,60185,60267,60592,61366,61367,62134,62510,62511,62518,62519,62529,62587,62588,62713,62901,62974,62975,64633,64711,64712,65784,67026,67154,67538,67802,67804,67935,68582,68966,69500,69884,69887,70131,70268,70271,70272,70655,70656,70657,71039,71041,77303,27372,53185,53568,53954,62135,69886,35580,48285,49053,52802,56001,55606,55989,61750,62133,62127,62902,62329,55229,62517,64249,50391,61751,62528,69501,71040,26988,47134,70269,71038,53570,54338,44047,56965,57733,38246,57348,45600,45602,57731,58116,58499,69885,45597,70654,69502,53186,70653,50007,70270,56964,57347,43663,55605,56000,52418,45599,61945,62328,62144,61749,56580,52034,55616,55999,56384,56963,61561,61944,45598,61365,61177,56579,55615,51650,56383,56385,55998,55614,55997,55613,55612,55228,55996],"initializationTime":5.612864017486572,"executionTime":3785.60595703125,"totalTime":3791.218994140625,"V":110594,"E":518994}