{"maxFlow":35379,"minCut":[1,5382,5766,7302,8070,8838,9222,9606,9990,10374,11527,16518,16902,17286,17671,27649,28033,28805,29185,29189,29191,29569,29573,29953,29957,30337,30721,31493,31879,32263,32647,35823,36207,36342,36726,38789,39173,43290,43291,46366,46369,46753,47520,47904,49159,49927,51463,51847,56578,57862,67939,70256,71031,71815,72199,72583,97857,97858,98241,98242,98625,98626,99010,99393,99394,99778,100161,100162,100545,100546,100929,100930,101313,101314,101697,102081,102082,102465,102466,102849,102850,103233,103234,103617,104001,104385,104386,104769,104770,105153,105154,105537,105538,105921,105922,106305,5767,6150,32646,33031,37110,39557,51079,51462,72198,99777,103618,104002,106306,8071,6918,7303,7686,31109,31494,31877,45985,48775,49158,49543,71814,72582,72967,99009,101698,106689,16903,45982,46750,28421,28806,4998,5383,17287,16519,51846,10375,10758,49926,50311,9991,9607,31495,31878,8454,8839,29958,30341,67940,9223,32262,70647,71030,71032,29190,29575,11143,11526,11911,32645,49542,70646,33030,33415,107073,28422,50695,11142,29574,29959,48391,31111,6534,6919,4999,48774,50310,30725,10759,6151,72966,51078,31110,28807,11910,12295,32261,30342,7687,8455,50694,12294,30343,6535,33414,33799,30726,107457,48390,33029,30727,48007,107841,33413,48006,33798,47623,47239,47622,108225,33797,34182,46855,47238,108609,34181,34183,34566,108993,34567,46471,46854,34565,34950,34949,46470,34951,46087,109377,109761,46086,35335,35334,35719,35333,35718,36103,36102,36487,35717,36101],"initializationTime":3.7947840690612793,"executionTime":3856.240478515625,"totalTime":3860.03515625,"V":110594,"E":506721}