{"maxFlow":48947,"minCut":[1,5383,5767,6535,6919,8455,8839,9223,9607,9985,9991,10369,10375,10759,11143,15361,16129,18433,23047,23431,23815,24199,24583,24967,25178,25180,25351,25562,25735,26119,26503,26887,27271,27655,28039,28144,28423,28807,35957,36343,36591,36715,36727,36728,37095,37096,37111,37112,37360,37497,37744,38128,40705,41473,41857,43291,43680,45597,47137,47521,47905,48288,51160,51353,51544,51737,52121,53905,55231,55619,55868,56252,56962,58268,58653,61395,65095,68578,69505,69889,73892,81188,81572,81956,82561,97656,97991,97992,98040,98424,98822,98823,99192,99394,99778,100344,101509,101510,102312,102696,103428,104244,105749,106135,106136,107670,107671,107693,108054,108076,108077,108438,108459,108460,108844,109228,109273,109583,109591,109597,109613,109996,4999,36712,48289,50969,61011,61396,61779,102313,105750,106133,107669,24796,25179,98439,98824,108461,109229,109997,8071,36592,36975,36976,37359,103044,109584,26120,36344,36729,45598,108053,108055,109612,109213,109981,6151,25352,26504,41089,43292,51928,99010,101894,103860,108437,108439,25736,36711,37113,37743,98808,99576,99960,107672,109592,23432,108075,108843,7303,65096,24968,106134,24200,25563,81573,38127,101893,107692,100162,24795,61012,61780,7687,99009,98440,99208,108056,107288,108440,106517,106518,109200,109585,109968,24584,35960,109980,110365,26888,109976,23048,23816,101929,102660,110381,100546,99207,99592,98625,99393,106904,100545,109201,109967,109969,110364,27272,109975,109977,110360,109596,110363,110359,110361,109970,110353,100161,98241,108817,99976,109966,110351,99591,106520,106903,99777,27656,109978,110362,99975,100360,106519,28040,110358,109979,109582,110350,109971,110354,110352,109974,110357,109581,100744,110355,109972,109588,109197,109965,109590,100745,101128,109973,110356,109198,109589,110349,101129,101512,101511,101896,109199,101130,101513,101514,101897,101895,101898,102281,102279,102280,102282,102665,102664,103049,102666,103050,103048,103433,103434],"initializationTime":5.168479919433594,"executionTime":3506.037353515625,"totalTime":3511.205810546875,"V":110594,"E":496135}