{"maxFlow":33349,"minCut":[1,26987,27371,35579,37495,38244,38245,40547,40928,40931,41312,41315,41699,43663,44072,44383,44431,44767,45151,45535,45597,45919,45981,46303,46365,46687,46749,47071,47133,47455,47517,47518,47839,48223,48669,50775,52059,52800,52801,53184,53275,53569,53658,53659,53952,53953,54070,54336,54337,54408,54409,54844,55230,55505,55571,55587,55617,55887,55955,55990,56271,56339,56354,56655,56723,56738,57107,57348,57349,57491,57539,57732,58115,58649,59033,59417,59801,60185,60267,60592,61366,61367,62134,62510,62511,62518,62519,62529,62587,62588,62713,62974,62975,64633,64711,64712,65784,67026,67154,67538,67802,67804,67935,68582,68966,69500,69884,69887,70131,70268,70271,70272,70655,70656,70657,71039,71041,77303,53185,53954,58116,58499,62902,62528,69501,70654,47134,56964,57347,62135,45598,27372,55606,55989,57731,57733,35580,48285,49053,54338,38246,61750,62133,70269,71038,71040,26988,50391,53568,53570,56001,62127,62329,69885,52802,61751,69886,64249,55229,44047,56965,53186,50007,56000,61749,62517,45599,56580,70270,70653,61945,62328,56963,52418,55605,69502,62144,61561,61944,55616,55999,56384,52034,62901,61365,45600,56579,61177,56383,56385,55615,55998,45601,51650,55614,55997,45602,55613,55996,55612,55228],"initializationTime":5.620863914489746,"executionTime":3944.14013671875,"totalTime":3949.760986328125,"V":110594,"E":518994}