{"maxFlow":38887,"minCut":[1,24670,28417,29185,29766,36715,36865,37096,37479,37862,38246,39395,40160,40548,40928,41312,44064,44072,44431,44448,44455,44832,45216,47116,50595,50979,52440,52823,53207,55889,55952,56336,56340,56341,56649,56720,56764,57104,57488,57536,57925,58263,58309,58647,59080,59332,59467,59468,59716,59806,60098,60190,60476,60482,60860,60861,60983,61367,61738,62903,62917,62954,63097,63287,63554,63934,63935,63936,63939,64062,64324,64446,64507,64708,64831,64837,64891,65222,65480,65785,65865,66700,67804,68322,68578,68962,69353,70128,70257,70641,71423,72577,78844,80384,80770,81536,82690,88066,88068,88449,88450,88451,88452,88834,88835,88836,89218,89219,89220,89602,89604,90370,90371,90752,90753,91136,91137,91520,91904,91905,92288,92670,98061,98062,98445,104588,28801,29569,58648,59031,59084,59852,60859,62918,64838,65221,87684,88067,89988,91135,46732,63096,64447,65606,65864,65866,70640,70642,71025,80386,80769,81154,87682,89603,89986,90754,90368,90751,91138,91521,91906,92289,92671,104589,36481,37249,52441,57033,58948,64890,66316,70258,88065,88833,90369,91903,92287,28033,57879,59083,59466,59851,63550,63933,80000,80385,80768,82306,82689,55568,63551,65481,78845,79228,91519,97677,98060,44047,44432,29382,30150,89987,90372,90755,97678,43680,55505,36712,59081,59464,81535,81537,81920,61751,43688,58310,64830,62519,71422,71424,60099,60475,60477,63552,39011,58264,81153,81538,91522,63549,82305,43663,62712,64506,80001,79229,81919,81921,82304,71024,71026,71409,29953,62135,89217,64448,27649,80002,89985,44816,59032,87683,87681,81922,70643,71808,59082,59465,59850,81152,90756,71408,71410,82303,82688,70644,71027,71807,72192,89601,59416,30337,27265,79613,82687,71411,72191,72576,71806,79612,79997,72575,83071,79996,83072,83073,83074],"initializationTime":5.510079860687256,"executionTime":3955.02392578125,"totalTime":3960.5341796875,"V":110594,"E":510816}