{"maxFlow":35379,"minCut":[1,5382,5766,7302,8070,8838,9222,9606,9990,10374,11527,16518,16902,17286,17671,27649,28033,28805,29185,29189,29191,29569,29573,29953,29957,30337,30721,31493,31879,32263,32647,35823,36207,36342,36726,38789,39173,43290,43291,46087,46366,46369,46753,47520,47904,48007,56578,57862,67939,70256,71031,71815,72199,72583,97857,97858,98241,98242,98625,98626,99010,99393,99394,99778,100161,100162,100545,100546,100929,100930,101313,101314,101697,102081,102082,102465,102466,102849,102850,103233,103234,103617,104001,104385,104386,104769,104770,105153,105154,105537,105538,105921,105922,106305,8454,8839,45985,99777,104002,4998,5383,45982,46750,72198,99009,106306,106689,7686,8071,32262,37110,70647,71030,71032,17287,32646,33031,39557,72582,72967,101698,103618,5767,6150,31495,31878,47623,48006,48391,6918,7303,71814,67940,9607,31109,31494,31877,9223,16519,9991,11143,11526,11911,16903,29958,30341,46086,46471,29190,29575,10375,10758,28421,28806,47239,47622,6151,6534,31110,10759,29574,29959,30342,8455,31111,32261,11142,46470,46855,6919,7687,30725,28422,48775,72966,28807,11910,12295,107073,48390,4999,70646,32645,33030,33415,107457,30343,48774,30727,33029,33414,46854,6535,33799,30726,47238,49159,12294,33413,49158,107841,49543,49542,49927,108225,33797,108609,33798,49926,50311,50310,50695,34182,108993,50694,109377,51079,34181,34183,34566,109761,34565,34567,51078,51463,34951,51847,51462,51846,34950,35335,34949,35334,35719,35333,35718,36103,35717,36102,36487,36101],"initializationTime":3.8721280097961426,"executionTime":4009.66015625,"totalTime":4013.5322265625,"V":110594,"E":506721}