{"maxFlow":35379,"minCut":[1,5382,5766,7302,8070,8838,9222,9606,9990,10374,11527,16518,16902,17286,17671,27649,28033,28805,29185,29189,29191,29569,29573,29953,29957,30337,30721,31493,31877,31879,32263,32647,35823,36207,36342,36726,38789,39173,43290,43291,46366,46369,46753,47520,47904,49159,49927,51463,56578,57862,67939,70256,71031,71815,72199,72583,97857,97858,98241,98242,98625,98626,99010,99393,99394,99778,100161,100162,100545,100546,100929,100930,101313,101314,101697,102081,102082,102465,102466,102849,102850,103233,103234,103617,104001,104385,104386,104769,104770,105153,105154,105537,105538,105921,105922,106305,4998,5383,32261,37110,51079,51462,51847,70647,71030,71032,103618,106306,16903,29958,30341,6918,7303,7686,31109,31494,31495,31878,32646,33031,49543,49926,50311,72198,99777,10375,10758,32262,72582,72967,99009,101698,104002,5767,6150,39557,45985,48775,49158,8071,11143,11526,11911,8454,8839,67940,106689,9223,29190,29575,28421,28806,17287,9991,71814,16519,9607,45982,46750,29574,29959,30342,48391,4999,49542,10759,11142,48774,11910,12295,50695,50310,28807,30725,31110,32645,6151,51078,51846,72966,8455,6919,7687,107073,31111,6534,70646,28422,33030,33415,30343,30726,6535,50694,33414,33799,30727,12294,48007,48390,33029,107457,33413,47623,48006,107841,108225,33797,47239,47622,46855,108609,33798,34181,47238,46854,46471,34182,108993,34183,34566,46470,46087,109377,34565,34950,46086,109761,34567,34951,35334,34949,35335,35333,35718,35719,35717,36103,36102,36487,36101],"initializationTime":3.7968640327453613,"executionTime":3761.840087890625,"totalTime":3765.636962890625,"V":110594,"E":506721}