{"maxFlow":35379,"minCut":[1,5382,5766,7302,8070,8838,9222,9606,9990,10374,11527,16518,16902,17286,17671,27649,28033,28805,29185,29189,29191,29569,29573,29953,29957,30337,30721,31493,31879,32263,32647,35823,36207,36342,36726,38789,39173,43290,43291,46366,46369,46753,47520,47904,48391,51463,51847,56578,57862,67939,70256,71031,71815,72199,72583,97857,97858,98241,98242,98625,98626,99010,99393,99394,99778,100161,100162,100545,100546,100929,100930,101313,101314,101697,102081,102082,102465,102466,102849,102850,103233,103234,103617,104001,104385,104386,104769,104770,105153,105154,105537,105538,105921,105922,106305,10375,10758,31109,31494,31877,51846,70647,71030,71032,101698,103618,104002,106306,6918,7303,45982,46750,71814,72198,99009,4998,5383,31495,31878,99777,106689,7686,8071,32646,33031,8454,8839,32262,37110,45985,48007,48390,48775,67940,72582,72967,16903,11143,11526,11911,9223,28421,28806,9607,5767,6150,39557,9991,51079,51462,17287,16519,29190,29575,29958,30341,31110,32261,28422,10759,11142,6151,8455,48774,49159,51078,72966,107073,32645,33030,33415,30342,29574,29959,30725,47623,48006,11910,12295,28807,70646,7687,4999,6534,6919,31111,50695,33414,33799,49158,49543,12294,30726,30343,47239,47622,50694,107457,6535,30727,50311,33029,47238,33413,49542,49927,50310,107841,46855,46854,33797,46471,49926,108225,46470,33798,46087,108609,34182,108993,46086,109377,34181,34183,34566,109761,34567,34565,34950,34949,34951,35333,35335,35719,35334,35717,35718,36103,36102,36487,36101],"initializationTime":3.9195520877838135,"executionTime":3886.562744140625,"totalTime":3890.482421875,"V":110594,"E":506721}