{"maxFlow":48947,"minCut":[1,5383,5767,8455,8839,9223,9607,9985,9991,10369,10375,10759,11143,15361,16129,18433,23047,23431,23815,24199,24583,24967,25178,25180,25351,25562,25735,26119,26503,26887,27271,27655,28039,28144,28423,28807,35957,36343,36591,36715,36727,36728,37095,37096,37111,37112,37360,37497,37744,38128,40705,41473,41857,43291,43680,45597,47137,47521,47905,48288,51160,51353,51544,51737,52121,53905,55231,55619,55868,56252,56962,58268,58653,61395,65095,68578,69505,69889,73892,81188,81572,81956,82561,97656,97991,97992,98040,98424,98822,98823,99192,99394,99778,100344,101509,101510,102312,102696,103428,104244,105749,106135,106136,107670,107671,107693,108054,108076,108077,108438,108459,108460,108844,109228,109273,109583,109591,109597,109996,36344,37113,50969,61011,61396,61779,100162,99960,102313,107672,108055,109592,8071,36729,36976,37359,41089,45598,98808,99576,99010,101894,103044,108461,108437,108439,109229,109612,109584,48289,25352,36592,36975,26504,36712,43292,81573,101893,106134,108075,108843,25179,38127,98439,98824,103860,105750,106133,109213,109981,108053,4999,24796,36711,37743,51928,107669,65096,6151,107692,25563,24200,23432,24968,109997,61012,99009,108056,106518,107288,6535,109200,109585,109968,7687,26120,26888,61780,24795,106517,109976,110381,109613,98440,99208,24584,25736,102660,100546,35960,108440,109980,110365,23048,23816,101929,109975,109977,110360,109201,109596,109979,98625,99393,109967,109969,100545,110364,99207,99592,106904,6919,27272,7303,110359,110361,99591,99976,108817,109970,110353,100161,27656,109978,110363,109966,110351,98241,106520,106903,99777,110358,110362,106519,99975,100360,28040,110352,110354,110350,109582,109971,110355,100744,109974,110357,109972,109581,110356,100745,101128,109588,109973,109590,109197,109965,109198,110349,101129,109589,101512,109199,101511,101896,101130,101513,101895,101897,101514,101898,102281,102279,102282,102280,102665,102664,102666,103049,103050,103048,103433,103434],"initializationTime":3.561568021774292,"executionTime":3580.04736328125,"totalTime":3583.60888671875,"V":110594,"E":496135}