{"maxFlow":33349,"minCut":[1,26987,27371,35579,37495,38244,38245,40547,40928,40931,41312,41315,41699,44072,44383,44431,44767,45151,45535,45601,45919,45981,46303,46365,46687,46749,47071,47133,47455,47517,47518,47839,48223,48669,50775,52059,52800,52801,53184,53275,53569,53658,53659,53952,53953,54070,54336,54337,54408,54409,54844,55230,55505,55571,55587,55617,55887,55955,55990,56271,56339,56354,56655,56723,56738,57107,57348,57349,57491,57539,57732,58115,58649,59033,59417,59801,60185,60267,60592,61366,61367,62134,62510,62511,62518,62519,62529,62587,62588,62713,62974,62975,64633,64711,64712,65784,67026,67154,67538,67802,67804,67935,68582,68966,69500,69884,69887,70131,70268,70271,70272,70655,70656,70657,71039,71041,77303,35580,48285,49053,62127,70269,71038,71040,26988,53570,27372,50391,61751,47134,54338,55606,55989,62135,53568,62902,62528,69886,56965,69501,70654,53954,52802,53185,55229,56964,57347,57731,57733,62329,44047,56001,38246,45600,45602,45597,61750,62133,69885,58116,58499,64249,45599,52418,53186,56963,61945,62328,61749,62517,56000,70270,70653,55605,50007,69502,56580,43663,62144,45598,52034,61365,55616,55999,56384,62901,56579,61561,61944,55615,55998,56383,56385,61177,51650,55614,55997,55613,55996,55612,55228],"initializationTime":5.559103965759277,"executionTime":3736.1611328125,"totalTime":3741.72021484375,"V":110594,"E":518994}