{"maxFlow":33349,"minCut":[1,26987,27371,35579,37495,38244,38245,40547,40928,40931,41312,41315,41699,44072,44383,44431,44767,45151,45535,45601,45919,45981,46303,46365,46687,46749,47071,47133,47455,47517,47518,47839,48223,48669,50775,52059,52800,52801,53184,53275,53569,53658,53659,53952,53953,54070,54336,54337,54408,54409,54844,55230,55505,55571,55587,55617,55887,55955,55990,56271,56339,56354,56655,56723,56738,57107,57349,57491,57539,57732,58115,58649,59033,59417,59801,60185,60267,60592,61366,61367,62134,62510,62511,62518,62519,62529,62587,62588,62713,62974,62975,64633,64711,64712,65784,67026,67154,67538,67802,67804,67935,68582,68966,69500,69884,69887,70131,70268,70271,70272,70655,70656,70657,71039,71041,77303,27372,55606,55989,57348,57733,69501,69885,70654,61750,62133,71038,56001,26988,53185,53568,53570,70269,45600,45602,56965,62902,35580,62135,64249,69886,62528,38246,62329,71040,52802,62127,53954,54338,47134,48285,49053,44047,45597,55229,61751,50391,57731,58116,58499,70653,45599,61945,62328,55605,69502,70270,43663,56964,57347,50007,61749,62517,56000,62144,52418,53186,52034,61365,61561,61944,56963,56580,55616,55999,56384,45598,62901,51650,56579,56383,56385,55615,55998,61177,55614,55997,55613,55612,55228,55996],"initializationTime":4.254528045654297,"executionTime":3800.845458984375,"totalTime":3805.10009765625,"V":110594,"E":518994}