{"maxFlow":35379,"minCut":[1,5382,5766,7302,8070,8838,9222,9606,9990,10374,11527,16518,16902,17286,17671,27649,28033,28805,29185,29189,29191,29569,29573,29953,29957,30337,30721,31493,31879,32263,32647,35823,36207,36342,36726,38789,39173,43290,43291,46366,46369,46753,47520,47904,48391,49159,56578,57862,67939,70256,71031,71815,72199,72583,97857,97858,98241,98242,98625,98626,99010,99393,99394,99778,100161,100162,100545,100546,100929,100930,101313,101314,101697,102081,102082,102465,102466,102849,102850,103233,103234,103617,104001,104385,104386,104769,104770,105153,105154,105537,105538,105921,105922,106305,11143,11526,11911,7686,8071,48775,49158,49543,71814,103618,5767,6150,45985,67940,72582,72967,8454,8839,48007,48390,106306,4998,5383,37110,101698,104002,6918,7303,39557,72198,31495,31878,32262,70647,71030,71032,99777,106689,31109,31494,31877,32646,33031,45982,46750,16903,9991,9607,29190,10375,10758,9223,16519,29575,28421,28806,99009,29958,30341,17287,6919,70646,7687,30342,8455,29959,6534,32261,6151,11910,12295,29574,28422,48006,31111,107073,32645,33030,33415,28807,10759,48774,30725,31110,4999,11142,49542,72966,47623,49927,12294,30343,6535,49926,50311,107457,47622,33414,33799,33029,30727,30726,47239,107841,33413,47238,46855,50310,50695,46471,108225,46854,33797,50694,51079,51078,108609,51463,46087,33798,34181,46470,34182,108993,46086,51462,51847,34183,34566,109377,51846,34565,34950,34567,109761,34951,34949,35335,35334,35719,35333,35718,36103,35717,36102,36487,36101],"initializationTime":3.7022080421447754,"executionTime":4003.794189453125,"totalTime":4007.496337890625,"V":110594,"E":506721}