{"maxFlow":35379,"minCut":[1,5382,5766,7302,8070,8838,9222,9606,9990,10374,11527,16518,16902,17286,17671,27649,28033,28805,29185,29189,29191,29569,29573,29953,29957,30337,30721,31493,31877,31879,32263,35823,36207,36342,36726,38789,39173,43290,43291,46366,46369,46471,46753,47520,47904,49159,51463,51847,56578,57862,67939,70256,71031,71815,72199,72583,97857,97858,98241,98242,98625,98626,99010,99393,99394,99778,100161,100162,100545,100546,100929,100930,101313,101314,101697,102081,102082,102465,102466,102849,102850,103233,103234,103617,104001,104385,104386,104769,104770,105153,105154,105537,105538,105921,105922,106305,17287,6918,7303,45982,46750,51079,51462,99777,4998,5383,31495,37110,101698,106689,5767,6150,31109,31494,48775,49158,49543,72198,103618,7686,8071,8454,31878,32261,32262,32647,45985,46087,46470,46855,67940,71814,99009,106306,28421,28806,72582,72967,8839,16903,9223,10375,10758,29958,30341,29190,39557,29575,16519,51846,104002,70647,71030,71032,9607,11143,11526,11911,9991,4999,31111,32646,33031,28422,10759,11142,6534,6919,72966,7687,8455,32645,29574,29959,11910,12295,70646,49542,49927,30342,50695,51078,46086,107073,31110,48774,46854,47239,28807,30725,48391,6151,50694,6535,12294,48390,47238,47623,49926,50311,107457,48007,33029,33415,30727,30343,33030,30726,33414,33413,50310,107841,48006,47622,33799,108225,33797,108609,33798,34181,34182,108993,34183,34566,109377,34565,34950,109761,34567,34949,35334,34951,35333,35335,35719,35717,35718,36101,36102,36103,36487],"initializationTime":5.390592098236084,"executionTime":3980.74560546875,"totalTime":3986.13623046875,"V":110594,"E":506721}