{"maxFlow":33349,"minCut":[1,26987,27371,35579,37495,38244,38245,40547,40928,40931,41312,41315,41699,44072,44383,44431,44767,45151,45535,45597,45919,45981,46303,46365,46687,46749,47071,47133,47455,47517,47839,48223,48669,50775,52059,52800,52801,53184,53275,53569,53658,53659,53952,53953,54070,54336,54337,54408,54409,54844,55230,55505,55571,55587,55617,55887,55955,55990,56271,56339,56354,56655,56723,56738,57107,57349,57491,57539,57732,58115,58649,59033,59417,59801,60185,60267,60592,61366,61367,62134,62510,62511,62518,62519,62529,62587,62588,62713,62974,62975,64633,64711,64712,65784,67026,67154,67538,67802,67804,67935,68582,68966,69500,69884,69887,70131,70268,70271,70272,70655,70656,70657,71039,71041,77303,50391,56965,57733,71040,53185,53568,55229,55606,55989,47518,61751,62528,52802,57348,69501,54338,26988,56001,62902,27372,62329,57731,58116,58499,64249,47134,69885,35580,53954,69886,53570,70269,71038,61750,62133,44047,38246,62127,48285,49053,45598,70654,62135,69502,70270,62517,53186,70653,45599,57347,61749,56964,55605,43663,50007,61945,62328,62144,56000,52418,62901,56963,61365,45600,52034,55616,55999,56384,56580,61561,61944,56579,45601,61177,51650,55615,55998,56383,56385,45602,55614,55997,55613,55996,55612,55228],"initializationTime":5.635968208312988,"executionTime":3820.34326171875,"totalTime":3825.979248046875,"V":110594,"E":518994}