{"maxFlow":48947,"minCut":[1,5383,5767,6535,6919,8455,8839,9223,9607,9985,9991,10369,10375,10759,11143,15361,16129,18433,23047,23431,23815,24199,24583,24967,25178,25180,25351,25562,25735,26119,26503,26887,27271,27655,28039,28144,28423,28807,35957,36343,36591,36715,36727,36728,37095,37096,37111,37112,37360,37497,37744,38128,40705,41473,41857,43291,43680,45597,47137,47521,47905,48288,51160,51353,51544,51737,52121,53905,55231,55619,55868,56252,56962,58268,58653,61395,65095,68578,69505,69889,73892,81188,81572,81956,82561,97656,97991,97992,98040,98424,98822,98823,99192,99394,99778,100344,101509,101510,102312,102696,103428,104244,105749,106135,106136,107670,107671,107693,108054,108076,108077,108438,108459,108460,108844,109228,109273,109583,109591,109597,109613,109996,36592,36975,107672,7303,37743,43292,98439,98824,24796,25179,41089,99010,105750,106133,109592,25352,25563,25736,26504,37113,51928,98808,101894,103044,107669,109997,6151,45598,61011,61396,61779,99960,106134,109612,109584,4999,36712,36976,37359,50969,102313,103860,108053,108055,108461,109213,109981,8071,36344,36729,38127,108437,108439,24200,23432,108075,108843,107692,101893,99576,100162,65096,24584,81573,48289,36711,109229,99009,7687,109200,109585,109968,106518,23048,107288,108056,98440,99208,100546,61012,61780,108440,24968,110381,101929,23816,109976,102660,24795,109980,110365,26120,26888,106517,35960,106904,98625,99393,27272,109201,100545,109967,109969,109596,99207,99592,110364,109975,109977,110360,106520,106903,109966,110351,99976,108817,27656,100161,109970,110353,109978,110361,99777,110363,98241,99591,110359,110362,106519,99975,100360,109582,110352,110350,109979,28040,110358,109971,110354,109974,110357,109581,100744,110355,109972,109590,109973,110356,100745,101128,109197,109965,109588,110349,109589,101129,109198,101512,101130,101513,109199,101511,101896,101514,101895,101897,102279,101898,102281,102280,102665,102282,102664,102666,103050,103048,103049,103434,103433],"initializationTime":5.170207977294922,"executionTime":3465.161376953125,"totalTime":3470.33154296875,"V":110594,"E":496135}