{"maxFlow":38887,"minCut":[1,24670,28417,29185,29766,36715,36865,37096,37479,37862,38246,39395,40160,40548,40928,41312,44064,44072,44431,44448,44455,44832,45216,47116,50595,50979,52440,52823,53207,55889,55952,56336,56340,56341,56649,56720,56764,57104,57488,57536,57925,58263,58309,58647,59080,59332,59467,59468,59716,59806,60098,60190,60482,60860,60861,60983,61367,61738,62903,62917,62954,63097,63287,63554,63934,63935,63936,63939,64062,64324,64446,64507,64708,64831,64837,64891,65222,65480,65785,65865,66700,67804,68322,68578,68962,69353,70128,70257,70641,71026,71423,72577,78844,80384,80770,81536,82690,88066,88068,88449,88450,88451,88452,88834,88835,88836,89218,89219,89220,89602,89604,90370,90371,90752,90753,91136,91137,91520,91904,91905,92288,92670,98061,98062,98445,104588,29382,30150,59081,59464,61751,64838,65221,65481,65864,78845,79228,87682,88067,89603,90369,90754,92287,92289,28801,29569,58648,59031,60099,62918,63552,64447,64890,70640,70642,71025,71422,71424,82306,82689,89986,97677,98060,28033,58948,63096,63550,63933,71027,71410,81152,81535,81537,81920,88065,88833,89987,90372,90755,91519,97678,57033,39011,36712,58310,80386,80769,81154,104589,43688,52441,55505,59083,59466,59851,62519,63551,65606,66316,80000,80385,80768,87684,90368,90751,91521,91906,60476,60859,46732,36481,37249,59084,59852,64830,60477,89988,91903,43680,70258,65866,92671,57879,91138,44047,44432,55568,91135,62712,71409,81153,81538,64506,82305,71411,80001,59082,71808,27649,91522,89985,59850,71024,60475,58264,59032,87683,79229,89217,59465,81922,63549,81919,81921,82304,44816,90756,29953,87681,43663,64448,62135,70643,80002,89601,71408,82303,82688,59416,30337,79613,27265,71807,72192,70644,72191,72576,79612,79997,82687,71806,72575,83071,79996,83072,83073,83074],"initializationTime":5.98140811920166,"executionTime":3820.58056640625,"totalTime":3826.561767578125,"V":110594,"E":510816}