{"maxFlow":48947,"minCut":[1,5383,5767,8455,8839,9223,9607,9985,9991,10369,10375,10759,11143,15361,16129,18433,23047,23431,23815,24199,24583,24967,25178,25180,25351,25562,25735,26119,26503,26887,27271,27655,28039,28144,28423,28807,35957,36343,36591,36715,36727,36728,37095,37096,37111,37112,37360,37497,37744,38128,40705,41473,41857,43291,43680,45597,47137,47521,47905,48288,51160,51353,51544,51737,52121,53905,55231,55619,55868,56252,56962,58268,58653,61395,65095,68578,69505,69889,73892,81188,81572,81956,82561,97656,97991,97992,98040,98424,98822,98823,99192,99394,99778,100344,101509,101510,102312,102696,103428,104244,105749,106135,106136,107670,107671,107693,108054,108076,108077,108438,108459,108460,108844,109228,109273,109583,109591,109597,109996,103044,36592,36975,24584,99576,103860,108053,108055,8071,26120,36344,36729,37113,41089,50969,61011,61396,61779,98439,98824,101894,106134,37743,109229,109612,4999,25736,26504,36712,38127,43292,48289,51928,65096,81573,100162,107669,109592,24200,98808,102313,107672,108075,108843,109213,109981,24796,105750,106133,108461,109584,23432,25179,6151,107692,36711,25563,36976,37359,45598,99010,108437,108439,101893,99960,109997,25352,7687,106518,35960,26888,23816,6535,99009,102660,109980,110365,108440,61780,108056,24795,109200,109585,109968,110381,98440,99208,61012,107288,109976,24968,101929,106517,23048,100546,109613,109201,7303,100545,99207,99592,109596,109979,27272,110364,109975,109977,110360,6919,109967,109969,98625,99393,106904,100161,27656,108817,99591,110359,110363,99976,109978,110361,99777,109966,110351,106520,106903,98241,109970,110353,110350,110352,110362,106519,109971,110354,109582,99975,100360,110358,28040,109972,110355,109974,110357,109581,100744,109590,109588,109973,110356,109197,109965,100745,101128,101129,101512,110349,109198,109589,101130,101513,109199,101511,101896,101514,101897,101895,102279,102281,101898,102280,102282,102665,102664,102666,103050,103048,103049,103434,103433],"initializationTime":3.919584035873413,"executionTime":3392.83837890625,"totalTime":3396.758056640625,"V":110594,"E":496135}