{"maxFlow":48947,"minCut":[1,5383,5767,8455,8839,9223,9607,9985,9991,10369,10375,10759,11143,15361,16129,18433,23047,23431,23815,24199,24583,24967,25178,25180,25351,25562,25735,26119,26503,26887,27271,27655,28039,28144,28423,28807,35957,36343,36591,36715,36727,36728,37095,37096,37111,37112,37360,37497,37744,38128,40705,41473,41857,43291,43680,45597,47137,47521,47905,48288,51160,51353,51544,51737,52121,53905,55231,55619,55868,56252,56962,58268,58653,61395,65095,68578,69505,69889,73892,81188,81572,81956,82561,97656,97991,97992,98040,98424,98822,98823,99192,99394,99778,100344,101509,101510,102312,102696,103428,104244,105749,106135,106136,107670,107671,107693,108054,108076,108077,108438,108459,108460,108844,109228,109273,109583,109591,109597,109613,109996,25179,36592,36975,45598,100162,99960,107669,109584,109229,109997,4999,37113,41089,51928,61011,61396,61779,98808,99576,99010,101893,102313,103044,106134,108075,108843,109213,109981,25563,26120,36712,37743,103860,109612,8071,36711,36976,37359,65096,81573,101894,108053,108055,108437,108439,23432,24200,25736,36344,36729,43292,105750,106133,107692,108461,25352,109592,6151,24584,38127,50969,48289,26504,24796,98439,98824,107672,109200,109585,109968,35960,23816,108440,24795,6535,7687,61012,61780,109980,110365,108056,100546,106517,109976,26888,24968,107288,101929,98440,99208,99009,23048,102660,106518,110381,6919,109201,99207,99592,98625,99393,109967,109969,110364,7303,106904,109596,109979,27272,109975,109977,110360,100545,98241,99976,109970,110353,106520,106903,99777,27656,100161,109978,110363,99591,110359,110361,109966,110351,108817,110358,110362,110350,99975,100360,109582,110352,110354,109971,106519,28040,100744,109974,110357,109581,110355,109972,100745,101128,109590,109197,109965,109973,110356,109588,101129,109198,109589,110349,101512,109199,101130,101513,101511,101896,101514,101895,101897,101898,102281,102279,102282,102280,102665,102664,102666,103050,103048,103049,103434,103433],"initializationTime":3.8091518878936768,"executionTime":3564.142822265625,"totalTime":3567.951904296875,"V":110594,"E":496135}