{"maxFlow":38887,"minCut":[1,24670,28417,29185,29766,36715,36865,37096,37479,37862,38246,39395,40160,40548,40928,41312,44064,44072,44431,44448,44455,44832,45216,47116,50595,50979,52440,52823,53207,55889,55952,56336,56340,56341,56649,56720,56764,57104,57488,57536,57925,58263,58309,58647,59080,59332,59467,59468,59716,59806,60098,60190,60476,60482,60860,60861,60983,61367,61738,62903,62917,62954,63097,63287,63554,63934,63935,63936,63939,64062,64324,64446,64507,64708,64831,64837,64891,65222,65480,65785,65865,66700,67804,68322,68578,68962,69353,70128,70257,70641,71423,72577,78844,80000,80384,82690,88067,88068,88449,88450,88451,88452,88834,88835,88836,89218,89219,89220,89602,89604,90370,90371,90752,90753,91136,91137,91520,91904,91905,92288,92670,98061,98062,98445,104588,28801,29569,55505,60475,60477,63552,64838,65221,64890,65866,80385,80768,87683,88066,89986,90754,90369,91903,92287,92289,97677,98060,36481,37249,57879,58310,28033,52441,58948,59084,59852,60859,61751,63096,63551,65481,65864,70258,88065,88833,89988,90368,90751,91135,92671,44047,44432,29382,30150,63550,63933,39011,58648,59031,62519,62918,64447,66316,71422,71424,78845,79228,87684,89603,89987,90372,90755,91138,91521,91906,97678,104589,46732,65606,70640,70642,71025,91519,64830,60099,59081,59464,55568,43688,36712,80001,82306,82689,59083,59466,59851,57033,43680,87682,27649,43663,44816,59032,71808,79229,82305,91522,70643,71026,58264,63549,90756,80002,29953,64448,87681,62135,62712,89217,59850,64506,71024,89985,81152,59082,59465,71409,80386,80769,81922,71807,72192,89601,59416,71027,71410,27265,71408,30337,80770,81153,81536,81921,79613,70644,81538,81537,81920,71806,81154,81535,72191,72576,79612,79997,71411,72575,79996,81919,82304,82688,82303,82687,83071,83072,83073,83074],"initializationTime":6.117728233337402,"executionTime":4014.004638671875,"totalTime":4020.122314453125,"V":110594,"E":510816}