{"maxFlow":48947,"minCut":[1,5383,5767,6535,6919,8455,8839,9223,9607,9985,9991,10369,10375,10759,11143,15361,16129,18433,23047,23431,23815,24199,24583,24967,25178,25180,25351,25562,25735,26119,26503,26887,27271,27655,28039,28144,28423,28807,35957,36343,36591,36715,36727,36728,37095,37096,37111,37112,37360,37497,37744,38128,40705,41473,41857,43291,43680,45597,47137,47521,47905,48288,51160,51353,51544,51737,52121,53905,55231,55619,55868,56252,56962,58268,58653,61395,65095,68578,69505,69889,73892,81188,81572,81956,82561,97656,97991,97992,98040,98424,98822,98823,99192,99394,99778,100344,101509,101510,102312,102696,103428,104244,105749,106135,106136,107670,107671,107693,108054,108076,108077,108438,108459,108460,108844,109228,109273,109583,109591,109597,109996,8071,45598,48289,65096,105750,106133,108437,108439,24796,25179,25563,26504,37113,51928,106134,109584,24584,108053,108055,25352,36592,36975,50969,98439,98824,99960,103044,103860,107692,108461,36344,4999,26120,38127,61011,61396,61779,99010,101893,108075,108843,6151,36729,98808,99576,100162,102313,107669,43292,109213,109981,37743,23432,101894,109997,36976,37359,41089,7303,24200,36712,36711,81573,107672,109229,109612,109592,25736,24795,101929,102660,35960,100546,26888,106517,107288,99009,23816,7687,109613,110381,108056,108440,98440,99208,61012,61780,109980,110365,106518,23048,109200,109585,109968,109976,24968,109201,110364,99207,99592,106904,27272,109975,109977,110360,98625,99393,109967,109969,100545,109596,109979,99777,98241,99591,109978,110361,100161,109970,110353,27656,110359,109966,110351,110363,106520,106903,99976,108817,110352,110354,28040,110350,110362,109582,109971,106519,110358,99975,100360,110355,109972,109974,110357,109581,100744,110356,109588,109973,109590,109197,109965,100745,101128,101129,101512,110349,109198,109589,109199,101511,101896,101130,101513,101895,101897,101514,101898,102281,102279,102280,102665,102282,102666,102664,103050,103048,103049,103434,103433],"initializationTime":3.603584051132202,"executionTime":3496.790283203125,"totalTime":3500.393798828125,"V":110594,"E":496135}