{"maxFlow":48947,"minCut":[1,5383,5767,6535,6919,8455,8839,9223,9607,9985,9991,10369,10375,10759,11143,15361,16129,18433,23047,23431,23815,24199,24583,24967,25178,25180,25351,25562,25735,26119,26503,26887,27271,27655,28039,28144,28423,28807,35957,36343,36591,36715,36727,36728,37095,37096,37111,37112,37360,37497,37744,38128,40705,41473,41857,43291,43680,45597,47137,47521,47905,48288,51160,51353,51544,51737,52121,53905,55231,55619,55868,56252,56962,58268,58653,61395,65095,68578,69505,69889,73892,81188,81572,81956,82561,97656,97991,97992,98040,98424,98822,98823,99192,99394,99778,100344,101509,101510,102312,102696,103428,104244,105749,106135,106136,107670,107671,107693,108054,108076,108077,108438,108459,108460,108844,109228,109273,109583,109591,109597,109613,109996,23432,36976,37359,45598,101894,4999,26504,65096,105750,106133,108437,108439,7303,26120,50969,101893,8071,38127,100162,24796,25179,103860,106134,109612,36592,36975,81573,99960,107692,109584,25563,36712,102313,108053,108055,109997,6151,25736,36344,36729,48289,108461,25352,37743,98439,98824,98808,99576,107669,108075,108843,37113,99010,107672,24200,41089,43292,51928,103044,109213,109981,24584,109229,36711,109592,61011,61396,61779,109200,109585,109968,107288,108440,98440,99009,102660,61780,106517,110381,26888,23048,23816,35960,109980,110365,7687,108056,61012,24968,109976,101929,24795,100546,99208,106518,109201,27272,109596,106904,110364,109967,109969,98625,99393,109975,109977,110360,100545,99207,99592,99777,108817,110359,110361,27656,109978,99591,109966,110351,98241,100161,109970,110353,110363,99976,106520,106903,110358,110362,109582,110350,109971,106519,109979,110352,110354,99975,100360,28040,109972,110355,109974,110357,100744,109581,100745,101128,109590,109588,109973,110356,109197,109965,101129,109589,101512,110349,109198,101511,101513,101896,109199,101130,101895,101514,101897,101898,102281,102279,102280,102665,102282,102666,103049,102664,103048,103050,103433,103434],"initializationTime":5.162591934204102,"executionTime":3621.90869140625,"totalTime":3627.0712890625,"V":110594,"E":496135}