{"maxFlow":38887,"minCut":[1,24670,28417,29185,29766,36715,36865,37096,37479,37862,38246,39395,40160,40548,40928,41312,44064,44072,44431,44448,44455,44832,45216,47116,50595,50979,52440,52823,53207,55889,55952,56336,56340,56341,56649,56720,56764,57104,57488,57536,57925,58263,58309,58647,59080,59332,59467,59468,59716,59806,60098,60190,60476,60482,60860,60861,60983,61367,61738,62903,62917,62954,63097,63287,63554,63934,63935,63936,63939,64062,64324,64446,64507,64708,64831,64837,64891,65222,65480,65785,65865,66700,67804,68322,68578,68962,69353,70128,70257,70641,71026,71423,72577,78844,80770,81536,82690,88067,88068,88449,88450,88451,88452,88834,88835,88836,89218,89219,89220,89602,89604,90370,90371,90752,90753,91136,91137,91520,91904,91905,92288,92670,98061,98062,98445,104588,55568,58310,59083,59466,59851,60475,63096,63550,63933,64447,64830,64838,65221,65606,66316,70258,71422,71424,78845,79228,80386,80769,81154,82306,82689,87684,88065,88833,89988,89986,90754,89987,90372,90755,90369,91135,91519,91521,91906,92289,97677,98060,36712,57879,58948,59084,59852,61751,62519,63551,63552,64890,65481,65864,70642,71025,71027,71410,81152,81535,81537,81920,87683,88066,89603,90368,90751,91138,92671,97678,104589,92287,43680,36481,37249,28801,29569,52441,55505,59081,59464,29382,30150,43688,91903,65866,57033,62918,70640,60477,60099,46732,60859,28033,58648,59031,44047,44432,39011,71024,71409,87682,64448,87681,64506,71411,81153,81538,29953,81921,82304,82305,70643,80768,62712,58264,59850,89985,81919,27649,90756,44816,71808,59032,81922,43663,89217,91522,80002,79229,63549,62135,80385,59082,59465,79612,80001,89601,71408,59416,30337,27265,79613,70644,80384,82303,82688,71807,72192,71806,72191,72576,80000,82687,79997,72575,83071,79996,83072,83073,83074],"initializationTime":5.447167873382568,"executionTime":3896.363037109375,"totalTime":3901.81005859375,"V":110594,"E":510816}