{"maxFlow":48947,"minCut":[1,5383,5767,8455,8839,9223,9607,9985,9991,10369,10375,10759,11143,15361,16129,18433,23047,23431,23815,24199,24583,24967,25178,25180,25351,25562,25735,26119,26503,26887,27271,27655,28039,28144,28423,28807,35957,36343,36591,36715,36727,36728,37095,37096,37111,37112,37360,37497,37744,38128,40705,41473,41857,43291,43680,45597,47137,47521,47905,48288,51160,51353,51544,51737,52121,53905,55231,55619,55868,56252,56962,58268,58653,61395,65095,68578,69505,69889,73892,81188,81572,81956,82561,97656,97991,97992,98040,98424,98822,98823,99192,99394,99778,100344,101509,101510,102312,102696,103428,104244,105749,106135,106136,107670,107671,107693,108054,108076,108077,108438,108459,108460,108844,109228,109273,109583,109591,109597,109613,109996,101893,108461,24200,51928,65096,101894,107669,8071,81573,102313,107672,109584,4999,36344,36729,43292,45598,48289,99010,103860,106134,109612,109592,109213,109981,26504,99576,105750,106133,108437,108439,109997,50969,99960,25179,108075,108843,6151,61011,61396,61779,98808,98439,98824,108053,108055,109229,36712,107692,25563,36711,24796,36976,37359,37743,36592,36975,23432,38127,24584,103044,100162,25352,37113,41089,23816,6535,61780,102660,109976,109980,110365,110381,61012,101929,108440,106518,26120,26888,24968,109200,109585,109968,107288,108056,7687,35960,24795,100546,106517,98440,99208,23048,99009,25736,6919,99207,99592,109201,98625,99393,106904,27272,100545,109596,109979,109975,109977,110360,7303,109967,109969,110364,99591,99777,27656,108817,109970,110353,99976,106520,106903,109978,110363,98241,110359,110361,109966,110351,100161,110350,110352,109971,110354,99975,100360,106519,110362,109582,28040,110358,100744,109972,109581,110355,109974,110357,109590,109973,109588,100745,101128,110356,109197,109965,101129,101512,109589,109198,110349,101511,101513,101896,109199,101130,101514,101897,101895,101898,102281,102279,102280,102282,102665,102664,102666,103049,103050,103048,103433,103434],"initializationTime":3.6069440841674805,"executionTime":3484.140625,"totalTime":3487.74755859375,"V":110594,"E":496135}