{"maxFlow":33349,"minCut":[1,26987,27371,35579,37495,38244,38245,40547,40928,40931,41312,41315,41699,44072,44383,44431,44767,45151,45535,45601,45919,45981,46303,46365,46687,46749,47071,47133,47455,47517,47518,47839,48223,48669,50775,52059,52800,52801,53184,53275,53569,53658,53659,53952,53953,54070,54336,54337,54408,54409,54844,55230,55505,55571,55587,55617,55887,55955,55990,56271,56339,56354,56655,56723,56738,57107,57349,57491,57539,57732,58115,58649,59033,59417,59801,60185,60267,60592,61366,61367,62134,62510,62511,62518,62519,62529,62587,62588,62713,62974,62975,64633,64711,64712,65784,67026,67154,67538,67802,67804,67935,68582,68966,69500,69884,69887,70131,70268,70271,70272,70655,70656,70657,71039,71041,77303,47134,53185,53568,53570,54338,62902,70269,70654,27372,58116,58499,61750,62133,62329,64249,69886,71038,26988,45600,45602,35580,69501,71040,38246,53954,56001,45597,62135,69885,52802,55606,55989,57348,57731,57733,55229,44047,56965,62127,50391,61751,48285,49053,62528,70270,70653,52418,53186,61749,56000,62144,56964,57347,43663,69502,55605,45599,50007,61945,62328,62517,56580,61365,56963,55616,55999,56384,52034,61561,61944,62901,45598,56579,55615,56383,56385,51650,55998,61177,55614,55997,55613,55996,55612,55228],"initializationTime":5.546527862548828,"executionTime":3904.721435546875,"totalTime":3910.26806640625,"V":110594,"E":518994}