{"maxFlow":35379,"minCut":[1,5382,5766,7302,8070,8838,9222,9606,9990,10374,11527,16518,16902,17286,17671,27649,28033,28805,29185,29189,29191,29569,29573,29953,29957,30337,30721,31493,31877,31879,32263,35823,36207,36342,36726,38789,39173,43290,43291,46366,46369,46753,47520,47904,49159,49927,51463,51847,56578,57862,67939,70256,71031,71815,72199,72583,97857,97858,98241,98242,98625,98626,99010,99393,99394,99778,100161,100162,100545,100546,100929,100930,101313,101314,101697,102081,102082,102465,102466,102849,102850,103233,103234,103617,104001,104385,104386,104769,104770,105153,105154,105537,105538,105921,105922,106305,16519,8454,8839,31495,31878,51846,99009,7686,8071,71814,99777,6918,7303,37110,45985,49543,49926,50311,70647,71030,71032,5767,6150,32262,32647,48775,49158,72582,72967,103618,104002,106306,28421,28806,29190,29575,4998,5383,31109,31494,39557,51079,51462,67940,72198,106689,16903,101698,45982,46750,17287,11143,11526,11911,10375,10758,9607,9991,29958,30341,32261,9223,50310,29574,29959,11910,12295,48774,49542,31110,107073,30342,6534,48391,50695,51078,7687,8455,32646,33031,4999,30725,32645,11142,6919,72966,28807,28422,10759,31111,70646,6151,33029,33030,33415,107457,48007,48390,50694,6535,30343,30726,30727,12294,33413,33414,33799,107841,48006,47623,47622,33797,108225,47239,47238,46855,33798,34181,108609,46854,34182,46471,34565,108993,46470,46087,34183,34566,34949,109377,46086,34950,35333,34567,109761,35334,34951,35335,35718,35719,35717,36102,36101,36103,36487],"initializationTime":3.8028481006622314,"executionTime":3961.24169921875,"totalTime":3965.04443359375,"V":110594,"E":506721}