{"maxFlow":38887,"minCut":[1,24670,28417,29185,29766,36715,36865,37096,37479,37862,38246,39395,40160,40548,40928,41312,44064,44072,44431,44448,44455,44832,45216,47116,50595,50979,52440,52823,53207,55889,55952,56336,56340,56341,56649,56720,56764,57104,57488,57536,57925,58263,58309,58647,59080,59332,59467,59468,59716,59806,60098,60190,60476,60482,60860,60861,60983,61367,61738,61751,62917,62954,63097,63287,63554,63934,63935,63936,63939,64062,64324,64446,64507,64708,64831,64837,64891,65222,65480,65785,65865,66700,67804,68322,68578,68962,69353,70128,70257,70641,71423,72577,78844,80000,80384,81536,82690,88066,88068,88449,88450,88451,88452,88834,88835,88836,89218,89219,89220,89602,89604,90370,90371,90752,90753,91136,91137,91520,91904,91905,92288,92670,98061,98062,98445,104588,57879,43688,52441,57033,58648,59031,62903,87684,88067,44047,44432,55568,55505,58948,60099,60859,63550,63933,64447,64830,65866,71422,71424,92671,36712,59084,59852,63096,78845,79228,89603,89988,90369,104589,39011,70258,88065,88833,91135,29382,30150,60477,64838,65606,80001,90368,90751,43680,70640,70642,71025,81535,81537,81920,97677,98060,65221,89987,90372,90755,36481,37249,59083,59466,59851,80385,80768,89986,90754,91138,97678,28801,29569,58310,63551,91903,28033,59081,59464,62135,62918,63552,65481,65864,87682,91519,91521,91906,92289,60475,46732,82306,82689,64890,92287,66316,81919,90756,59032,70643,81153,81538,81921,80002,27649,87683,79229,59082,59465,59850,91522,81922,71024,71026,71409,82305,58264,62519,64506,89985,29953,64448,89217,62712,87681,80769,81152,82304,80386,43663,44816,63549,71808,89601,30337,71807,72192,79613,71408,71410,80770,82303,82688,27265,81154,59416,70644,71027,72191,72576,82687,71411,79612,79997,71806,72575,83071,79996,83072,83073,83074],"initializationTime":3.830944061279297,"executionTime":3951.656494140625,"totalTime":3955.4873046875,"V":110594,"E":510816}