{"maxFlow":35379,"minCut":[1,5382,5766,7302,8070,8838,9222,9606,9990,10374,11527,16518,16902,17286,17671,27649,28033,28805,29185,29189,29191,29569,29573,29953,29957,30337,30721,31493,31877,31879,32263,35823,36207,36342,36726,38789,39173,43290,43291,46366,46369,46753,47520,47904,49159,50695,51463,51847,56578,57862,67939,70256,71031,71815,72199,72583,97857,97858,98241,98242,98625,98626,99010,99393,99394,99778,100161,100162,100545,100546,100929,100930,101313,101314,101697,102081,102082,102465,102466,102849,102850,103233,103234,103617,104001,104385,104386,104769,104770,105153,105154,105537,105538,105921,105922,106305,16903,31495,31878,48775,49158,49543,106306,4998,5383,32261,51079,51462,99777,106689,32262,32647,104002,6918,7303,7686,45985,5767,6150,31109,31494,37110,45982,46750,67940,99009,8071,50311,50694,72198,101698,29190,29575,51846,71814,29958,30341,17287,9991,8454,8839,11143,11526,11911,28421,28806,72582,72967,10375,10758,9607,16519,103618,70647,71030,71032,9223,39557,48391,11910,12295,32645,29574,29959,31111,28422,10759,6534,48774,50310,70646,32646,33031,72966,6151,49542,49927,28807,51078,4999,30725,31110,6919,7687,8455,11142,30342,107073,30727,49926,12294,30343,48007,48390,6535,33030,33415,107457,33029,30726,33414,48006,33799,107841,47623,33413,47622,33797,108225,47239,33798,34181,46855,108609,47238,46854,46471,108993,34182,109377,46087,46470,34183,34566,46086,109761,34567,34565,34950,34951,34949,35335,35334,35719,35333,35718,35717,36101,36102,36103,36487],"initializationTime":3.871583938598633,"executionTime":3893.33544921875,"totalTime":3897.20703125,"V":110594,"E":506721}