{"maxFlow":48947,"minCut":[1,5383,5767,8455,8839,9223,9607,9985,9991,10369,10375,10759,11143,15361,16129,18433,23047,23431,23815,24199,24583,24967,25178,25180,25351,25562,25735,26119,26503,26887,27271,27655,28039,28144,28423,28807,35957,36343,36591,36715,36727,36728,37095,37096,37111,37112,37360,37497,37744,38128,40705,41473,41857,43291,43680,45597,47137,47521,47905,48288,51160,51353,51544,51737,52121,53905,55231,55619,55868,56252,56962,58268,58653,61395,65095,68578,69505,69889,73892,81188,81572,81956,82561,97656,97991,97992,98040,98424,98822,98823,99192,99394,99778,100344,101509,101510,102312,102696,103428,104244,105749,106135,106136,107670,107671,107693,108054,108076,108077,108438,108459,108460,108844,109228,109273,109583,109591,109597,109613,109996,23432,6151,36592,36975,38127,61011,61396,61779,81573,98439,98824,101893,103044,107692,108437,108439,109612,109213,109981,36711,25736,4999,26504,36712,65096,99010,100162,102313,36976,37359,37113,109229,109997,24968,25563,36344,45598,98808,99576,99960,108461,109592,37743,8071,36729,41089,48289,50969,106134,107672,108055,108053,108075,108843,109584,24796,25179,24200,105750,106133,25352,101894,107669,103860,43292,51928,26120,100546,7687,101929,99009,107288,23048,23816,24584,108056,106517,6535,106518,24795,61012,109200,109585,109968,102660,98440,110381,109980,110365,61780,99208,109976,108440,35960,26888,110364,7303,98625,99393,106904,27272,6919,109201,100545,109975,109977,110360,109596,109967,109969,99207,99592,99591,109966,110351,27656,99777,108817,106520,106903,98241,109978,110361,110359,110363,100161,99976,109970,110353,109582,110350,110362,109971,110354,110358,106519,99975,100360,110352,28040,109979,110355,109581,100744,109974,110357,109972,110356,100745,101128,109588,109590,109197,109965,109973,101129,109589,109198,101512,110349,109199,101511,101513,101896,101130,101514,101897,101895,102279,101898,102281,102280,102282,102665,102664,102666,103049,103048,103433,103050,103434],"initializationTime":3.5895678997039795,"executionTime":3586.149658203125,"totalTime":3589.7392578125,"V":110594,"E":496135}