{"maxFlow":48947,"minCut":[1,5383,5767,6535,6919,8455,8839,9223,9607,9985,9991,10369,10375,10759,11143,15361,16129,18433,23047,23431,23815,24199,24583,24967,25178,25180,25351,25562,25735,26119,26503,26887,27271,27655,28039,28144,28423,28807,35957,36343,36591,36715,36727,36728,37095,37096,37111,37112,37360,37497,37744,38128,40705,41473,41857,43291,43680,45597,47137,47521,47905,48288,51160,51353,51544,51737,52121,53905,55231,55619,55868,56252,56962,58268,58653,61395,65095,68578,69505,69889,73892,81188,81572,81956,82561,97656,97991,97992,98040,98424,98822,98823,99192,99394,99778,100344,101509,101510,102312,102696,103428,104244,105749,106135,106136,107670,107671,107693,108054,108076,108077,108438,108459,108460,108844,109228,109273,109583,109591,109597,109996,8071,24796,36344,36729,36976,37359,45598,65096,99010,100162,101894,103860,105750,106133,107669,108053,108055,108461,108075,108843,109584,25179,38127,102313,107692,4999,25563,43292,99960,106134,109229,109612,109213,109981,25352,36711,98439,98824,109592,6151,103044,107672,108437,108439,109997,24200,7303,23432,25736,26504,51928,41089,24584,50969,36712,98808,99576,101893,37113,81573,48289,37743,61011,61396,61779,36592,36975,26120,35960,98440,99208,107288,99009,109980,110365,101929,23816,26888,61012,61780,7687,109976,109613,24968,100546,102660,106518,108440,109200,109585,109968,23048,108056,24795,106517,110381,109975,109977,110360,27272,99207,99592,98625,99393,109967,109969,110364,109201,106904,109596,109979,100545,110361,99591,109978,110363,99976,100161,110359,99777,106520,106903,98241,27656,108817,109970,110353,109966,110351,106519,110352,109971,110354,110362,109582,110350,110358,28040,99975,100360,110355,100744,109974,110357,109972,109581,109588,109197,109965,109973,109590,110356,100745,101128,109198,101129,101512,110349,109589,109199,101130,101511,101513,101896,101514,101895,101897,101898,102281,102279,102282,102280,102665,102666,102664,103050,103048,103049,103434,103433],"initializationTime":3.8598721027374268,"executionTime":3357.142822265625,"totalTime":3361.002685546875,"V":110594,"E":496135}