{"maxFlow":35379,"minCut":[1,5382,5766,7302,8070,8838,9222,9606,9990,10374,11527,16518,16902,17286,17671,27649,28033,28805,29185,29189,29191,29569,29573,29953,29957,30337,30721,31493,31879,32263,32647,35823,36207,36342,36726,38789,39173,43290,43291,46366,46369,46753,47520,47904,51463,51847,56578,57862,67939,70256,71031,71815,72199,72583,97857,97858,98241,98242,98625,98626,99010,99393,99394,99778,100161,100162,100545,100546,100929,100930,101313,101314,101697,102081,102082,102465,102466,102849,102850,103233,103234,103617,104001,104385,104386,104769,104770,105153,105154,105537,105538,105921,105922,106305,17287,104002,9991,51846,9223,45985,101698,11143,11526,11911,67940,4998,5383,31109,31494,31877,39557,72198,8454,8839,99009,7686,8071,6918,7303,32262,71814,99777,5767,6150,37110,106306,29190,29575,31495,31878,45982,46750,70647,71030,71032,103618,51079,51462,10375,10758,32646,33031,72582,72967,16519,28421,28806,9607,29958,30341,16903,106689,10759,51078,33030,33415,28422,30725,31111,11142,70646,72966,6151,32645,107073,50695,12295,29574,29959,28807,30342,6534,31110,32261,6919,7687,8455,4999,33029,33414,30727,50694,33799,107457,6535,30726,50311,12294,30343,33413,107841,50310,33798,11910,49927,49926,108225,34182,49543,33797,49542,34181,34183,34566,108609,49159,49158,48775,34565,108993,34567,48391,48774,34949,34951,109377,48390,48007,34950,35333,109761,35335,47623,35334,35719,48006,35718,36103,47239,47622,36102,36487,46855,47238,35717,36101,46471,46854,46087,46470,46086],"initializationTime":3.81494402885437,"executionTime":3854.978759765625,"totalTime":3858.793701171875,"V":110594,"E":506721}