{"maxFlow":35,"minCut":[99,4,7,16,17,21,61,85,23,26,28,81,3,19,47,5,39,56,18,10,8,13,6,68,30,38,33,24,34,41,53,1,12,25,2,31,27,42,58,71,52,32,49,20,29,46,36,15,40],"initializationTime":0.16998399794101715,"executionTime":2.2671360969543457,"totalTime":2.437119960784912,"V":100,"E":459}