{"maxFlow":68,"minCut":[99,81,85,3,17,23,26,28,95,30,38,54,87,91,1,12,25,43,75,86,89,98,4,29,32,36,42,55,58,62,64,76,16,44,69,71,82,96,31,35,51,60,10,11,20,65,66,24,47,63,73,19,53,61,72,77,80,90,13,46,57,33,34,59,67,21,41,52,56,83,27,88,97,94,84,40,74,2,15,37,45,50,39,68,22,70,8,78,5,92,9,18,49,48,79,6,14,93,7],"initializationTime":0.1552640050649643,"executionTime":1.6419199705123901,"totalTime":1.7971839904785156,"V":100,"E":918}