{"maxFlow":84,"minCut":[19999],"initializationTime":1736.17529296875,"executionTime":18668.103515625,"totalTime":20404.279296875,"V":20000,"E":396420}