{"maxFlow":84,"minCut":[19999],"initializationTime":1.3541439771652222,"executionTime":140.8536376953125,"totalTime":142.20777893066406,"V":20000,"E":396420}