{"maxFlow":28,"minCut":[999,83,134,146,305,481,568,38,93,50,7,145,163,222,315,388,404,461,470,523,80,142,149,194,207,230,17,54,100,143,181,284,286,12,27,32,29,58,90,120,204,237,18,21,109,208,289,385,91,344,19,121,180,200,293,310,340,360,391,463,496,61,41,98,46,63,81,330,13,60,150,186,177,304,381,5,3,97,111,158,277,287,303,406,446,89,74,135,75,42,110,119,103,192,30,221,67,9,22,59,37,195,234,249,298,85,39,6,48,122,223,246,270,44,31,325,4,118,257,331,201,205,271,76,227,232,260,278,348,375,102,261,490,45,49,52,254,274,131,101,226,336,358,53,36,161,166,57,114,84,95,156,140,78,347,172,203,359,133,184,8,69,104,244,302,2,51,129,319,339,370,378,173,73,132,157,299,321,345,87,26,33,148,113,28,43,14,47,193,1,106,197,231,236,137,233,66,346,183,179,191,224,55,176,209,174,108,147,153,175,229,79,206,10,130,253,275,327,164,377,24,94,99,240,241,34,117,160,267,324,326,379,450,35,189,71,311,20,11,239,308,65,272,297,88,282,372,374,155,70,159,290,318,25,343,23,139,152,251,259,56,77,82,168,96,86,151,124,127,68,269,252,294,15,72,154,141,215,283,307,126,248,188,213,292,123,185,214,116,262,212,178],"initializationTime":0.2399040013551712,"executionTime":18.530656814575195,"totalTime":18.770559310913086,"V":1000,"E":6963}