{"maxFlow":11,"minCut":[5,3],"initializationTime":0.14342400431632996,"executionTime":1.124351978302002,"totalTime":1.2677760124206543,"V":6,"E":8}