{"maxFlow":28,"minCut":[999,83,134,146,305,481,568,50,7,80,142,149,194,207,230,38,93,17,54,100,143,181,284,286,145,163,222,315,388,404,461,470,523,21,27,41,98,19,121,180,200,293,310,340,360,391,463,496,5,3,97,111,158,277,287,303,406,446,12,74,89,18,91,344,135,177,304,381,75,29,58,90,120,204,237,103,192,32,42,110,119,60,61,13,150,186,109,208,289,385,46,63,81,330,31,201,249,325,101,226,336,358,44,9,131,78,36,114,161,166,30,221,85,2,22,59,205,271,76,227,232,260,278,347,348,375,39,67,156,173,57,45,49,52,254,274,4,118,257,331,172,203,359,8,69,104,51,48,122,129,319,339,370,378,37,195,234,298,140,102,261,490,244,302,6,223,246,270,133,184,53,84,95,108,34,175,229,174,193,20,28,43,137,233,66,236,346,164,224,377,191,94,206,33,148,99,240,241,132,157,299,321,345,14,47,87,130,253,275,327,55,113,176,209,308,106,197,231,117,160,267,324,326,379,450,183,79,35,73,189,26,1,239,71,311,147,153,11,179,10,24,151,15,72,154,56,68,23,139,152,269,141,86,252,77,251,259,290,65,272,297,318,82,159,124,127,294,155,168,25,343,70,88,282,372,374,96,126,283,307,188,248,215,213,292,212,116,262,123,185,214,178],"initializationTime":5.062047958374023,"executionTime":39.235008239746094,"totalTime":44.297054290771484,"V":1000,"E":6963}