{"maxFlow":6,"minCut":[3],"initializationTime":0.4190399944782257,"executionTime":2.631743907928467,"totalTime":3.050784111022949,"V":4,"E":5}