{"maxFlow":76,"minCut":[9999],"initializationTime":443.41217041015625,"executionTime":4229.01220703125,"totalTime":4672.42431640625,"V":10000,"E":184714}