{"maxFlow":11,"minCut":[5,3],"initializationTime":0.16847999393939972,"executionTime":0.3216319978237152,"totalTime":0.4901120066642761,"V":6,"E":8}