{"maxFlow":76,"minCut":[9999],"initializationTime":438.7002868652344,"executionTime":4252.478515625,"totalTime":4691.1787109375,"V":10000,"E":184714}