{"maxFlow":11,"minCut":[5,3],"initializationTime":0.11852800101041794,"executionTime":1.110751986503601,"totalTime":1.2292799949645996,"V":6,"E":8}