{"maxFlow":76,"minCut":[9999],"initializationTime":0.8390719890594482,"executionTime":74.47660827636719,"totalTime":75.31568145751953,"V":10000,"E":184714}