{"maxFlow":76,"minCut":[9999],"initializationTime":0.6135680079460144,"executionTime":73.21401977539063,"totalTime":73.82758331298828,"V":10000,"E":184714}