{"maxFlow":84,"minCut":[19999],"initializationTime":1.3464640378952026,"executionTime":143.72959899902344,"totalTime":145.07606506347656,"V":20000,"E":396420}