{"maxFlow":6,"minCut":[3],"initializationTime":0.10947199910879135,"executionTime":0.9148160219192505,"totalTime":1.0242880582809448,"V":4,"E":5}