{"maxFlow":11,"minCut":[5,3],"initializationTime":0.12902399897575378,"executionTime":1.180832028388977,"totalTime":1.3098560571670532,"V":6,"E":8}