{"maxFlow":39,"minCut":[999],"initializationTime":0.16940799355506897,"executionTime":7.698495864868164,"totalTime":7.867904186248779,"V":1000,"E":13926}