{"maxFlow":39,"minCut":[999],"initializationTime":0.23625600337982178,"executionTime":8.020895957946777,"totalTime":8.25715160369873,"V":1000,"E":13926}