{"maxFlow":76,"minCut":[9999],"initializationTime":0.624064028263092,"executionTime":72.1021728515625,"totalTime":72.72624206542969,"V":10000,"E":184714}