{"maxFlow":35,"minCut":[99,4,7,16,17,21,61,85,3,13,5,19,39,56,23,26,28,81,18,15,10,12,33,8,30,38,6,1,25,32,31,24,2,20,49,36,71,27,53,68,52,42,47,58,29,46,34,41,40],"initializationTime":0.12931199371814728,"executionTime":1.5828800201416016,"totalTime":1.7121920585632324,"V":100,"E":459}