{"maxFlow":35,"minCut":[99,4,7,16,17,21,61,85,3,19,47,5,39,56,23,26,28,81,18,33,12,25,24,34,38,41,53,13,1,10,6,8,30,2,31,27,42,58,71,15,32,29,46,20,49,68,36,52,40],"initializationTime":0.16649599373340607,"executionTime":2.267359972000122,"totalTime":2.4338560104370117,"V":100,"E":459}