{"maxFlow":149,"minCut":[29999],"initializationTime":1.3367040157318115,"executionTime":149.93898010253906,"totalTime":151.2756805419922,"V":30000,"E":618504}