{"maxFlow":11,"minCut":[5,3],"initializationTime":0.15478399395942688,"executionTime":1.4294719696044922,"totalTime":1.5842560529708862,"V":6,"E":8}