{"maxFlow":28,"minCut":[999,83,134,146,305,481,568,50,7,38,93,17,54,100,143,181,284,286,80,142,149,194,207,230,145,163,222,315,388,404,461,470,523,21,5,19,60,42,110,119,75,41,98,3,97,111,158,277,287,303,406,446,12,121,180,200,293,310,340,360,391,463,496,29,58,90,120,204,237,61,46,63,81,330,91,344,32,135,27,18,109,208,289,385,150,186,103,192,177,304,381,74,89,13,4,53,76,22,59,6,48,122,223,246,270,205,271,9,30,221,114,172,203,359,156,78,45,49,52,254,274,8,244,302,129,319,339,370,378,2,84,95,195,101,226,336,358,102,261,490,36,161,166,118,257,331,44,51,67,85,140,37,234,298,173,131,133,184,227,232,260,278,347,348,375,57,39,31,201,249,325,69,104,117,160,267,324,326,379,450,175,229,10,239,106,113,34,164,377,24,94,206,33,148,183,176,209,308,11,191,197,231,66,236,346,137,233,20,87,224,130,253,275,327,193,132,99,240,241,179,26,1,174,28,43,157,299,321,345,71,311,55,73,79,147,153,108,35,189,14,47,65,159,168,56,272,318,269,77,141,252,82,25,343,96,88,282,297,372,374,155,68,23,139,152,151,290,70,86,15,72,154,124,127,251,259,294,188,283,307,215,248,213,292,126,116,262,123,185,214,212,178],"initializationTime":0.1884160041809082,"executionTime":18.289440155029297,"totalTime":18.477855682373047,"V":1000,"E":6963}