{"maxFlow":149,"minCut":[29999],"initializationTime":3904.60693359375,"executionTime":37216.13671875,"totalTime":41120.7421875,"V":30000,"E":618504}