{"maxFlow":76,"minCut":[9999],"initializationTime":436.3606872558594,"executionTime":4241.57275390625,"totalTime":4677.93310546875,"V":10000,"E":184714}