{"maxFlow":11,"minCut":[5,3],"initializationTime":0.1228799968957901,"executionTime":1.6951040029525757,"totalTime":1.8179839849472046,"V":6,"E":8}