{"maxFlow":6,"minCut":[3],"initializationTime":0.13302400708198547,"executionTime":0.31196799874305725,"totalTime":0.4449920058250427,"V":4,"E":5}