{"maxFlow":68,"minCut":[99,58,81,85,25,27,46,53,59,63,75,80,94,30,38,91,3,17,23,26,95,5,28,57,71,78,13,60,2,50,69,72,93,9,18,20,49,51,52,56,82,4,29,34,36,61,68,31,41,83,19,55,73,77,90,1,8,76,89,98,10,35,21,33,47,67,7,88,6,32,42,54,62,64,87,22,45,66,70,79,39,40,11,84,86,24,16,44,96,12,43,97,14,48,15,37,92,65,74],"initializationTime":0.1226240023970604,"executionTime":1.3318079710006714,"totalTime":1.4544320106506348,"V":100,"E":918}