{"maxFlow":6,"minCut":[3],"initializationTime":0.12176000326871872,"executionTime":1.3342080116271973,"totalTime":1.4559680223464966,"V":4,"E":5}