{"maxFlow":84,"minCut":[19999],"initializationTime":1729.0950927734375,"executionTime":18485.8828125,"totalTime":20214.978515625,"V":20000,"E":396420}