{"maxFlow":35,"minCut":[99,7,16,17,21,38,61,85,18,5,19,39,56,3,23,26,28,81,24,33,8,2,25,31,10,12,30,4,6,1,13,15,47,32,34,41,53,20,52,27,42,58,71,68,49,29,46,36,40],"initializationTime":0.16121600568294525,"executionTime":2.252768039703369,"totalTime":2.4139840602874756,"V":100,"E":459}