{"maxFlow":68,"minCut":[99,81,85,3,17,23,26,28,95,30,38,54,87,91,31,35,51,60,4,29,32,36,42,58,62,64,76,19,53,55,61,72,73,77,80,90,98,16,44,69,71,82,96,1,12,25,75,86,89,13,46,57,21,33,34,47,59,67,10,11,20,65,66,24,63,43,41,52,56,83,70,50,5,39,79,93,84,6,14,8,15,45,27,48,40,49,74,94,68,7,9,78,37,88,92,18,97,22,2],"initializationTime":0.12201599776744843,"executionTime":1.6464320421218872,"totalTime":1.768447995185852,"V":100,"E":918}