{"maxFlow":28,"minCut":[999,83,134,146,305,481,496,568,145,163,222,315,388,404,461,470,523,98,102,195,261,284,490,17,54,100,143,181,286,80,142,149,194,207,230,38,93,7,50,103,192,32,41,150,186,29,58,90,120,204,237,135,75,18,109,208,289,385,12,74,89,5,19,121,180,200,293,310,340,360,391,463,11,73,191,224,51,3,97,111,158,277,287,303,406,446,27,117,160,267,324,326,331,379,450,42,110,119,13,60,61,46,63,81,330,21,91,344,177,304,381,9,37,234,249,298,22,59,129,319,339,370,378,78,48,82,26,44,84,95,133,184,257,45,77,189,85,140,36,161,166,30,221,53,76,57,156,118,252,244,302,173,251,259,6,122,223,246,270,2,67,4,205,271,39,172,203,359,8,69,104,65,159,241,325,345,101,226,336,358,372,131,31,201,114,49,347,227,232,260,278,348,375,52,254,274,10,130,253,275,327,124,127,239,33,148,24,176,209,308,87,106,197,231,25,215,188,99,240,193,79,206,157,299,321,154,248,34,108,94,179,66,346,1,35,183,151,137,233,14,47,164,236,377,56,318,28,43,175,229,272,297,68,113,147,153,174,71,311,132,20,55,86,214,168,96,123,185,88,374,70,213,292,343,290,269,282,141,155,15,72,294,23,139,152,178,212,283,307,126,116,262],"initializationTime":0.24371199309825897,"executionTime":9.927712440490723,"totalTime":10.17142391204834,"V":1000,"E":6963}