{"maxFlow":6,"minCut":[3],"initializationTime":0.13702400028705597,"executionTime":0.29369598627090454,"totalTime":0.4307200014591217,"V":4,"E":5}