{"maxFlow":68,"minCut":[99,81,85,30,38,54,87,91,3,17,23,26,28,95,31,32,35,51,60,33,34,47,59,67,10,43,11,20,65,66,16,24,63,73,13,46,57,21,41,52,56,83,19,53,55,61,72,77,80,90,98,44,69,71,82,96,4,29,36,42,58,62,64,76,1,12,25,75,86,89,9,97,93,78,94,6,40,79,84,18,5,68,70,92,48,50,22,88,14,7,2,8,74,39,15,45,49,27,37],"initializationTime":0.12028799951076508,"executionTime":1.4645119905471802,"totalTime":1.5848000049591064,"V":100,"E":918}