{"maxFlow":149,"minCut":[29999],"initializationTime":2.0830399990081787,"executionTime":190.81517028808594,"totalTime":192.89820861816406,"V":30000,"E":618504}