{"maxFlow":76,"minCut":[9999],"initializationTime":440.8950500488281,"executionTime":4286.31591796875,"totalTime":4727.2109375,"V":10000,"E":184714}