{"maxFlow":11,"minCut":[5,3],"initializationTime":0.15571199357509613,"executionTime":1.404960036277771,"totalTime":1.5606720447540283,"V":6,"E":8}