{"maxFlow":39,"minCut":[999],"initializationTime":0.17584000527858734,"executionTime":8.36508846282959,"totalTime":8.54092788696289,"V":1000,"E":13926}