{"maxFlow":35,"minCut":[99,4,7,16,17,21,61,85,23,26,28,81,15,3,13,19,5,39,56,18,1,12,25,6,8,33,10,32,30,38,2,24,31,20,49,36,71,27,53,68,52,42,47,58,29,46,34,41,40],"initializationTime":0.15052799880504608,"executionTime":1.884511947631836,"totalTime":2.0350399017333984,"V":100,"E":459}