{"maxFlow":76,"minCut":[9999],"initializationTime":0.8560640215873718,"executionTime":74.58386993408203,"totalTime":75.43993377685547,"V":10000,"E":184714}