{"maxFlow":84,"minCut":[19999],"initializationTime":1.0207680463790894,"executionTime":141.41944885253906,"totalTime":142.4402313232422,"V":20000,"E":396420}