{"maxFlow":39,"minCut":[999],"initializationTime":5.370880126953125,"executionTime":54.776126861572266,"totalTime":60.14700698852539,"V":1000,"E":13926}