{"maxFlow":39,"minCut":[999],"initializationTime":5.169151782989502,"executionTime":49.56185531616211,"totalTime":54.73100662231445,"V":1000,"E":13926}