{"maxFlow":39,"minCut":[999],"initializationTime":5.047935962677002,"executionTime":43.093631744384766,"totalTime":48.14156723022461,"V":1000,"E":13926}