{"maxFlow":68,"minCut":[99,58,85,3,17,23,26,28,81,95,25,27,29,46,53,59,63,75,94,19,38,55,61,72,73,77,80,90,4,6,32,36,42,54,62,87,11,47,71,79,84,86,9,18,20,49,51,52,56,82,1,8,69,76,98,16,96,13,57,60,7,48,68,88,2,31,50,91,93,5,78,39,40,67,22,45,66,70,12,34,43,89,30,10,35,15,21,37,92,41,65,33,14,64,74,44,83,24,97],"initializationTime":0.14511999487876892,"executionTime":1.4588160514831543,"totalTime":1.603935956954956,"V":100,"E":918}