{"maxFlow":11,"minCut":[5,3],"initializationTime":0.3139519989490509,"executionTime":1.0942720174789429,"totalTime":1.4082239866256714,"V":6,"E":8}