{"maxFlow":149,"minCut":[29999],"initializationTime":2.2260799407958984,"executionTime":172.07066345214844,"totalTime":174.29673767089844,"V":30000,"E":618504}