{"maxFlow":149,"minCut":[29999],"initializationTime":3879.509033203125,"executionTime":37254.10546875,"totalTime":41133.61328125,"V":30000,"E":618504}