{"maxFlow":11,"minCut":[5,3],"initializationTime":0.15564799308776855,"executionTime":1.8248319625854492,"totalTime":1.9804799556732178,"V":6,"E":8}