{"maxFlow":84,"minCut":[19999],"initializationTime":1749.1085205078125,"executionTime":18641.904296875,"totalTime":20391.01171875,"V":20000,"E":396420}