{"maxFlow":84,"minCut":[19999],"initializationTime":1748.4156494140625,"executionTime":18528.099609375,"totalTime":20276.513671875,"V":20000,"E":396420}