{"maxFlow":35,"minCut":[99,4,7,16,17,21,61,85,15,5,19,39,56,3,23,26,28,81,13,18,6,32,10,1,12,25,8,30,38,33,2,20,49,24,31,36,71,27,53,68,52,42,47,58,29,46,34,41,40],"initializationTime":0.1573760062456131,"executionTime":1.8949120044708252,"totalTime":2.052288055419922,"V":100,"E":459}