{"maxFlow":35,"minCut":[99,4,7,16,17,21,61,85,3,13,19,15,23,26,28,81,18,5,39,56,8,32,12,33,30,6,1,10,38,25,24,20,49,2,31,36,71,53,68,27,52,42,47,58,34,41,29,46,40],"initializationTime":0.13676799833774567,"executionTime":1.6434880495071411,"totalTime":1.7802560329437256,"V":100,"E":459}