{"maxFlow":35,"minCut":[99,4,7,16,17,21,61,85,18,3,19,5,39,56,23,26,28,81,10,1,12,25,30,38,13,33,8,6,68,2,24,52,71,31,20,49,53,27,32,36,42,47,58,15,29,46,34,41,40],"initializationTime":0.16256000101566315,"executionTime":2.2203519344329834,"totalTime":2.3829119205474854,"V":100,"E":459}