{"maxFlow":28,"minCut":[999,83,134,146,305,481,568,38,93,7,50,80,142,149,194,207,230,17,54,100,143,181,284,286,145,163,222,315,388,404,461,470,523,5,21,27,13,103,192,18,91,344,177,304,381,46,63,81,330,12,74,89,42,110,119,19,121,180,200,293,310,340,360,391,463,496,150,186,135,41,98,109,208,289,385,32,60,75,29,58,90,120,204,237,61,3,97,111,158,277,287,303,406,446,8,69,104,140,37,234,249,298,30,221,78,4,101,226,336,358,133,184,257,114,6,48,122,223,246,270,39,156,102,195,261,490,67,36,173,161,166,2,22,59,131,57,9,51,53,84,95,244,302,201,205,271,31,325,118,331,85,172,203,359,45,52,254,274,44,129,319,339,370,378,76,227,232,260,278,347,348,375,49,11,191,224,66,346,106,197,231,236,175,229,1,179,147,153,164,377,33,148,174,132,157,299,321,345,14,47,137,233,108,28,43,34,24,94,55,176,209,113,26,183,79,206,35,189,73,99,240,241,10,130,253,275,327,239,308,71,311,20,193,87,117,160,267,324,326,379,450,23,139,152,68,141,56,290,168,70,86,252,65,272,269,96,124,127,294,318,88,282,297,372,374,77,82,251,259,25,343,151,155,159,15,72,154,126,213,292,248,283,307,188,215,214,116,262,212,123,185,178],"initializationTime":5.116735935211182,"executionTime":39.58390426635742,"totalTime":44.70064163208008,"V":1000,"E":6963}