{"maxFlow":6,"minCut":[3],"initializationTime":0.1085439994931221,"executionTime":0.9251520037651062,"totalTime":1.0336960554122925,"V":4,"E":5}