{"maxFlow":6,"minCut":[3],"initializationTime":0.19711999595165253,"executionTime":1.9761279821395874,"totalTime":2.173248052597046,"V":4,"E":5}