{"maxFlow":39,"minCut":[999],"initializationTime":0.24809600412845612,"executionTime":8.038944244384766,"totalTime":8.287039756774902,"V":1000,"E":13926}