{"maxFlow":84,"minCut":[19999],"initializationTime":1.3397760391235352,"executionTime":143.69203186035156,"totalTime":145.0318145751953,"V":20000,"E":396420}