{"maxFlow":84,"minCut":[19999],"initializationTime":1742.412109375,"executionTime":18653.9140625,"totalTime":20396.326171875,"V":20000,"E":396420}