{"maxFlow":76,"minCut":[9999],"initializationTime":430.8856506347656,"executionTime":4288.16015625,"totalTime":4719.0458984375,"V":10000,"E":184714}