{"maxFlow":149,"minCut":[29999],"initializationTime":1.3352320194244385,"executionTime":150.24832153320313,"totalTime":151.58355712890625,"V":30000,"E":618504}