{"maxFlow":39,"minCut":[999],"initializationTime":0.2478400021791458,"executionTime":8.03104019165039,"totalTime":8.27888011932373,"V":1000,"E":13926}