{"maxFlow":28,"minCut":[999,83,134,146,305,481,496,568,17,54,100,143,181,284,286,80,142,149,194,207,230,145,163,222,315,388,404,461,470,523,98,102,195,261,490,7,50,38,93,13,11,73,191,224,237,91,344,29,58,90,120,204,74,135,150,186,61,75,117,160,267,303,324,326,331,379,450,21,51,41,27,5,3,97,111,158,277,287,406,446,103,192,18,109,208,289,385,177,304,381,46,63,81,330,32,19,60,12,89,42,110,119,121,180,200,293,310,340,360,391,463,36,65,159,241,325,345,84,95,4,203,221,251,259,140,49,347,252,78,45,77,82,189,31,201,249,67,57,173,76,131,161,166,26,44,53,227,232,260,278,348,375,39,205,271,6,223,246,270,114,30,133,184,257,156,52,254,274,59,85,118,122,129,319,339,370,378,9,2,37,234,298,101,226,336,358,372,172,359,10,22,130,253,275,327,48,244,302,8,69,104,154,28,43,239,66,346,25,215,193,79,206,175,229,137,233,197,183,147,153,87,34,176,209,308,99,240,24,33,148,231,248,1,20,318,35,272,297,94,113,124,127,174,188,377,55,14,47,106,164,236,151,108,71,311,179,56,132,157,299,321,68,96,86,123,185,88,213,292,269,141,70,23,139,152,168,15,72,282,374,214,294,343,290,155,212,126,283,307,178,116,262],"initializationTime":0.2600319981575012,"executionTime":10.492159843444824,"totalTime":10.752191543579102,"V":1000,"E":6963}