{"maxFlow":149,"minCut":[29999],"initializationTime":1.8849279880523682,"executionTime":151.34579467773438,"totalTime":153.230712890625,"V":30000,"E":618504}