{"maxFlow":6,"minCut":[3],"initializationTime":0.12070400267839432,"executionTime":1.3438080549240112,"totalTime":1.4645119905471802,"V":4,"E":5}