{"maxFlow":11,"minCut":[5,3],"initializationTime":0.10927999764680862,"executionTime":0.8861759901046753,"totalTime":0.9954559803009033,"V":6,"E":8}