{"maxFlow":28,"minCut":[999,83,134,146,305,481,496,568,17,54,100,143,181,284,286,98,102,195,261,490,145,163,222,315,388,404,461,470,523,50,7,38,93,80,142,149,194,207,230,13,12,21,27,41,61,11,73,191,224,237,103,192,32,18,109,208,289,385,91,344,75,29,58,90,120,204,46,63,81,330,117,160,267,303,324,326,331,379,450,5,60,51,135,150,186,177,304,381,42,110,119,74,89,3,97,111,158,277,287,406,446,19,121,180,200,293,310,340,360,391,463,114,84,95,78,347,252,53,37,234,249,298,131,251,259,85,26,44,10,130,253,275,327,39,140,30,221,8,244,302,133,184,257,2,118,67,36,161,166,22,59,172,359,82,203,31,4,57,69,104,9,76,48,156,45,49,52,254,274,173,77,189,101,226,336,358,201,205,271,6,122,223,246,270,227,232,260,278,348,375,65,159,241,325,345,129,319,339,370,378,297,318,28,43,179,87,108,24,193,147,153,79,206,34,183,20,176,56,33,137,233,151,68,113,209,239,308,25,215,66,346,174,124,127,272,154,94,231,248,55,132,148,157,299,321,71,311,106,197,236,99,240,164,377,14,47,175,229,35,1,213,292,15,72,168,269,214,70,343,155,141,372,374,23,139,152,86,290,88,282,96,294,212,188,126,283,307,178,123,185,116,262],"initializationTime":0.24128000438213348,"executionTime":10.527615547180176,"totalTime":10.768896102905273,"V":1000,"E":6963}