{"maxFlow":68,"minCut":[99,71,81,85,20,25,39,49,53,68,82,95,98,30,38,54,87,91,17,23,26,28,1,45,94,97,32,86,90,21,33,47,59,67,57,58,78,3,31,35,51,60,76,5,34,46,61,74,88,10,43,13,6,18,52,75,80,11,27,42,79,84,44,69,96,50,77,41,56,83,36,64,89,16,65,66,19,55,72,73,12,24,37,2,4,14,15,93,92,7,22,70,63,62,40,48,9,29,8],"initializationTime":0.16569599509239197,"executionTime":0.6800320148468018,"totalTime":0.8457279801368713,"V":100,"E":918}