{"maxFlow":68,"minCut":[99,81,85,30,38,54,87,91,3,17,23,26,28,95,16,24,47,63,66,73,13,46,57,60,19,53,55,61,72,77,80,90,98,21,41,52,56,83,31,32,35,51,10,11,20,65,1,12,25,75,86,89,43,33,34,59,67,4,29,36,42,58,62,64,76,44,69,71,82,96,45,14,6,93,94,18,7,70,68,74,39,48,5,78,50,9,40,15,37,2,79,84,92,27,22,88,97,8,49],"initializationTime":0.12697599828243256,"executionTime":1.6219840049743652,"totalTime":1.748960018157959,"V":100,"E":918}