{"maxFlow":39,"minCut":[999],"initializationTime":0.2502079904079437,"executionTime":7.988768100738525,"totalTime":8.238975524902344,"V":1000,"E":13926}