{"maxFlow":68,"minCut":[99,71,81,85,20,25,39,49,53,68,82,95,98,17,23,26,28,30,38,54,87,91,1,45,94,97,16,44,69,96,13,57,60,19,55,61,72,73,77,90,6,18,52,75,80,11,27,42,47,58,79,84,86,5,78,32,34,46,74,88,36,64,67,89,10,43,24,33,66,3,21,31,35,51,76,12,59,50,41,56,83,65,48,15,4,14,37,62,63,92,93,70,9,40,7,8,29,2,22],"initializationTime":0.17798399925231934,"executionTime":0.6929280161857605,"totalTime":0.8709120154380798,"V":100,"E":918}