{"maxFlow":6,"minCut":[3],"initializationTime":0.1297920048236847,"executionTime":0.3072960078716278,"totalTime":0.4370880126953125,"V":4,"E":5}