{"maxFlow":35,"minCut":[99,4,7,16,17,21,61,85,18,15,5,39,56,13,19,3,23,26,28,81,1,6,10,12,33,25,30,38,8,32,2,24,31,20,49,36,71,27,53,68,52,42,47,58,34,41,29,46,40],"initializationTime":0.22553600370883942,"executionTime":0.9201279878616333,"totalTime":1.1456639766693115,"V":100,"E":459}