{"maxFlow":76,"minCut":[9999],"initializationTime":0.8960000276565552,"executionTime":74.48880004882813,"totalTime":75.38480377197266,"V":10000,"E":184714}