{"maxFlow":84,"minCut":[19999],"initializationTime":0.9896320104598999,"executionTime":138.39727783203125,"totalTime":139.3869171142578,"V":20000,"E":396420}