{"maxFlow":84,"minCut":[19999],"initializationTime":1.3182719945907593,"executionTime":158.1089630126953,"totalTime":159.42723083496094,"V":20000,"E":396420}