{"maxFlow":76,"minCut":[9999],"initializationTime":0.8434240221977234,"executionTime":74.746337890625,"totalTime":75.58975982666016,"V":10000,"E":184714}