{"maxFlow":39,"minCut":[999],"initializationTime":0.2540160119533539,"executionTime":8.774656295776367,"totalTime":9.028672218322754,"V":1000,"E":13926}