{"maxFlow":11,"minCut":[5,3],"initializationTime":0.13680000603199005,"executionTime":1.8295040130615234,"totalTime":1.9663039445877075,"V":6,"E":8}