{"maxFlow":84,"minCut":[19999],"initializationTime":1.0430079698562622,"executionTime":157.63046264648438,"totalTime":158.67347717285156,"V":20000,"E":396420}