{"maxFlow":76,"minCut":[9999],"initializationTime":0.8445119857788086,"executionTime":74.46991729736328,"totalTime":75.3144302368164,"V":10000,"E":184714}