{"maxFlow":68,"minCut":[99,81,85,30,38,87,91,3,17,23,26,28,95,10,35,21,41,52,56,83,16,44,69,71,82,96,98,19,53,55,61,72,73,77,80,90,31,32,51,60,76,33,34,47,59,67,13,57,1,12,25,43,75,86,89,24,66,4,6,29,36,42,54,58,62,64,11,27,79,84,2,22,18,88,97,63,39,78,92,50,7,9,40,48,15,8,45,65,70,49,68,93,46,74,94,20,14,37,5],"initializationTime":0.12131199985742569,"executionTime":1.4617279767990112,"totalTime":1.5830399990081787,"V":100,"E":918}