{"maxFlow":76,"minCut":[9999],"initializationTime":435.9861145019531,"executionTime":4229.42138671875,"totalTime":4665.40771484375,"V":10000,"E":184714}