{"maxFlow":39,"minCut":[999],"initializationTime":0.18678399920463562,"executionTime":7.769792079925537,"totalTime":7.956575870513916,"V":1000,"E":13926}