{"maxFlow":35,"minCut":[99,4,7,16,17,21,61,85,3,13,19,18,23,26,28,81,5,39,56,15,8,30,38,6,32,1,12,33,10,25,2,31,20,49,24,36,71,53,68,27,52,42,47,58,34,41,29,46,40],"initializationTime":0.23068800568580627,"executionTime":0.9036800265312195,"totalTime":1.1343679428100586,"V":100,"E":459}