{"maxFlow":39,"minCut":[999],"initializationTime":5.045472145080566,"executionTime":39.40243148803711,"totalTime":44.44790267944336,"V":1000,"E":13926}