{"maxFlow":68,"minCut":[99,38,58,81,85,16,24,33,47,66,73,30,87,91,25,27,29,46,53,63,75,80,94,3,17,23,26,28,95,48,10,15,37,70,76,31,32,35,51,60,45,54,57,21,41,52,56,83,5,71,78,49,68,88,34,67,6,40,43,64,77,98,7,8,18,69,11,42,79,84,86,1,55,74,93,19,72,90,22,89,13,9,20,82,4,44,96,12,36,62,61,39,97,59,92,50,65,2,14],"initializationTime":0.13980799913406372,"executionTime":1.3888959884643555,"totalTime":1.528704047203064,"V":100,"E":918}