{"maxFlow":76,"minCut":[9999],"initializationTime":0.5857279896736145,"executionTime":74.03190612792969,"totalTime":74.61763000488281,"V":10000,"E":184714}