{"maxFlow":68,"minCut":[99,38,58,81,17,24,33,47,66,73,30,85,91,25,27,29,46,53,63,75,80,94,5,48,19,55,61,72,77,90,23,39,40,67,3,26,95,11,42,71,79,84,86,6,43,64,1,8,18,52,69,76,98,21,51,59,34,41,13,60,74,93,16,22,32,54,88,89,9,20,49,56,82,10,37,70,7,57,68,31,83,28,78,4,45,36,65,14,2,15,50,97,96,87,12,35,62,92,44],"initializationTime":0.12444800138473511,"executionTime":1.3518719673156738,"totalTime":1.4763200283050537,"V":100,"E":918}