{"maxFlow":28,"minCut":[999,83,134,146,305,481,568,50,145,163,222,315,388,404,461,470,523,38,93,17,54,100,143,181,284,286,7,80,142,149,194,207,230,103,192,5,12,74,89,61,177,304,381,75,19,60,3,97,111,158,277,287,303,406,446,21,27,42,110,119,32,135,46,63,81,330,109,208,289,385,18,91,344,13,29,58,90,120,204,237,41,98,150,186,121,180,200,293,310,340,360,391,463,496,85,57,51,173,2,39,76,227,232,260,278,348,375,84,95,195,8,244,302,4,53,101,226,336,358,31,249,325,156,48,49,347,118,257,331,78,133,184,45,52,254,274,161,166,172,203,359,37,234,298,44,36,67,201,205,271,30,221,6,122,223,246,270,69,104,140,22,59,131,129,319,339,370,378,102,261,490,9,114,71,311,108,35,73,189,99,240,241,137,233,183,11,24,79,206,193,106,197,231,176,209,175,229,26,87,224,179,239,308,147,153,174,66,236,346,164,377,28,43,20,10,130,253,275,327,55,1,191,113,14,47,117,160,267,324,326,379,450,132,157,299,321,345,34,94,33,148,294,159,168,155,70,141,290,25,343,251,259,269,68,15,72,154,252,151,318,23,65,139,152,124,127,88,282,297,372,374,272,96,56,77,82,86,126,283,307,248,213,292,215,188,116,262,212,214,123,185,178],"initializationTime":0.24643200635910034,"executionTime":18.59984016418457,"totalTime":18.846271514892578,"V":1000,"E":6963}