{"maxFlow":68,"minCut":[99,71,81,85,30,38,54,87,91,17,23,26,28,95,20,25,39,49,53,68,82,98,19,55,61,72,73,77,80,90,21,34,47,51,59,67,24,33,66,31,41,52,56,83,10,43,13,57,60,16,44,69,96,32,86,94,27,36,50,1,45,97,64,75,89,3,35,76,11,65,5,58,78,42,79,84,12,46,74,88,6,18,62,93,22,9,40,8,63,37,7,70,92,29,48,4,14,15,2],"initializationTime":0.18051199615001678,"executionTime":0.6971840262413025,"totalTime":0.8776959776878357,"V":100,"E":918}