{"maxFlow":6,"minCut":[3],"initializationTime":0.12422399967908859,"executionTime":0.29257598519325256,"totalTime":0.41679999232292175,"V":4,"E":5}