{"maxFlow":68,"minCut":[99,81,85,30,38,54,87,91,3,17,23,26,28,95,21,41,52,56,83,16,24,33,47,63,66,73,4,29,32,36,42,55,58,62,64,76,31,35,51,60,10,11,20,65,19,53,61,72,77,80,90,98,44,69,71,82,96,1,12,25,75,86,89,13,46,57,34,59,67,43,2,74,93,92,40,6,45,79,84,8,9,39,50,5,68,97,14,27,18,78,22,88,70,49,15,37,7,94,48],"initializationTime":0.12902399897575378,"executionTime":1.6358720064163208,"totalTime":1.764896035194397,"V":100,"E":918}