{"maxFlow":11,"minCut":[5,3],"initializationTime":0.11849600076675415,"executionTime":0.23497599363327026,"totalTime":0.3534719944000244,"V":6,"E":8}