{"maxFlow":149,"minCut":[29999],"initializationTime":1.435871958732605,"executionTime":189.5634307861328,"totalTime":190.99929809570313,"V":30000,"E":618504}