{"maxFlow":6,"minCut":[3],"initializationTime":0.8621119856834412,"executionTime":0.8016319870948792,"totalTime":1.6637439727783203,"V":4,"E":5}