{"maxFlow":84,"minCut":[19999],"initializationTime":1.3631680011749268,"executionTime":143.9615936279297,"totalTime":145.32476806640625,"V":20000,"E":396420}