{"maxFlow":68,"minCut":[99,58,85,27,29,46,53,59,63,75,80,94,3,17,23,26,28,81,95,15,21,37,70,76,1,7,8,18,52,69,73,89,98,13,57,60,2,31,50,72,91,93,30,38,39,40,67,4,34,61,68,10,35,22,45,66,11,42,47,71,79,84,86,9,20,49,51,56,82,36,48,88,16,44,96,19,55,77,90,12,25,43,6,32,54,62,64,87,5,92,14,24,97,33,78,65,74,83,41],"initializationTime":0.12492799758911133,"executionTime":1.3305280208587646,"totalTime":1.455456018447876,"V":100,"E":918}