{"maxFlow":76,"minCut":[9999],"initializationTime":440.5874938964844,"executionTime":4254.98876953125,"totalTime":4695.576171875,"V":10000,"E":184714}