{"maxFlow":11,"minCut":[5,3],"initializationTime":0.15513600409030914,"executionTime":1.5337920188903809,"totalTime":1.6889280080795288,"V":6,"E":8}