{"maxFlow":35,"minCut":[99,4,7,16,17,21,61,85,3,13,19,18,15,5,39,56,23,26,28,81,8,30,6,32,12,25,38,10,1,33,2,31,24,20,49,36,71,27,53,68,52,42,47,58,29,46,34,41,40],"initializationTime":0.1695680022239685,"executionTime":0.7421759963035583,"totalTime":0.9117439985275269,"V":100,"E":459}