{"maxFlow":76,"minCut":[9999],"initializationTime":0.6041600108146667,"executionTime":74.1673583984375,"totalTime":74.77152252197266,"V":10000,"E":184714}