{"maxFlow":68,"minCut":[99,71,81,85,20,25,39,49,53,68,82,95,98,17,23,26,28,30,38,54,87,91,32,86,90,94,5,57,58,78,3,65,66,21,31,35,51,60,76,16,44,69,96,1,45,97,10,43,27,36,50,67,77,13,19,55,61,72,24,33,73,6,18,52,75,11,42,47,79,80,84,64,89,34,46,74,88,12,59,41,56,83,8,15,37,62,48,29,63,40,92,2,93,70,4,7,9,14,22],"initializationTime":0.16998399794101715,"executionTime":0.6778560280799866,"totalTime":0.8478400111198425,"V":100,"E":918}