{"maxFlow":6,"minCut":[3],"initializationTime":0.12707200646400452,"executionTime":1.4014719724655151,"totalTime":1.5285439491271973,"V":4,"E":5}