{"maxFlow":11,"minCut":[5,3],"initializationTime":0.15465599298477173,"executionTime":1.6150720119476318,"totalTime":1.7697279453277588,"V":6,"E":8}