{"maxFlow":68,"minCut":[99,71,81,85,20,25,39,49,53,68,82,95,98,17,23,26,28,30,38,54,87,91,16,44,69,96,27,36,47,50,67,77,6,18,52,75,80,21,51,59,32,86,90,94,45,97,5,57,58,78,24,33,66,73,19,55,61,72,13,60,34,46,74,88,1,64,89,11,42,79,84,31,41,56,83,10,65,3,35,76,12,43,9,8,40,48,22,63,62,93,29,2,92,15,37,70,4,14,7],"initializationTime":0.6335039734840393,"executionTime":0.677344024181366,"totalTime":1.3108479976654053,"V":100,"E":918}