{"maxFlow":68,"minCut":[99,81,85,30,38,54,87,91,3,17,23,26,28,95,31,41,52,56,83,24,33,47,63,66,73,1,12,25,75,86,89,98,16,44,69,71,82,96,10,11,20,65,13,46,57,60,21,34,51,59,67,4,29,36,42,55,58,62,64,76,43,19,53,61,72,77,80,90,32,35,94,39,49,68,84,15,92,97,7,70,79,18,22,88,14,27,8,40,6,45,9,37,48,2,74,93,5,78,50],"initializationTime":0.12083200365304947,"executionTime":1.6504319906234741,"totalTime":1.7712639570236206,"V":100,"E":918}