{"maxFlow":6,"minCut":[3],"initializationTime":0.14963200688362122,"executionTime":1.0526080131530762,"totalTime":1.202239990234375,"V":4,"E":5}