{"maxFlow":39,"minCut":[999],"initializationTime":4.964416027069092,"executionTime":54.7935676574707,"totalTime":59.75798416137695,"V":1000,"E":13926}