{"maxFlow":35,"minCut":[99,4,7,16,17,21,38,61,85,24,33,5,19,39,56,23,26,28,81,18,3,47,1,2,25,31,30,10,13,8,6,12,34,41,53,27,42,58,71,15,32,29,46,20,49,68,40,36,52],"initializationTime":0.16607999801635742,"executionTime":2.149087905883789,"totalTime":2.3151679039001465,"V":100,"E":459}