{"maxFlow":28,"minCut":[999,83,134,146,305,481,496,568,17,54,100,143,181,284,286,50,80,142,149,194,207,230,145,163,222,315,388,404,461,470,523,7,38,93,98,102,195,261,490,150,186,13,51,32,61,11,73,191,224,237,41,27,12,89,117,160,267,303,324,326,331,379,450,74,135,18,109,208,289,385,60,103,192,19,121,180,200,293,310,340,360,391,463,29,58,90,120,204,21,46,63,81,330,75,177,304,381,5,3,97,111,158,277,287,406,446,42,110,119,91,344,26,45,77,189,251,259,133,184,140,10,22,130,253,275,327,4,37,234,249,298,53,76,30,221,227,232,260,278,347,348,375,57,36,39,44,65,159,241,325,345,69,104,31,9,114,48,252,85,59,84,95,173,161,166,2,122,129,319,339,370,378,156,49,52,254,274,6,223,246,270,172,359,8,244,302,67,131,78,201,205,271,101,226,336,358,372,82,203,118,257,176,151,272,108,20,33,148,66,346,164,377,193,239,68,113,209,147,153,137,233,24,94,28,43,297,318,174,55,154,87,34,188,132,157,299,321,175,229,35,25,215,14,47,79,206,106,197,236,179,124,127,183,1,308,231,248,71,311,99,240,56,70,86,214,168,343,269,15,72,290,155,213,292,141,88,282,374,23,139,152,123,185,96,294,126,178,212,283,307,116,262],"initializationTime":0.25414401292800903,"executionTime":10.523327827453613,"totalTime":10.777471542358398,"V":1000,"E":6963}