{"maxFlow":6,"minCut":[3],"initializationTime":0.16147199273109436,"executionTime":1.3641599416732788,"totalTime":1.5256320238113403,"V":4,"E":5}