{"maxFlow":84,"minCut":[19999],"initializationTime":0.9869760274887085,"executionTime":157.64215087890625,"totalTime":158.62911987304688,"V":20000,"E":396420}