{"maxFlow":149,"minCut":[29999],"initializationTime":1.3852479457855225,"executionTime":184.72425842285156,"totalTime":186.1094970703125,"V":30000,"E":618504}