{"maxFlow":28,"minCut":[999,83,134,146,305,481,496,568,38,93,7,80,142,149,194,207,230,145,163,222,315,388,404,461,470,523,17,54,100,143,181,284,286,50,98,102,195,261,490,12,27,11,73,191,224,237,42,110,119,5,41,18,91,344,75,74,135,19,60,51,61,117,160,267,303,324,326,331,379,450,46,63,81,330,32,89,29,58,90,120,204,109,208,289,385,103,192,177,304,381,150,186,121,180,200,293,310,340,360,391,463,3,97,111,158,277,287,406,446,13,21,57,30,201,205,271,36,156,4,251,259,133,184,76,221,22,59,140,26,44,69,104,131,172,359,227,232,260,278,347,348,375,9,161,166,118,257,101,226,336,358,372,67,53,45,77,189,129,319,339,370,378,252,85,31,249,10,130,253,275,327,6,122,223,246,270,173,78,48,49,52,254,274,84,95,82,203,39,8,244,302,114,2,65,159,241,325,345,37,234,298,154,79,206,24,239,308,55,34,174,68,132,157,299,321,66,236,346,193,113,25,215,197,28,43,71,311,231,248,179,137,233,99,240,56,272,94,108,183,175,229,297,318,147,153,14,47,20,87,35,1,127,188,377,33,148,124,176,209,164,151,106,343,88,282,86,269,290,96,123,185,213,292,70,23,139,152,155,294,168,214,141,374,15,72,178,212,126,283,307,116,262],"initializationTime":0.26009601354599,"executionTime":9.738688468933105,"totalTime":9.998784065246582,"V":1000,"E":6963}