{"maxFlow":28,"minCut":[999,83,134,146,305,481,568,17,54,100,143,181,284,286,50,80,142,149,194,207,230,145,163,222,315,388,404,461,470,523,38,93,7,41,98,13,18,21,109,208,289,385,103,192,42,110,119,12,27,19,121,180,200,293,310,340,360,391,463,496,29,58,90,120,204,237,60,32,46,63,81,330,177,304,381,75,3,97,111,158,277,287,303,406,446,61,89,150,186,74,135,91,344,5,51,39,84,95,36,161,166,122,129,319,339,370,378,131,9,44,76,227,232,260,278,347,348,375,53,31,325,85,114,2,102,261,490,30,221,37,195,234,249,298,67,156,45,49,52,254,274,140,22,59,101,226,336,358,201,205,271,244,302,173,57,8,69,104,172,203,359,78,4,118,331,6,48,223,246,270,133,184,257,108,87,33,148,183,113,239,308,11,26,191,224,106,197,231,236,179,35,73,189,79,206,14,47,147,153,10,55,66,346,34,28,43,117,160,267,324,326,379,450,20,1,137,233,130,253,275,327,175,229,71,311,94,174,164,377,132,99,240,241,24,176,209,157,299,321,345,193,25,343,251,259,68,15,72,154,65,159,294,77,96,155,297,318,23,139,152,56,168,86,151,252,82,290,124,127,272,269,70,88,282,372,374,141,126,188,283,307,248,215,213,292,212,123,185,214,116,262,178],"initializationTime":5.184703826904297,"executionTime":39.35331344604492,"totalTime":44.53801727294922,"V":1000,"E":6963}