{"maxFlow":35,"minCut":[99,4,7,16,17,21,61,85,5,39,56,3,23,26,28,81,18,19,47,13,10,12,24,33,34,38,41,53,6,8,1,30,25,2,31,15,27,42,58,71,32,29,46,20,49,68,52,40,36],"initializationTime":0.13542400300502777,"executionTime":2.4441919326782227,"totalTime":2.579616069793701,"V":100,"E":459}