{"maxFlow":68,"minCut":[99,81,85,30,38,54,87,91,3,17,23,26,28,95,16,24,33,47,63,66,73,21,41,52,56,83,34,51,59,67,4,29,32,36,42,55,58,62,64,76,1,12,25,75,86,89,98,10,11,20,65,44,69,71,82,96,31,35,60,19,53,61,72,77,80,90,43,13,46,57,45,9,2,74,48,5,78,50,68,18,27,94,49,92,93,6,40,84,7,22,70,79,39,8,97,15,37,88,14],"initializationTime":0.14153599739074707,"executionTime":1.5249279737472534,"totalTime":1.6664639711380005,"V":100,"E":918}