{"maxFlow":28,"minCut":[999,83,134,146,305,481,496,568,98,102,195,261,284,490,50,17,54,100,143,181,286,80,142,149,194,207,230,38,93,145,163,222,315,388,404,461,470,523,7,177,304,381,12,46,63,81,330,27,109,208,289,385,75,3,97,111,158,277,287,303,406,446,19,51,103,192,11,73,191,224,237,121,180,200,293,310,340,360,391,463,41,42,110,119,60,21,150,186,32,74,135,5,13,18,91,344,61,89,117,160,267,324,326,331,379,450,29,58,90,120,204,131,85,44,69,104,129,319,339,370,378,201,205,271,57,8,244,302,156,37,234,298,65,159,241,345,53,76,172,203,359,84,95,9,82,30,221,22,59,4,78,77,189,49,347,173,39,118,257,114,101,226,336,358,2,31,249,325,252,227,232,260,278,348,375,10,130,253,275,327,140,133,184,36,161,166,251,259,45,52,254,274,26,6,48,122,223,246,270,67,106,197,231,25,215,1,272,297,183,157,299,321,20,124,127,55,35,239,151,33,148,113,99,240,24,176,209,308,56,34,248,79,206,87,28,43,71,311,132,193,154,108,66,346,14,47,175,229,164,236,377,318,137,233,94,179,68,147,153,174,269,155,86,343,294,282,23,139,152,70,214,15,72,141,168,290,96,88,372,374,213,292,188,283,307,212,126,178,123,185,116,262],"initializationTime":0.272352010011673,"executionTime":9.557760238647461,"totalTime":9.83011245727539,"V":1000,"E":6963}