{"maxFlow":149,"minCut":[29999],"initializationTime":3889.236328125,"executionTime":37121.75,"totalTime":41010.98828125,"V":30000,"E":618504}