{"maxFlow":28,"minCut":[999,83,134,146,305,481,568,80,142,149,194,207,230,17,54,100,143,181,284,286,50,145,163,222,315,388,404,461,470,523,7,38,93,75,32,27,19,60,13,150,186,103,192,21,12,89,74,135,41,98,5,61,18,91,344,29,58,90,120,204,237,121,180,200,293,310,340,360,391,463,496,3,97,111,158,277,287,303,406,446,46,63,81,330,42,110,119,109,208,289,385,177,304,381,173,172,203,359,51,114,4,118,257,331,44,36,53,76,84,95,8,69,104,131,48,102,195,261,490,9,37,234,249,298,49,347,140,201,205,271,67,129,319,339,370,378,45,52,254,274,78,133,184,227,232,260,278,348,375,85,6,122,223,246,270,30,221,39,156,244,302,2,161,166,101,226,336,358,22,59,57,31,325,26,79,206,113,33,117,160,267,324,326,379,450,94,175,229,147,153,174,183,14,47,148,157,299,321,345,11,224,108,193,10,130,253,275,327,137,233,20,87,71,311,164,377,239,73,34,179,24,176,209,308,99,240,241,28,43,132,55,1,191,66,236,346,106,197,231,35,189,70,86,168,252,151,251,259,65,159,56,155,77,82,68,294,96,15,72,154,23,139,152,124,127,272,297,25,343,269,290,141,88,282,372,374,318,126,188,213,292,283,307,215,248,123,185,116,262,212,214,178],"initializationTime":0.21916800737380981,"executionTime":18.452831268310547,"totalTime":18.672000885009766,"V":1000,"E":6963}