{"maxFlow":35,"minCut":[99,4,7,16,17,21,61,85,3,13,19,5,39,56,18,23,26,28,81,15,30,12,33,1,25,8,10,6,32,38,24,2,31,20,49,36,71,53,68,27,42,47,58,52,34,41,29,46,40],"initializationTime":0.12755200266838074,"executionTime":1.4930239915847778,"totalTime":1.620576024055481,"V":100,"E":459}