{"maxFlow":149,"minCut":[29999],"initializationTime":3916.453857421875,"executionTime":37257.3359375,"totalTime":41173.7890625,"V":30000,"E":618504}