{"maxFlow":149,"minCut":[29999],"initializationTime":1.3381439447402954,"executionTime":150.03286743164063,"totalTime":151.37100219726563,"V":30000,"E":618504}