{"maxFlow":149,"minCut":[29999],"initializationTime":1.8806719779968262,"executionTime":151.07142639160156,"totalTime":152.9521026611328,"V":30000,"E":618504}