{"maxFlow":84,"minCut":[19999],"initializationTime":1735.0501708984375,"executionTime":18755.298828125,"totalTime":20490.349609375,"V":20000,"E":396420}