{"maxFlow":6,"minCut":[3],"initializationTime":0.12319999933242798,"executionTime":2.0730559825897217,"totalTime":2.196255922317505,"V":4,"E":5}