{"maxFlow":39,"minCut":[999],"initializationTime":5.012576103210449,"executionTime":54.73155212402344,"totalTime":59.7441291809082,"V":1000,"E":13926}