{"maxFlow":35,"minCut":[99,4,7,16,17,21,61,85,3,13,15,18,5,19,39,56,23,26,28,81,8,30,38,12,33,1,25,10,6,32,24,20,49,2,31,36,71,27,53,68,52,42,47,58,34,41,29,46,40],"initializationTime":0.2252800017595291,"executionTime":0.8945279717445374,"totalTime":1.1198079586029053,"V":100,"E":459}