{"maxFlow":28,"minCut":[999,83,134,146,305,481,568,145,163,222,315,388,404,461,470,523,50,7,80,142,149,194,207,230,38,93,17,54,100,143,181,284,286,12,74,89,42,110,119,91,344,19,60,103,192,29,58,90,120,204,237,5,27,21,13,3,97,111,158,277,287,303,406,446,150,186,18,109,208,289,385,61,46,63,81,330,41,98,75,135,32,121,180,200,293,310,340,360,391,463,496,177,304,381,131,172,203,359,57,8,244,302,6,122,223,246,270,140,9,114,133,184,257,31,201,249,325,45,52,254,274,101,226,336,358,51,156,48,37,234,298,173,36,161,166,84,95,195,69,104,67,4,53,76,30,221,22,59,2,49,347,44,205,271,118,331,78,102,261,490,39,129,319,339,370,378,85,227,232,260,278,348,375,106,71,311,132,87,224,108,197,231,183,1,191,239,308,20,35,189,34,28,43,79,55,66,236,346,26,10,193,176,209,11,14,47,174,73,117,160,267,324,326,379,450,137,233,147,153,99,240,241,113,130,253,275,327,179,164,377,175,229,33,24,94,206,148,157,299,321,345,88,282,372,374,86,168,297,318,124,127,77,141,25,343,96,70,151,82,68,159,251,259,269,23,65,139,152,272,155,56,252,290,294,15,72,154,283,307,188,215,213,292,126,248,214,116,262,212,123,185,178],"initializationTime":0.247871994972229,"executionTime":18.497343063354492,"totalTime":18.745216369628906,"V":1000,"E":6963}