{"maxFlow":76,"minCut":[9999],"initializationTime":0.6470080018043518,"executionTime":71.59091186523438,"totalTime":72.23792266845703,"V":10000,"E":184714}