{"maxFlow":6,"minCut":[3],"initializationTime":0.10719999670982361,"executionTime":0.2064639925956726,"totalTime":0.3136639893054962,"V":4,"E":5}