{"maxFlow":6,"minCut":[3],"initializationTime":0.12380799651145935,"executionTime":1.6592960357666016,"totalTime":1.7831039428710938,"V":4,"E":5}