{"maxFlow":28,"minCut":[999,83,134,146,305,481,568,80,142,149,194,207,230,17,54,100,143,181,284,286,38,93,7,50,145,163,222,315,388,404,461,470,523,27,3,97,111,158,277,287,303,406,446,46,63,81,330,177,304,381,32,75,13,5,74,89,29,58,90,120,204,237,135,41,98,19,121,180,200,293,310,340,360,391,463,496,61,42,110,119,12,21,109,208,289,385,18,91,344,60,150,186,103,192,49,8,244,302,67,48,6,122,223,246,270,172,203,359,129,319,339,370,378,76,227,232,260,278,347,348,375,205,271,84,95,36,78,30,221,114,53,140,57,161,166,2,101,226,336,358,173,44,45,52,254,274,31,201,249,325,156,22,59,69,104,39,133,184,257,4,118,331,37,195,234,298,102,261,490,9,131,51,85,87,175,229,11,179,35,73,189,20,55,137,233,174,99,240,241,164,224,377,176,209,106,191,94,197,231,1,117,160,267,324,326,379,450,14,47,193,147,153,10,24,183,28,43,239,308,34,132,148,157,299,321,345,26,108,71,311,130,253,275,327,113,33,66,236,346,79,206,151,141,65,159,290,56,252,82,77,155,68,269,86,124,127,168,297,318,251,259,96,15,72,154,25,343,70,294,23,139,152,272,88,282,372,374,248,188,126,283,307,215,213,292,123,185,214,212,116,262,178],"initializationTime":6.089695930480957,"executionTime":46.984703063964844,"totalTime":53.07440185546875,"V":1000,"E":6963}