{"maxFlow":6,"minCut":[3],"initializationTime":0.11264000087976456,"executionTime":0.8932160139083862,"totalTime":1.0058560371398926,"V":4,"E":5}