{"maxFlow":11,"minCut":[5,3],"initializationTime":0.11555200070142746,"executionTime":0.2889600098133087,"totalTime":0.4045119881629944,"V":6,"E":8}