{"maxFlow":39,"minCut":[999],"initializationTime":0.17535999417304993,"executionTime":7.705599784851074,"totalTime":7.880959987640381,"V":1000,"E":13926}