{"maxFlow":149,"minCut":[29999],"initializationTime":3890.892333984375,"executionTime":36866.6484375,"totalTime":40757.54296875,"V":30000,"E":618504}