{"maxFlow":11,"minCut":[5,3],"initializationTime":0.15718400478363037,"executionTime":0.3208959996700287,"totalTime":0.47808000445365906,"V":6,"E":8}