{"maxFlow":76,"minCut":[9999],"initializationTime":0.8604480028152466,"executionTime":74.52413177490234,"totalTime":75.38457489013672,"V":10000,"E":184714}