{"maxFlow":11,"minCut":[5,3],"initializationTime":0.1536960005760193,"executionTime":1.516160011291504,"totalTime":1.6698559522628784,"V":6,"E":8}