{"maxFlow":68,"minCut":[99,71,81,85,20,25,39,49,53,68,82,95,98,17,23,26,28,30,38,54,87,91,32,86,90,94,57,58,78,5,34,46,61,74,88,1,13,36,52,64,67,75,89,6,18,80,10,43,21,33,47,51,59,16,44,69,96,3,31,35,76,60,24,66,73,11,42,79,84,27,50,77,19,55,72,12,65,41,56,83,45,97,29,63,40,62,22,92,8,15,37,2,93,7,48,9,4,14,70],"initializationTime":0.16988800466060638,"executionTime":0.6544640064239502,"totalTime":0.8243520259857178,"V":100,"E":918}