{"maxFlow":84,"minCut":[19999],"initializationTime":1.3021759986877441,"executionTime":157.9022674560547,"totalTime":159.20445251464844,"V":20000,"E":396420}