{"maxFlow":76,"minCut":[9999],"initializationTime":0.9625599980354309,"executionTime":74.56063842773438,"totalTime":75.52320098876953,"V":10000,"E":184714}