{"maxFlow":68,"minCut":[99,71,81,85,30,38,54,87,91,20,25,39,49,53,68,82,95,98,17,23,26,28,19,55,61,72,73,77,80,90,21,31,41,52,56,83,16,24,47,66,3,10,11,65,12,43,75,86,89,35,51,60,76,33,59,67,32,94,44,69,96,36,50,27,42,58,79,84,6,18,5,57,78,34,46,74,88,1,13,64,45,97,48,15,92,29,2,93,62,70,4,7,40,63,8,37,14,22,9],"initializationTime":0.1658879965543747,"executionTime":0.681056022644043,"totalTime":0.8469439744949341,"V":100,"E":918}