{"maxFlow":28,"minCut":[999,83,134,146,305,481,568,7,50,17,54,100,143,181,284,286,80,142,149,194,207,230,38,93,145,163,222,315,388,404,461,470,523,5,3,97,111,158,277,287,303,406,446,61,12,27,150,186,60,19,121,180,200,293,310,340,360,391,463,496,177,304,381,91,344,32,13,18,21,109,208,289,385,75,42,110,119,103,192,41,98,74,89,46,63,81,330,135,29,58,90,120,204,237,48,37,234,249,298,161,166,51,85,45,52,254,274,39,156,78,30,221,9,57,173,22,59,67,131,4,53,76,84,95,195,114,102,261,490,122,129,319,339,370,378,140,8,244,302,227,232,260,278,348,375,49,347,201,205,271,2,101,226,336,358,118,257,331,172,203,359,133,184,44,31,325,36,6,223,246,270,69,104,193,148,157,299,321,345,66,346,35,189,113,24,176,209,308,174,106,197,231,236,164,377,179,10,71,311,239,147,153,34,14,47,137,233,87,33,132,99,240,241,94,183,79,206,130,253,275,327,28,43,108,26,11,73,224,55,175,229,1,191,117,160,267,324,326,379,450,20,318,70,86,56,68,168,141,155,294,251,259,269,23,65,139,152,252,151,290,124,127,77,82,159,88,282,372,374,96,15,72,154,272,297,25,343,126,188,283,307,248,213,292,215,123,185,212,116,262,214,178],"initializationTime":6.082079887390137,"executionTime":40.75804901123047,"totalTime":46.84012985229492,"V":1000,"E":6963}