{"maxFlow":76,"minCut":[9999],"initializationTime":0.886784017086029,"executionTime":74.51225280761719,"totalTime":75.39904022216797,"V":10000,"E":184714}