{"maxFlow":35,"minCut":[99,4,7,16,17,21,38,61,85,3,19,18,24,33,5,39,56,23,26,28,81,12,1,2,31,30,25,34,13,10,6,8,47,41,53,27,42,58,71,29,46,20,49,68,32,36,15,40,52],"initializationTime":0.159743994474411,"executionTime":2.215967893600464,"totalTime":2.3757119178771973,"V":100,"E":459}