{"maxFlow":84,"minCut":[19999],"initializationTime":0.9630079865455627,"executionTime":157.2428436279297,"totalTime":158.2058563232422,"V":20000,"E":396420}