{"maxFlow":68,"minCut":[99,38,58,16,24,33,47,66,73,81,25,27,29,46,53,59,63,75,80,94,5,48,45,54,57,3,10,21,37,70,76,9,18,19,20,49,51,52,56,82,7,60,79,34,41,91,98,1,13,31,55,74,93,23,39,40,67,6,17,43,64,77,11,42,71,84,86,30,85,87,28,78,36,68,88,4,61,22,32,89,2,50,69,72,8,65,15,62,83,95,12,44,35,14,97,96,90,92,26],"initializationTime":0.1234240010380745,"executionTime":1.3399360179901123,"totalTime":1.4633599519729614,"V":100,"E":918}