{"maxFlow":149,"minCut":[29999],"initializationTime":1.2946560382843018,"executionTime":156.93113708496094,"totalTime":158.22579956054688,"V":30000,"E":618504}