{"maxFlow":28,"minCut":[999,83,134,146,305,481,496,568,17,54,100,143,181,284,286,80,142,149,194,207,230,7,98,102,195,261,490,145,163,222,315,388,404,461,470,523,38,93,50,177,304,381,3,97,111,158,277,287,303,406,446,19,51,121,180,200,293,310,340,360,391,463,42,110,119,32,150,186,13,5,46,63,81,330,60,74,89,103,192,11,73,191,224,237,27,21,109,208,289,385,75,135,12,41,29,58,90,120,204,61,117,160,267,324,326,331,379,450,18,91,344,8,69,104,156,31,249,325,30,221,84,95,39,36,161,166,131,22,59,85,37,234,298,173,82,4,118,257,67,53,9,114,140,172,203,359,201,205,271,57,65,159,241,345,44,251,259,76,227,232,260,278,348,375,2,6,48,223,246,270,78,77,189,133,184,49,347,45,52,254,274,101,226,336,358,122,129,319,339,370,378,10,130,253,275,327,26,244,302,252,193,71,311,179,183,34,99,240,124,127,164,377,137,233,175,229,68,66,346,272,297,239,106,197,231,236,147,153,132,157,299,321,174,25,215,79,206,94,35,113,20,56,28,43,33,148,176,209,308,87,24,248,151,108,14,47,55,318,1,154,70,86,168,96,214,141,294,88,282,372,374,343,269,23,139,152,155,290,213,292,15,72,212,126,178,188,283,307,116,262,123,185],"initializationTime":0.2537600100040436,"executionTime":10.52560043334961,"totalTime":10.779359817504883,"V":1000,"E":6963}