{"maxFlow":84,"minCut":[19999],"initializationTime":1731.158447265625,"executionTime":18703.251953125,"totalTime":20434.41015625,"V":20000,"E":396420}