{"maxFlow":11,"minCut":[5,3],"initializationTime":0.1589760035276413,"executionTime":1.4183679819107056,"totalTime":1.5773439407348633,"V":6,"E":8}