{"maxFlow":28,"minCut":[999,83,134,146,305,481,568,38,93,50,145,163,222,315,388,404,461,470,523,7,80,142,149,194,207,230,17,54,100,143,181,284,286,32,18,91,344,12,27,29,58,90,120,204,237,109,208,289,385,41,98,3,97,111,158,277,287,303,406,446,103,192,19,121,180,200,293,310,340,360,391,463,496,61,21,89,5,75,13,150,186,74,135,177,304,381,46,63,81,330,42,110,119,60,51,6,223,246,270,133,184,257,114,44,4,53,76,57,140,118,331,31,201,325,30,221,67,205,271,78,8,244,302,172,203,359,102,261,490,156,173,37,234,249,298,36,161,166,2,48,9,101,226,336,358,69,104,45,52,254,274,84,95,195,131,49,347,122,129,319,339,370,378,227,232,260,278,348,375,22,59,39,85,117,160,267,324,326,379,450,10,24,176,209,99,240,241,28,43,137,233,191,73,108,94,206,224,71,311,1,132,193,113,79,183,106,66,236,346,26,239,308,164,377,179,35,189,34,175,229,197,231,147,153,55,130,253,275,327,33,148,174,87,20,14,47,157,299,321,345,11,68,155,25,343,269,15,72,154,70,86,82,252,124,127,23,139,152,151,88,282,297,372,374,294,141,168,318,96,251,259,290,77,65,159,272,56,188,248,213,292,215,283,307,126,123,185,214,116,262,212,178],"initializationTime":0.24588799476623535,"executionTime":18.51910400390625,"totalTime":18.764991760253906,"V":1000,"E":6963}