{"maxFlow":11,"minCut":[5,3],"initializationTime":0.1475200057029724,"executionTime":0.33852800726890564,"totalTime":0.48604801297187805,"V":6,"E":8}