{"maxFlow":11,"minCut":[5,3],"initializationTime":0.15680000185966492,"executionTime":0.3242560029029846,"totalTime":0.48105600476264954,"V":6,"E":8}