{"maxFlow":11,"minCut":[5,3],"initializationTime":0.11264000087976456,"executionTime":1.6987199783325195,"totalTime":1.8113600015640259,"V":6,"E":8}