{"maxFlow":149,"minCut":[29999],"initializationTime":1.8534719944000244,"executionTime":200.67295837402344,"totalTime":202.52642822265625,"V":30000,"E":618504}