{"maxFlow":35,"minCut":[99,4,7,16,17,21,61,85,15,18,3,13,19,5,39,56,23,26,28,81,1,6,32,10,12,33,25,8,30,38,2,24,31,20,49,36,71,27,53,68,52,42,47,58,29,46,34,41,40],"initializationTime":0.22086399793624878,"executionTime":0.8757439851760864,"totalTime":1.09660804271698,"V":100,"E":459}