{"maxFlow":68,"minCut":[99,71,81,85,20,25,39,49,53,68,82,95,98,17,23,26,28,30,38,54,87,91,32,86,90,94,5,34,46,61,74,78,88,57,58,10,43,13,60,16,44,69,96,27,36,47,50,67,77,3,11,65,66,19,55,72,73,6,18,52,75,80,45,97,1,64,89,42,79,84,24,31,35,51,76,21,41,56,83,33,59,12,9,22,63,37,92,2,70,4,14,15,29,62,93,48,40,7,8],"initializationTime":0.17414399981498718,"executionTime":0.7477759718894958,"totalTime":0.9219200015068054,"V":100,"E":918}