{"maxFlow":68,"minCut":[99,71,81,85,20,25,39,49,53,68,82,95,98,30,38,54,87,91,17,23,26,28,32,86,90,94,5,78,3,31,35,51,60,76,11,27,42,47,58,79,80,84,6,18,21,41,52,56,83,50,96,45,97,33,59,1,36,64,67,75,12,43,89,13,57,34,46,74,88,16,44,69,19,55,61,72,73,77,24,66,10,65,8,37,93,4,29,62,22,63,7,9,40,92,70,48,14,15,2],"initializationTime":0.16963200271129608,"executionTime":0.5686399936676025,"totalTime":0.7382720112800598,"V":100,"E":918}