{"maxFlow":68,"minCut":[99,71,81,85,17,23,26,28,95,30,38,54,87,91,20,25,39,49,53,68,82,98,27,36,47,50,67,77,96,21,31,41,52,56,83,1,45,94,97,6,18,80,13,32,64,89,12,43,75,19,55,61,72,73,90,33,34,51,59,86,16,44,69,10,57,3,35,60,76,5,46,74,78,88,58,11,65,66,24,42,79,84,4,7,8,22,62,92,93,48,14,63,29,40,2,70,9,15,37],"initializationTime":0.1764480024576187,"executionTime":0.6988800168037415,"totalTime":0.875328004360199,"V":100,"E":918}