{"maxFlow":35,"minCut":[99,4,7,16,17,21,61,85,5,19,39,56,23,26,28,81,3,13,15,18,30,6,12,33,1,8,32,10,38,25,2,24,31,20,49,36,71,27,53,68,52,42,47,58,29,46,34,41,40],"initializationTime":0.13247999548912048,"executionTime":1.9132159948349,"totalTime":2.0456960201263428,"V":100,"E":459}