{"maxFlow":84,"minCut":[19999],"initializationTime":1.2764480113983154,"executionTime":158.08265686035156,"totalTime":159.35910034179688,"V":20000,"E":396420}