{"maxFlow":39,"minCut":[999],"initializationTime":0.17187200486660004,"executionTime":8.374079704284668,"totalTime":8.545951843261719,"V":1000,"E":13926}