{"maxFlow":11,"minCut":[5,3],"initializationTime":0.13993600010871887,"executionTime":1.6087360382080078,"totalTime":1.7486720085144043,"V":6,"E":8}