{"maxFlow":6,"minCut":[3],"initializationTime":0.13312000036239624,"executionTime":1.8680959939956665,"totalTime":2.001215934753418,"V":4,"E":5}