{"maxFlow":35,"minCut":[99,4,7,16,17,21,61,85,15,3,13,23,26,28,81,18,5,19,39,56,30,6,32,8,38,1,12,25,10,33,2,20,49,24,31,36,71,27,53,68,52,42,47,58,29,46,34,41,40],"initializationTime":0.16176000237464905,"executionTime":0.7833920121192932,"totalTime":0.9451519846916199,"V":100,"E":459}