{"maxFlow":68,"minCut":[99,58,85,3,17,23,26,28,81,95,27,29,46,53,59,63,75,80,94,16,69,71,82,96,98,4,6,32,42,54,55,62,87,10,35,8,18,52,73,76,2,31,50,72,91,93,7,22,38,45,60,66,70,79,13,57,36,48,49,68,88,34,61,11,47,84,86,39,40,67,21,37,9,20,51,56,1,25,43,89,30,19,77,90,64,15,33,78,24,92,41,74,44,97,5,65,12,14,83],"initializationTime":0.14745600521564484,"executionTime":1.5416640043258667,"totalTime":1.6891200542449951,"V":100,"E":918}