{"maxFlow":39,"minCut":[999],"initializationTime":5.0404157638549805,"executionTime":39.6484489440918,"totalTime":44.688865661621094,"V":1000,"E":13926}