{"maxFlow":149,"minCut":[29999],"initializationTime":1.8619840145111084,"executionTime":193.7288055419922,"totalTime":195.59078979492188,"V":30000,"E":618504}