{"maxFlow":149,"minCut":[29999],"initializationTime":1.4079680442810059,"executionTime":183.5788116455078,"totalTime":184.98678588867188,"V":30000,"E":618504}