{"maxFlow":28,"minCut":[999,83,134,146,305,481,496,568,98,102,195,261,284,490,50,80,142,149,194,207,230,7,38,93,145,163,222,315,388,404,461,470,523,17,54,100,143,181,286,32,13,27,19,51,41,75,18,21,109,208,289,385,46,63,81,330,11,73,191,224,237,89,91,344,74,135,177,304,381,12,42,110,119,61,29,58,90,120,204,121,180,200,293,310,340,360,391,463,5,117,160,267,303,324,326,331,379,450,3,97,111,158,277,287,406,446,150,186,60,103,192,22,59,67,133,184,257,251,259,101,226,336,358,372,6,48,223,246,270,10,130,253,275,327,173,76,227,232,260,278,347,348,375,30,221,39,65,159,241,325,345,131,37,234,249,298,84,95,122,129,319,339,370,378,77,189,114,172,203,359,53,26,44,156,49,244,302,36,161,166,2,201,205,271,82,31,78,8,69,104,252,85,9,57,45,52,254,274,118,4,140,24,94,206,106,193,14,47,56,79,154,174,124,272,175,229,132,157,299,321,34,33,148,151,20,183,55,127,188,377,297,318,231,248,108,66,346,87,147,153,1,179,68,113,209,25,215,99,240,197,236,137,233,176,35,28,43,164,239,308,71,311,213,292,290,96,214,15,72,343,269,155,294,123,185,86,88,282,374,70,23,139,152,168,141,126,283,307,212,178,116,262],"initializationTime":0.18227200210094452,"executionTime":10.155296325683594,"totalTime":10.337568283081055,"V":1000,"E":6963}