{"maxFlow":149,"minCut":[29999],"initializationTime":1.966528058052063,"executionTime":190.6078338623047,"totalTime":192.57437133789063,"V":30000,"E":618504}