{"maxFlow":35,"minCut":[99,4,7,16,17,21,61,85,3,13,19,18,5,39,56,23,26,28,81,15,8,6,32,30,10,12,33,1,25,38,2,20,49,24,31,36,71,27,53,68,52,42,47,58,29,46,34,41,40],"initializationTime":0.23452800512313843,"executionTime":0.8940160274505615,"totalTime":1.1285439729690552,"V":100,"E":459}