{"maxFlow":11,"minCut":[5,3],"initializationTime":0.12521600723266602,"executionTime":1.0438719987869263,"totalTime":1.1690880060195923,"V":6,"E":8}