{"maxFlow":76,"minCut":[9999],"initializationTime":0.8416000008583069,"executionTime":74.90281677246094,"totalTime":75.74441528320313,"V":10000,"E":184714}