{"maxFlow":35,"minCut":[99,4,7,16,17,21,61,85,3,13,19,15,18,23,26,28,81,5,39,56,10,8,6,32,1,25,12,33,30,38,2,31,20,49,24,36,71,27,53,68,52,42,47,58,34,41,29,46,40],"initializationTime":0.22256000339984894,"executionTime":0.8681920170783997,"totalTime":1.0907520055770874,"V":100,"E":459}