{"maxFlow":149,"minCut":[29999],"initializationTime":1.3835200071334839,"executionTime":187.46963500976563,"totalTime":188.8531494140625,"V":30000,"E":618504}