{"maxFlow":6,"minCut":[3],"initializationTime":0.12319999933242798,"executionTime":1.0442559719085693,"totalTime":1.167456030845642,"V":4,"E":5}