{"maxFlow":28,"minCut":[999,83,134,146,305,481,496,568,17,54,100,143,181,284,286,50,145,163,222,315,388,404,461,470,523,7,38,93,80,142,149,194,207,230,98,102,195,261,490,19,121,180,200,293,310,340,360,391,463,13,51,117,160,267,303,324,326,331,379,450,46,63,81,330,5,12,109,208,289,385,11,73,191,224,237,18,91,344,103,192,41,150,186,27,60,32,74,89,61,3,97,111,158,277,287,406,446,177,304,381,21,135,75,42,110,119,29,58,90,120,204,76,49,52,254,274,101,226,336,358,372,44,65,159,241,325,345,133,184,85,59,2,6,223,246,270,173,347,4,31,8,69,104,36,161,166,78,26,48,201,205,271,9,45,77,189,131,82,30,221,114,227,232,260,278,348,375,122,129,319,339,370,378,37,234,249,298,84,95,244,302,53,252,118,257,67,172,203,359,140,57,10,22,130,253,275,327,39,251,259,156,99,240,151,132,157,299,321,35,56,71,311,175,229,248,272,297,137,233,108,174,106,147,153,197,231,127,188,377,239,308,113,1,28,43,179,87,20,183,68,124,55,25,215,33,148,24,94,206,318,154,193,79,14,47,176,209,34,164,236,66,346,15,72,86,290,141,123,155,185,269,294,23,139,152,168,96,343,88,282,374,213,292,214,70,178,283,307,212,126,116,262],"initializationTime":0.25699201226234436,"executionTime":10.502016067504883,"totalTime":10.759008407592773,"V":1000,"E":6963}