{"maxFlow":39,"minCut":[999],"initializationTime":0.25673601031303406,"executionTime":8.765472412109375,"totalTime":9.022208213806152,"V":1000,"E":13926}