{"maxFlow":6,"minCut":[3],"initializationTime":0.11878400295972824,"executionTime":2.118079900741577,"totalTime":2.2368640899658203,"V":4,"E":5}