{"maxFlow":68,"minCut":[99,38,81,85,3,23,26,28,95,17,24,33,47,66,73,30,91,13,57,60,5,48,10,35,1,25,74,93,4,6,32,36,42,54,55,58,62,64,87,19,53,61,72,77,80,90,16,22,52,86,88,89,12,43,75,98,21,51,59,67,9,27,40,69,82,96,34,41,31,56,83,92,44,8,49,65,37,45,50,18,84,7,97,46,2,78,71,15,39,68,70,76,20,14,29,63,94,11,79],"initializationTime":0.12435200065374374,"executionTime":1.4214719533920288,"totalTime":1.5458240509033203,"V":100,"E":918}