{"maxFlow":39,"minCut":[999],"initializationTime":5.004191875457764,"executionTime":39.400543212890625,"totalTime":44.40473556518555,"V":1000,"E":13926}