{"maxFlow":28,"minCut":[999,83,134,146,305,481,568,50,38,93,7,17,54,100,143,181,284,286,145,163,222,315,388,404,461,470,523,80,142,149,194,207,230,5,150,186,19,60,12,27,103,192,121,180,200,293,310,340,360,391,463,496,61,21,89,74,135,13,91,344,46,63,81,330,75,42,110,119,32,18,109,208,289,385,41,98,177,304,381,3,97,111,158,277,287,303,406,446,29,58,90,120,204,237,133,184,30,221,51,44,31,249,325,39,67,131,161,166,201,205,271,4,173,36,78,156,101,226,336,358,53,76,37,234,298,22,59,244,302,85,57,84,95,2,227,232,260,278,348,375,122,129,319,339,370,378,118,257,331,102,195,261,490,8,69,104,140,172,203,359,9,114,45,52,254,274,6,48,223,246,270,49,347,35,73,189,239,308,33,148,193,113,176,209,164,236,377,66,346,94,14,47,71,311,132,157,299,321,345,26,99,240,241,183,174,108,130,253,275,327,20,87,224,79,206,147,153,28,43,10,24,34,55,179,137,233,1,191,106,197,231,175,229,11,117,160,267,324,326,379,450,65,272,168,252,77,82,159,70,86,15,72,154,290,297,318,155,141,124,127,25,343,68,269,294,151,96,88,282,372,374,23,139,152,251,259,56,126,188,248,283,307,213,292,215,116,262,214,123,185,212,178],"initializationTime":5.268671989440918,"executionTime":39.22515106201172,"totalTime":44.49382400512695,"V":1000,"E":6963}