{"maxFlow":68,"minCut":[99,7,85,3,17,23,26,28,81,95,9,15,27,35,63,64,75,30,38,91,1,12,25,34,43,86,89,98,4,6,36,42,54,55,62,76,87,45,58,60,66,70,79,32,82,90,13,57,19,53,72,73,77,80,16,44,69,96,20,40,97,11,48,65,10,29,46,68,88,8,49,61,78,92,18,52,83,14,21,31,41,56,94,37,5,71,39,50,93,22,33,51,59,67,24,47,2,74,84],"initializationTime":0.131071999669075,"executionTime":1.4711999893188477,"totalTime":1.6022720336914063,"V":100,"E":918}