{"maxFlow":6,"minCut":[3],"initializationTime":0.11900799721479416,"executionTime":1.852895975112915,"totalTime":1.9719040393829346,"V":4,"E":5}