{"maxFlow":11,"minCut":[5,3],"initializationTime":0.10604800283908844,"executionTime":0.8362240195274353,"totalTime":0.9422720074653625,"V":6,"E":8}