{"maxFlow":35,"minCut":[99,4,7,16,17,21,38,61,85,3,19,47,24,33,23,26,28,81,18,5,39,56,8,30,12,34,41,53,13,1,2,31,6,10,25,15,27,42,58,71,32,20,49,68,29,46,36,52,40],"initializationTime":0.15881599485874176,"executionTime":2.168992042541504,"totalTime":2.327807903289795,"V":100,"E":459}