{"maxFlow":28,"minCut":[999,83,134,146,305,481,568,38,93,7,50,80,142,149,194,207,230,17,54,100,143,181,284,286,145,163,222,315,388,404,461,470,523,12,27,3,97,111,158,277,287,303,406,446,46,63,81,330,75,29,58,90,120,204,237,177,304,381,32,5,41,98,103,192,150,186,91,344,74,89,18,21,109,208,289,385,135,42,110,119,61,19,121,180,200,293,310,340,360,391,463,496,60,13,205,271,44,131,76,227,232,260,278,348,375,156,4,53,30,221,22,59,140,36,161,166,57,67,173,101,226,336,358,8,69,104,48,133,184,49,347,51,118,257,331,37,234,298,9,114,2,85,39,31,201,249,325,78,172,203,359,129,319,339,370,378,45,52,254,274,6,122,223,246,270,102,195,261,490,84,95,244,302,33,148,28,43,11,79,206,66,346,34,157,299,321,345,174,147,153,71,311,55,87,130,253,275,327,106,197,231,236,10,24,239,308,14,47,73,26,183,132,137,233,20,108,179,35,189,113,176,209,164,224,377,94,1,191,117,160,267,324,326,379,450,193,99,240,241,175,229,168,252,297,318,141,77,86,155,151,82,294,159,70,124,127,65,272,96,68,88,282,372,374,251,259,269,25,343,56,23,139,152,15,72,154,290,283,307,215,188,126,248,213,292,214,116,262,212,123,185,178],"initializationTime":6.112703800201416,"executionTime":40.84764862060547,"totalTime":46.96035385131836,"V":1000,"E":6963}