{"maxFlow":11,"minCut":[5,3],"initializationTime":0.11878400295972824,"executionTime":1.645151972770691,"totalTime":1.7639360427856445,"V":6,"E":8}