{"maxFlow":84,"minCut":[19999],"initializationTime":1.3600000143051147,"executionTime":144.1136016845703,"totalTime":145.47360229492188,"V":20000,"E":396420}