{"maxFlow":149,"minCut":[29999],"initializationTime":2.0011839866638184,"executionTime":151.06661987304688,"totalTime":153.06781005859375,"V":30000,"E":618504}