{"maxFlow":6,"minCut":[3],"initializationTime":0.11881600320339203,"executionTime":0.9093760251998901,"totalTime":1.0281920433044434,"V":4,"E":5}