{"maxFlow":28,"minCut":[999,83,134,146,305,481,496,568,145,163,222,315,388,404,461,470,523,38,93,98,102,195,261,284,490,17,54,100,143,181,286,80,142,149,194,207,230,7,50,12,74,89,27,60,150,186,41,117,160,267,303,324,326,331,379,450,3,97,111,158,277,287,406,446,19,121,180,200,293,310,340,360,391,463,103,192,21,42,110,119,109,208,289,385,18,91,344,135,61,13,75,46,63,81,330,177,304,381,32,5,11,73,191,224,237,29,58,90,120,204,51,251,259,6,223,246,270,101,226,336,358,372,69,104,37,234,298,131,39,85,133,184,36,161,166,118,257,2,122,129,319,339,370,378,76,31,201,249,325,57,52,254,274,140,172,359,9,114,44,65,159,241,345,173,30,221,205,271,4,53,59,26,48,227,232,260,278,348,375,82,203,156,10,22,130,253,275,327,78,67,45,77,189,49,347,84,95,252,8,244,302,24,94,206,28,43,79,71,311,193,318,179,147,153,157,299,321,87,113,175,229,25,215,106,197,236,151,231,248,66,346,176,209,164,68,154,137,233,239,308,20,174,14,47,1,34,183,56,124,35,33,148,127,188,377,272,297,55,132,99,240,108,290,155,86,15,72,269,141,23,139,152,88,282,214,123,185,343,294,213,292,96,168,374,70,178,126,212,283,307,116,262],"initializationTime":0.19305600225925446,"executionTime":10.218912124633789,"totalTime":10.411968231201172,"V":1000,"E":6963}