{"maxFlow":11,"minCut":[5,3],"initializationTime":0.14028799533843994,"executionTime":1.877120018005371,"totalTime":2.0174078941345215,"V":6,"E":8}