{"maxFlow":84,"minCut":[19999],"initializationTime":1738.761474609375,"executionTime":18704.158203125,"totalTime":20442.91796875,"V":20000,"E":396420}