{"maxFlow":6,"minCut":[3],"initializationTime":0.12892800569534302,"executionTime":0.2963840067386627,"totalTime":0.42531201243400574,"V":4,"E":5}