{"maxFlow":76,"minCut":[9999],"initializationTime":1.0115519762039185,"executionTime":74.54867553710938,"totalTime":75.56022644042969,"V":10000,"E":184714}