{"maxFlow":149,"minCut":[29999],"initializationTime":3933.164306640625,"executionTime":37233.39453125,"totalTime":41166.55859375,"V":30000,"E":618504}