{"maxFlow":39,"minCut":[999],"initializationTime":0.17564800381660461,"executionTime":8.383328437805176,"totalTime":8.558976173400879,"V":1000,"E":13926}