{"maxFlow":6,"minCut":[3],"initializationTime":0.12521600723266602,"executionTime":0.29657599329948425,"totalTime":0.42179200053215027,"V":4,"E":5}