{"maxFlow":68,"minCut":[99,81,85,30,38,54,87,91,3,17,23,26,28,95,31,32,35,51,60,21,41,52,56,83,4,29,36,42,55,58,62,64,76,33,34,47,59,67,13,46,57,10,43,16,24,63,66,73,1,12,25,75,86,89,98,44,69,71,82,96,11,20,65,19,53,61,72,77,80,90,2,93,5,39,40,84,88,22,94,9,74,48,78,50,15,45,79,37,70,18,27,14,68,6,92,49,8,7,97],"initializationTime":0.15110400319099426,"executionTime":1.614527940750122,"totalTime":1.7656320333480835,"V":100,"E":918}