{"maxFlow":6,"minCut":[3],"initializationTime":0.12668800354003906,"executionTime":1.4532480239868164,"totalTime":1.5799360275268555,"V":4,"E":5}