{"maxFlow":35,"minCut":[99,4,7,16,17,21,61,85,3,13,19,15,18,5,39,56,23,26,28,81,8,12,33,1,25,30,38,6,32,10,2,20,49,24,31,36,71,27,53,68,42,47,58,52,34,41,29,46,40],"initializationTime":0.22127999365329742,"executionTime":1.0729279518127441,"totalTime":1.29420804977417,"V":100,"E":459}