{"maxFlow":6,"minCut":[3],"initializationTime":0.11059200018644333,"executionTime":0.9075520038604736,"totalTime":1.0181440114974976,"V":4,"E":5}