{"maxFlow":39,"minCut":[999],"initializationTime":0.19836799800395966,"executionTime":8.408063888549805,"totalTime":8.60643196105957,"V":1000,"E":13926}