{"maxFlow":76,"minCut":[9999],"initializationTime":0.5815039873123169,"executionTime":74.02767944335938,"totalTime":74.60918426513672,"V":10000,"E":184714}