{"maxFlow":76,"minCut":[9999],"initializationTime":0.9422079920768738,"executionTime":74.62108612060547,"totalTime":75.56329345703125,"V":10000,"E":184714}