{"maxFlow":39,"minCut":[999],"initializationTime":0.19865599274635315,"executionTime":7.911456108093262,"totalTime":8.110112190246582,"V":1000,"E":13926}