{"maxFlow":35,"minCut":[99,4,7,16,17,21,61,85,18,3,13,19,15,23,26,28,81,5,39,56,1,10,30,38,8,12,25,33,6,32,2,20,49,24,31,36,71,27,53,68,52,42,47,58,34,41,29,46,40],"initializationTime":0.227743998169899,"executionTime":0.8950719833374023,"totalTime":1.1228159666061401,"V":100,"E":459}