{"maxFlow":39,"minCut":[999],"initializationTime":0.23756800591945648,"executionTime":7.969247817993164,"totalTime":8.206815719604492,"V":1000,"E":13926}