{"maxFlow":149,"minCut":[29999],"initializationTime":1.525696039199829,"executionTime":187.83328247070313,"totalTime":189.35897827148438,"V":30000,"E":618504}