{"maxFlow":28,"minCut":[999,83,134,146,305,481,568,50,7,38,93,17,54,100,143,181,284,286,80,142,149,194,207,230,145,163,222,315,388,404,461,470,523,5,32,91,344,75,41,98,27,121,180,200,293,310,340,360,391,463,496,18,109,208,289,385,3,97,111,158,277,287,303,406,446,61,103,192,19,60,42,110,119,12,89,150,186,13,74,135,21,177,304,381,29,58,90,120,204,237,46,63,81,330,22,59,122,129,319,339,370,378,44,102,195,261,490,140,156,51,39,2,8,69,104,85,67,6,223,246,270,49,347,4,118,331,114,172,203,359,37,234,249,298,57,78,173,30,221,31,201,325,131,48,53,76,133,184,257,205,271,9,101,226,336,358,84,95,227,232,260,278,348,375,244,302,36,161,166,45,52,254,274,94,206,55,10,130,253,275,327,117,160,267,324,326,379,450,179,113,26,108,197,231,35,189,174,20,28,43,11,73,191,14,47,147,153,71,311,1,33,148,175,229,137,233,24,176,209,308,66,346,106,239,87,193,183,34,99,240,241,132,164,224,236,377,79,157,299,321,345,96,297,318,151,86,124,127,168,251,259,23,139,152,141,88,282,372,374,70,294,290,68,25,343,65,159,269,272,252,15,72,154,56,155,77,82,283,307,213,292,248,126,215,188,116,262,123,185,212,214,178],"initializationTime":0.24140800535678864,"executionTime":18.523487091064453,"totalTime":18.764896392822266,"V":1000,"E":6963}