{"maxFlow":39,"minCut":[999],"initializationTime":0.1857919991016388,"executionTime":8.152447700500488,"totalTime":8.338239669799805,"V":1000,"E":13926}