{"maxFlow":84,"minCut":[19999],"initializationTime":1733.0670166015625,"executionTime":18658.802734375,"totalTime":20391.869140625,"V":20000,"E":396420}