{"maxFlow":28,"minCut":[999,83,134,146,305,481,568,17,54,100,143,181,284,286,50,80,142,149,194,207,230,145,163,222,315,388,404,461,470,523,7,38,93,21,27,29,58,90,120,204,237,103,192,61,150,186,5,19,60,42,110,119,41,98,177,304,381,89,74,135,32,18,91,344,75,13,12,109,208,289,385,3,97,111,158,277,287,303,406,446,46,63,81,330,121,180,200,293,310,340,360,391,463,496,85,39,57,36,101,226,336,358,45,52,254,274,133,184,257,172,203,359,51,201,205,271,44,156,140,84,95,195,8,244,302,114,37,234,249,298,129,319,339,370,378,76,227,232,260,278,348,375,161,166,30,221,4,53,49,347,31,325,67,173,2,9,78,69,104,48,6,122,223,246,270,118,331,102,261,490,131,22,59,66,346,28,43,10,99,240,241,193,55,34,239,26,79,206,106,197,231,236,24,176,209,308,148,157,299,321,345,71,311,191,137,233,175,229,35,189,20,164,377,94,179,130,253,275,327,73,174,1,33,108,183,14,47,11,87,224,113,132,117,160,267,324,326,379,450,147,153,23,139,152,56,15,72,154,269,168,65,272,82,159,251,259,88,282,372,374,297,318,151,155,141,294,25,343,124,127,86,68,96,252,290,70,77,188,215,126,248,283,307,213,292,116,262,214,123,185,212,178],"initializationTime":6.419936180114746,"executionTime":40.96460723876953,"totalTime":47.384544372558594,"V":1000,"E":6963}