{"maxFlow":35,"minCut":[99,4,7,16,17,21,61,85,23,26,28,81,3,19,47,5,39,56,18,30,38,13,12,33,8,10,24,34,41,53,1,25,6,15,2,31,27,42,58,71,32,29,46,20,49,68,36,40,52],"initializationTime":0.17475199699401855,"executionTime":2.119647979736328,"totalTime":2.2943999767303467,"V":100,"E":459}