{"maxFlow":35,"minCut":[99,4,7,16,17,21,61,85,5,19,39,56,3,13,15,18,23,26,28,81,30,38,12,33,1,8,6,32,25,10,2,24,20,49,31,36,71,53,68,27,42,47,58,52,34,41,29,46,40],"initializationTime":0.13974399864673615,"executionTime":1.5028799772262573,"totalTime":1.642624020576477,"V":100,"E":459}