{"maxFlow":149,"minCut":[29999],"initializationTime":3891.7705078125,"executionTime":37210.7265625,"totalTime":41102.49609375,"V":30000,"E":618504}