{"maxFlow":84,"minCut":[19999],"initializationTime":1.3003519773483276,"executionTime":158.3338165283203,"totalTime":159.63417053222656,"V":20000,"E":396420}