{"maxFlow":39,"minCut":[999],"initializationTime":5.002495765686035,"executionTime":54.80537414550781,"totalTime":59.8078727722168,"V":1000,"E":13926}