{"maxFlow":149,"minCut":[29999],"initializationTime":1.9441280364990234,"executionTime":189.26019287109375,"totalTime":191.20431518554688,"V":30000,"E":618504}