{"maxFlow":149,"minCut":[29999],"initializationTime":3905.74462890625,"executionTime":37074.671875,"totalTime":40980.41796875,"V":30000,"E":618504}