{"maxFlow":6,"minCut":[3],"initializationTime":0.1096000000834465,"executionTime":0.27987200021743774,"totalTime":0.38947200775146484,"V":4,"E":5}