{"maxFlow":6,"minCut":[3],"initializationTime":0.15769599378108978,"executionTime":0.33744001388549805,"totalTime":0.49513599276542664,"V":4,"E":5}