{"maxFlow":68,"minCut":[99,81,85,3,17,23,26,28,95,30,38,54,87,91,33,34,47,51,59,67,4,29,32,36,42,55,58,62,64,76,19,53,61,72,73,77,80,90,98,16,24,63,66,13,46,57,60,10,43,44,69,71,82,96,21,41,52,56,83,1,12,25,75,86,89,11,20,65,31,35,15,70,49,5,68,27,79,84,8,97,7,18,45,22,50,39,78,2,74,93,48,88,92,6,14,37,94,40,9],"initializationTime":0.12716799974441528,"executionTime":1.619968056678772,"totalTime":1.7471359968185425,"V":100,"E":918}