{"maxFlow":39,"minCut":[999],"initializationTime":0.19616000354290009,"executionTime":8.255840301513672,"totalTime":8.45199966430664,"V":1000,"E":13926}