{"maxFlow":84,"minCut":[19999],"initializationTime":1.3135360479354858,"executionTime":157.8877716064453,"totalTime":159.20130920410156,"V":20000,"E":396420}