{"maxFlow":39,"minCut":[999],"initializationTime":0.16620799899101257,"executionTime":7.673088073730469,"totalTime":7.839295864105225,"V":1000,"E":13926}