{"maxFlow":84,"minCut":[19999],"initializationTime":1753.0709228515625,"executionTime":18712.80859375,"totalTime":20465.87890625,"V":20000,"E":396420}