{"maxFlow":35,"minCut":[99,4,7,16,17,21,61,85,3,13,19,15,5,39,56,23,26,28,81,18,8,1,30,38,6,32,25,10,12,33,20,49,2,24,31,36,71,27,53,68,42,47,58,52,34,41,29,46,40],"initializationTime":0.16051200032234192,"executionTime":1.779647946357727,"totalTime":1.9401600360870361,"V":100,"E":459}