{"maxFlow":149,"minCut":[29999],"initializationTime":1.430783987045288,"executionTime":189.42076110839844,"totalTime":190.85154724121094,"V":30000,"E":618504}