{"maxFlow":84,"minCut":[19999],"initializationTime":1.2881920337677002,"executionTime":154.29379272460938,"totalTime":155.5819854736328,"V":20000,"E":396420}