{"maxFlow":76,"minCut":[9999],"initializationTime":445.6694641113281,"executionTime":4258.68896484375,"totalTime":4704.3583984375,"V":10000,"E":184714}