{"maxFlow":84,"minCut":[19999],"initializationTime":1.0002880096435547,"executionTime":142.50607299804688,"totalTime":143.50636291503906,"V":20000,"E":396420}