{"maxFlow":39,"minCut":[999],"initializationTime":5.032415866851807,"executionTime":39.60774230957031,"totalTime":44.640159606933594,"V":1000,"E":13926}