{"maxFlow":28,"minCut":[999,83,134,146,305,481,568,50,80,142,149,194,207,230,38,93,17,54,100,143,181,284,286,7,145,163,222,315,388,404,461,470,523,18,109,208,289,385,19,60,5,75,41,98,27,61,12,3,97,111,158,277,287,303,406,446,13,121,180,200,293,310,340,360,391,463,496,74,135,150,186,21,42,110,119,177,304,381,89,103,192,91,344,32,46,63,81,330,29,58,90,120,204,237,22,59,30,221,133,184,257,129,319,339,370,378,57,9,37,234,249,298,76,227,232,260,278,347,348,375,36,161,166,118,331,173,140,51,131,48,101,226,336,358,2,69,104,172,203,359,205,271,67,78,6,122,223,246,270,114,85,102,261,490,156,44,39,8,244,302,45,52,254,274,84,95,195,31,201,325,49,4,53,164,224,236,377,10,130,253,275,327,94,20,239,87,147,153,28,43,108,55,117,160,267,324,326,379,450,34,11,106,197,231,71,311,175,229,193,1,191,137,233,14,47,113,132,148,157,299,321,345,66,346,35,189,183,26,179,33,24,176,209,308,79,206,99,240,241,174,73,88,282,297,372,374,272,68,65,159,251,259,294,56,155,70,86,141,15,72,154,269,168,25,343,290,252,124,127,151,77,82,23,139,152,96,318,213,292,126,215,248,283,307,188,212,116,262,214,123,185,178],"initializationTime":0.16758400201797485,"executionTime":17.570655822753906,"totalTime":17.738239288330078,"V":1000,"E":6963}