{"maxFlow":11,"minCut":[5,3],"initializationTime":0.15379199385643005,"executionTime":0.31273600459098816,"totalTime":0.4665279984474182,"V":6,"E":8}