{"maxFlow":76,"minCut":[9999],"initializationTime":431.688232421875,"executionTime":4296.564453125,"totalTime":4728.2529296875,"V":10000,"E":184714}