{"maxFlow":11,"minCut":[5,3],"initializationTime":0.17817600071430206,"executionTime":0.312032014131546,"totalTime":0.4902079999446869,"V":6,"E":8}