{"maxFlow":39,"minCut":[999],"initializationTime":0.21503999829292297,"executionTime":8.51910400390625,"totalTime":8.73414421081543,"V":1000,"E":13926}