{"maxFlow":84,"minCut":[19999],"initializationTime":1.010975956916809,"executionTime":157.15875244140625,"totalTime":158.1697235107422,"V":20000,"E":396420}