{"maxFlow":149,"minCut":[29999],"initializationTime":2.0040318965911865,"executionTime":190.669921875,"totalTime":192.6739501953125,"V":30000,"E":618504}