{"maxFlow":35,"minCut":[99,4,7,16,17,21,61,85,18,3,13,19,5,39,56,15,23,26,28,81,1,6,32,12,25,8,33,30,38,10,20,49,2,31,24,36,71,53,68,27,42,47,58,52,34,41,29,46,40],"initializationTime":0.1226240023970604,"executionTime":1.4951039552688599,"totalTime":1.6177279949188232,"V":100,"E":459}