{"maxFlow":11,"minCut":[5,3],"initializationTime":0.12083200365304947,"executionTime":1.6918079853057861,"totalTime":1.8126399517059326,"V":6,"E":8}