{"maxFlow":76,"minCut":[9999],"initializationTime":0.837664008140564,"executionTime":74.35603332519531,"totalTime":75.19369506835938,"V":10000,"E":184714}