{"maxFlow":11,"minCut":[5,3],"initializationTime":0.15798400342464447,"executionTime":0.31459200382232666,"totalTime":0.47257599234580994,"V":6,"E":8}