{"maxFlow":149,"minCut":[29999],"initializationTime":3915.7724609375,"executionTime":37297.13671875,"totalTime":41212.91015625,"V":30000,"E":618504}