{"maxFlow":76,"minCut":[9999],"initializationTime":433.2421875,"executionTime":4289.02685546875,"totalTime":4722.26904296875,"V":10000,"E":184714}