{"maxFlow":84,"minCut":[19999],"initializationTime":0.9858559966087341,"executionTime":141.46588134765625,"totalTime":142.4517364501953,"V":20000,"E":396420}