{"maxFlow":28,"minCut":[999,83,134,146,305,481,568,50,7,145,163,222,315,388,404,461,470,523,80,142,149,194,207,230,17,54,100,143,181,284,286,38,93,177,304,381,21,27,41,98,5,75,42,110,119,3,97,111,158,277,287,303,406,446,74,135,60,103,192,46,63,81,330,18,109,208,289,385,19,121,180,200,293,310,340,360,391,463,496,32,61,29,58,90,120,204,237,13,12,89,91,344,150,186,8,244,302,30,221,102,261,490,76,227,232,260,278,348,375,48,133,184,257,4,53,9,39,49,347,201,205,271,173,36,161,166,114,31,325,22,59,67,57,37,234,249,298,129,319,339,370,378,2,51,118,331,85,84,95,195,6,122,223,246,270,172,203,359,140,45,52,254,274,156,131,44,78,69,104,101,226,336,358,117,160,267,324,326,379,450,11,191,224,108,99,240,241,183,35,189,176,209,308,20,73,106,197,231,236,14,47,26,1,87,179,137,233,130,253,275,327,239,10,24,33,148,147,153,94,55,132,157,299,321,345,34,113,175,229,79,206,71,311,28,43,164,377,174,66,346,193,269,77,82,252,86,294,141,68,56,124,127,297,318,65,159,70,272,25,343,96,151,15,72,154,155,168,88,282,372,374,290,251,259,23,139,152,213,292,126,283,307,215,248,188,123,185,116,262,212,214,178],"initializationTime":0.2377920001745224,"executionTime":18.516992568969727,"totalTime":18.754783630371094,"V":1000,"E":6963}