{"maxFlow":76,"minCut":[9999],"initializationTime":0.8965439796447754,"executionTime":73.92435455322266,"totalTime":74.82089233398438,"V":10000,"E":184714}