{"maxFlow":39,"minCut":[999],"initializationTime":0.18227200210094452,"executionTime":8.350048065185547,"totalTime":8.532320022583008,"V":1000,"E":13926}