{"maxFlow":149,"minCut":[29999],"initializationTime":3997.308349609375,"executionTime":37282.42578125,"totalTime":41279.734375,"V":30000,"E":618504}