{"maxFlow":68,"minCut":[99,81,85,30,38,54,87,91,3,17,23,26,28,95,13,46,57,60,21,31,41,52,56,83,16,24,33,47,63,66,73,10,43,44,69,71,82,96,98,19,53,55,61,72,77,80,90,34,51,59,67,1,12,25,75,86,89,4,29,36,42,58,62,64,76,32,35,11,20,65,48,6,27,49,93,94,14,15,84,45,7,70,79,37,92,97,18,39,40,68,2,9,50,5,8,78,74,22,88],"initializationTime":0.11468800157308578,"executionTime":1.41103994846344,"totalTime":1.5257279872894287,"V":100,"E":918}