{"maxFlow":28,"minCut":[999,83,134,146,305,481,568,7,50,17,54,100,143,181,284,286,80,142,149,194,207,230,38,93,145,163,222,315,388,404,461,470,523,60,61,3,97,111,158,277,287,303,406,446,103,192,29,58,90,120,204,237,177,304,381,41,98,27,46,63,81,330,5,19,121,180,200,293,310,340,360,391,463,496,32,150,186,12,74,89,13,42,110,119,91,344,18,21,109,208,289,385,75,135,44,78,2,51,4,30,221,156,9,45,49,52,254,274,36,161,166,22,59,31,201,249,325,8,69,104,48,6,122,223,246,270,347,133,184,257,118,331,140,84,95,195,37,234,298,102,261,490,85,205,271,244,302,172,203,359,129,319,339,370,378,114,53,131,39,76,227,232,260,278,348,375,67,173,57,101,226,336,358,73,10,130,253,275,327,108,197,231,236,113,26,33,148,183,28,43,132,147,153,157,299,321,345,164,377,71,311,179,99,240,241,79,174,1,66,346,175,229,87,176,209,308,137,233,55,106,14,47,24,94,206,20,193,35,189,11,191,224,117,160,267,324,326,379,450,34,239,82,77,272,318,290,294,96,168,269,155,56,251,259,15,72,154,159,141,252,70,86,88,282,297,372,374,151,25,343,23,65,139,152,68,124,127,215,126,213,292,283,307,188,248,212,214,123,185,116,262,178],"initializationTime":6.111551761627197,"executionTime":54.94108963012695,"totalTime":61.05263900756836,"V":1000,"E":6963}