{"maxFlow":84,"minCut":[19999],"initializationTime":1.0036799907684326,"executionTime":142.52908325195313,"totalTime":143.5327606201172,"V":20000,"E":396420}