{"maxFlow":76,"minCut":[9999],"initializationTime":0.6151040196418762,"executionTime":73.74121856689453,"totalTime":74.3563232421875,"V":10000,"E":184714}