{"maxFlow":28,"minCut":[999,83,134,146,305,481,568,7,80,142,149,194,207,230,50,17,54,100,143,181,284,286,38,93,145,163,222,315,388,404,461,470,523,27,5,18,91,344,135,12,3,97,111,158,277,287,303,406,446,121,180,200,293,310,340,360,391,463,496,41,98,61,103,192,19,60,13,150,186,46,63,81,330,74,89,75,109,208,289,385,32,29,58,90,120,204,237,21,177,304,381,42,110,119,48,172,203,359,69,104,131,22,59,101,226,336,358,2,133,184,257,51,161,166,37,234,298,84,95,195,173,9,114,39,6,223,246,270,205,271,8,244,302,36,156,49,347,122,129,319,339,370,378,85,57,31,201,249,325,78,67,118,331,102,261,490,44,4,53,76,45,52,254,274,227,232,260,278,348,375,140,30,221,33,148,183,79,1,191,108,164,224,377,55,24,94,206,117,160,267,324,326,379,450,174,106,197,231,236,175,229,113,10,132,87,193,11,14,47,20,176,209,130,253,275,327,99,240,241,66,346,239,308,26,35,189,137,233,147,153,34,157,299,321,345,71,311,28,43,73,179,251,259,25,343,168,86,56,297,318,151,290,88,282,372,374,269,65,159,82,124,127,155,77,141,68,23,139,152,15,72,154,252,272,96,70,294,248,213,292,188,126,283,307,215,214,212,116,262,123,185,178],"initializationTime":0.18982400000095367,"executionTime":18.32793617248535,"totalTime":18.517759323120117,"V":1000,"E":6963}