{"maxFlow":28,"minCut":[999,83,134,146,305,481,568,50,7,38,93,17,54,100,143,181,284,286,80,142,149,194,207,230,145,163,222,315,388,404,461,470,523,74,135,13,5,12,27,21,46,63,81,330,19,60,42,110,119,89,41,98,61,18,91,344,177,304,381,3,97,111,158,277,287,303,406,446,75,121,180,200,293,310,340,360,391,463,496,32,29,58,90,120,204,237,150,186,103,192,109,208,289,385,45,52,254,274,85,8,244,302,9,48,172,203,359,129,319,339,370,378,78,2,4,201,205,271,140,36,6,122,223,246,270,44,22,59,57,51,118,331,101,226,336,358,161,166,49,31,249,325,69,104,133,184,257,37,195,234,298,102,261,490,39,67,131,156,114,173,76,227,232,260,278,347,348,375,53,84,95,30,221,24,94,206,197,231,117,160,267,324,326,379,450,66,236,346,55,113,147,153,106,73,191,1,183,108,14,47,35,189,11,79,176,209,26,137,233,87,224,239,308,174,71,311,20,132,148,157,299,321,345,28,43,34,175,229,33,10,130,253,275,327,193,179,99,240,241,164,377,68,252,318,155,70,77,82,294,168,272,297,25,343,15,72,154,290,56,251,259,86,269,88,282,372,374,124,127,23,65,139,152,96,151,159,141,213,292,188,248,126,215,283,307,212,214,116,262,123,185,178],"initializationTime":6.1253437995910645,"executionTime":40.80131149291992,"totalTime":46.92665481567383,"V":1000,"E":6963}