{"maxFlow":35,"minCut":[99,4,7,16,17,21,61,85,15,23,26,28,81,3,13,19,18,5,39,56,6,32,30,38,1,25,8,10,12,33,2,24,31,20,49,36,71,27,53,68,52,42,47,58,34,41,29,46,40],"initializationTime":0.16185599565505981,"executionTime":1.735327959060669,"totalTime":1.8971840143203735,"V":100,"E":459}