{"maxFlow":6,"minCut":[3],"initializationTime":0.12681600451469421,"executionTime":1.6461759805679321,"totalTime":1.7729920148849487,"V":4,"E":5}