{"maxFlow":35,"minCut":[99,4,7,16,17,21,38,61,85,23,26,28,81,5,19,39,56,3,47,24,33,18,10,30,13,6,1,8,12,25,2,31,34,41,53,27,42,58,71,15,29,46,20,49,68,32,40,36,52],"initializationTime":0.15411199629306793,"executionTime":2.140608072280884,"totalTime":2.294719934463501,"V":100,"E":459}