{"maxFlow":11039,"minCut":[],"initializationTime":4.909056186676025,"executionTime":624.0109252929688,"totalTime":628.9199829101563,"V":2000,"E":3998000}