{"maxFlow":9862,"minCut":[],"initializationTime":4.917535781860352,"executionTime":16586.08984375,"totalTime":16591.005859375,"V":2000,"E":3598521}