{"maxFlow":3338,"minCut":[],"initializationTime":39.68012619018555,"executionTime":241.8552703857422,"totalTime":281.535400390625,"V":2000,"E":1199520}