{"maxFlow":4368,"minCut":[],"initializationTime":3.6289279460906982,"executionTime":468.8146057128906,"totalTime":472.4435119628906,"V":2000,"E":1598265}