{"maxFlow":2243,"minCut":[],"initializationTime":2.2833919525146484,"executionTime":5983.177734375,"totalTime":5985.4609375,"V":2000,"E":799569}