{"maxFlow":7592,"minCut":[],"initializationTime":40.5832633972168,"executionTime":202.8356170654297,"totalTime":243.41888427734375,"V":2000,"E":2799399}