{"maxFlow":9862,"minCut":[],"initializationTime":4.868159770965576,"executionTime":16569.212890625,"totalTime":16574.080078125,"V":2000,"E":3598521}