{"maxFlow":8663,"minCut":[],"initializationTime":35.00223922729492,"executionTime":214.28793334960938,"totalTime":249.29017639160156,"V":2000,"E":3198629}