{"maxFlow":4368,"minCut":[],"initializationTime":3.539328098297119,"executionTime":473.8710021972656,"totalTime":477.41033935546875,"V":2000,"E":1598265}