{"maxFlow":11039,"minCut":[],"initializationTime":5.113920211791992,"executionTime":608.1196899414063,"totalTime":613.2335815429688,"V":2000,"E":3998000}