{"maxFlow":5592,"minCut":[],"initializationTime":49.13209533691406,"executionTime":253.70022583007813,"totalTime":302.8323059082031,"V":2000,"E":1998484}