{"maxFlow":7592,"minCut":[],"initializationTime":4.4522881507873535,"executionTime":15153.2548828125,"totalTime":15157.70703125,"V":2000,"E":2799399}