{"maxFlow":7592,"minCut":[],"initializationTime":4.475391864776611,"executionTime":155.13404846191406,"totalTime":159.60943603515625,"V":2000,"E":2799399}