{"maxFlow":8663,"minCut":[],"initializationTime":4.7396159172058105,"executionTime":171.31056213378906,"totalTime":176.0501708984375,"V":2000,"E":3198629}