{"maxFlow":3338,"minCut":[],"initializationTime":2.8567678928375244,"executionTime":407.8037109375,"totalTime":410.6604919433594,"V":2000,"E":1199520}