{"maxFlow":9862,"minCut":[],"initializationTime":4.915359973907471,"executionTime":16596.619140625,"totalTime":16601.53515625,"V":2000,"E":3598521}