{"maxFlow":11039,"minCut":[],"initializationTime":5.061984062194824,"executionTime":271.0645751953125,"totalTime":276.1265563964844,"V":2000,"E":3998000}