{"maxFlow":2243,"minCut":[],"initializationTime":2.1874239444732666,"executionTime":36.41939163208008,"totalTime":38.606815338134766,"V":2000,"E":799569}