{"maxFlow":3338,"minCut":[],"initializationTime":2.97324800491333,"executionTime":180.42137145996094,"totalTime":183.39462280273438,"V":2000,"E":1199520}