{"maxFlow":11039,"minCut":[],"initializationTime":24.746112823486328,"executionTime":230.35752868652344,"totalTime":255.10365295410156,"V":2000,"E":3998000}