{"maxFlow":7592,"minCut":[],"initializationTime":4.493311882019043,"executionTime":15185.140625,"totalTime":15189.634765625,"V":2000,"E":2799399}