{"maxFlow":8663,"minCut":[],"initializationTime":4.768671989440918,"executionTime":155.1042938232422,"totalTime":159.87295532226563,"V":2000,"E":3198629}