{"maxFlow":6611,"minCut":[],"initializationTime":4.235936164855957,"executionTime":14005.115234375,"totalTime":14009.3505859375,"V":2000,"E":2398327}