{"maxFlow":8663,"minCut":[],"initializationTime":4.706272125244141,"executionTime":16055.5634765625,"totalTime":16060.26953125,"V":2000,"E":3198629}