{"maxFlow":2243,"minCut":[],"initializationTime":2.2476160526275635,"executionTime":39.21644973754883,"totalTime":41.46406555175781,"V":2000,"E":799569}