{"maxFlow":9862,"minCut":[],"initializationTime":4.878943920135498,"executionTime":179.82765197753906,"totalTime":184.7065887451172,"V":2000,"E":3598521}