{"maxFlow":5592,"minCut":[],"initializationTime":49.18342590332031,"executionTime":253.79200744628906,"totalTime":302.9754333496094,"V":2000,"E":1998484}