{"maxFlow":4368,"minCut":[],"initializationTime":3.5555520057678223,"executionTime":497.6229553222656,"totalTime":501.1784973144531,"V":2000,"E":1598265}