{"maxFlow":4368,"minCut":[],"initializationTime":3.6570239067077637,"executionTime":226.6878662109375,"totalTime":230.3448944091797,"V":2000,"E":1598265}