{"maxFlow":8663,"minCut":[],"initializationTime":4.737023830413818,"executionTime":16042.6669921875,"totalTime":16047.404296875,"V":2000,"E":3198629}