{"maxFlow":2243,"minCut":[],"initializationTime":2.2078399658203125,"executionTime":5993.93603515625,"totalTime":5996.14404296875,"V":2000,"E":799569}