{"maxFlow":8663,"minCut":[],"initializationTime":4.823040008544922,"executionTime":159.00025939941406,"totalTime":163.82330322265625,"V":2000,"E":3198629}