{"maxFlow":1034,"minCut":[],"initializationTime":1.351199984550476,"executionTime":61.71356964111328,"totalTime":63.06476974487305,"V":2000,"E":399907}