{"maxFlow":5592,"minCut":[],"initializationTime":50.52537536621094,"executionTime":256.2538146972656,"totalTime":306.7792053222656,"V":2000,"E":1998484}