{"maxFlow":5592,"minCut":[],"initializationTime":4.348415851593018,"executionTime":204.22569274902344,"totalTime":208.57411193847656,"V":2000,"E":1998484}