{"maxFlow":11039,"minCut":[],"initializationTime":4.914463996887207,"executionTime":581.0341796875,"totalTime":585.9486694335938,"V":2000,"E":3998000}