{"maxFlow":5592,"minCut":[],"initializationTime":4.261472225189209,"executionTime":206.7955780029297,"totalTime":211.0570526123047,"V":2000,"E":1998484}