{"maxFlow":3338,"minCut":[],"initializationTime":2.987679958343506,"executionTime":386.1458740234375,"totalTime":389.1335754394531,"V":2000,"E":1199520}