{"maxFlow":3338,"minCut":[],"initializationTime":2.9531519412994385,"executionTime":392.5476989746094,"totalTime":395.5008544921875,"V":2000,"E":1199520}