{"maxFlow":2243,"minCut":[],"initializationTime":33.7775993347168,"executionTime":101.7991714477539,"totalTime":135.57676696777344,"V":2000,"E":799569}