{"maxFlow":7592,"minCut":[],"initializationTime":4.5033278465271,"executionTime":15168.8193359375,"totalTime":15173.322265625,"V":2000,"E":2799399}