{"maxFlow":6611,"minCut":[],"initializationTime":4.186528205871582,"executionTime":14009.8759765625,"totalTime":14014.0625,"V":2000,"E":2398327}