{"maxFlow":11039,"minCut":[],"initializationTime":4.887551784515381,"executionTime":609.1671142578125,"totalTime":614.0546264648438,"V":2000,"E":3998000}