{"maxFlow":1034,"minCut":[],"initializationTime":2.5907199382781982,"executionTime":63.746273040771484,"totalTime":66.33699035644531,"V":2000,"E":399907}