{"maxFlow":11039,"minCut":[],"initializationTime":5.086719989776611,"executionTime":226.23504638671875,"totalTime":231.32176208496094,"V":2000,"E":3998000}