{"maxFlow":4368,"minCut":[],"initializationTime":3.5612480640411377,"executionTime":482.9418640136719,"totalTime":486.50311279296875,"V":2000,"E":1598265}