{"maxFlow":9862,"minCut":[],"initializationTime":4.929599761962891,"executionTime":191.84246826171875,"totalTime":196.77206420898438,"V":2000,"E":3598521}