{"maxFlow":7592,"minCut":[],"initializationTime":4.526400089263916,"executionTime":15178.4541015625,"totalTime":15182.98046875,"V":2000,"E":2799399}