{"maxFlow":4368,"minCut":[],"initializationTime":3.6761279106140137,"executionTime":211.90086364746094,"totalTime":215.57699584960938,"V":2000,"E":1598265}