{"maxFlow":2243,"minCut":[],"initializationTime":34.35673522949219,"executionTime":104.66790771484375,"totalTime":139.02464294433594,"V":2000,"E":799569}