{"maxFlow":5592,"minCut":[],"initializationTime":49.09968185424805,"executionTime":253.9017333984375,"totalTime":303.00140380859375,"V":2000,"E":1998484}