{"maxFlow":8663,"minCut":[],"initializationTime":35.14799880981445,"executionTime":257.4400939941406,"totalTime":292.5881042480469,"V":2000,"E":3198629}