{"maxFlow":7592,"minCut":[],"initializationTime":4.487167835235596,"executionTime":15196.548828125,"totalTime":15201.0361328125,"V":2000,"E":2799399}