{"maxFlow":7592,"minCut":[],"initializationTime":4.630559921264648,"executionTime":15232.490234375,"totalTime":15237.1201171875,"V":2000,"E":2799399}