{"maxFlow":4368,"minCut":[],"initializationTime":3.5735039710998535,"executionTime":464.3966979980469,"totalTime":467.97021484375,"V":2000,"E":1598265}