{"maxFlow":5592,"minCut":[],"initializationTime":4.155392169952393,"executionTime":511.1382751464844,"totalTime":515.2936401367188,"V":2000,"E":1998484}