{"maxFlow":8663,"minCut":[],"initializationTime":35.09836959838867,"executionTime":216.52291870117188,"totalTime":251.62127685546875,"V":2000,"E":3198629}