{"maxFlow":3338,"minCut":[],"initializationTime":38.92995071411133,"executionTime":243.43087768554688,"totalTime":282.36083984375,"V":2000,"E":1199520}