{"maxFlow":3338,"minCut":[],"initializationTime":3.020512104034424,"executionTime":187.6287384033203,"totalTime":190.6492462158203,"V":2000,"E":1199520}