{"maxFlow":4368,"minCut":[],"initializationTime":3.5233919620513916,"executionTime":485.16656494140625,"totalTime":488.68994140625,"V":2000,"E":1598265}