{"maxFlow":9862,"minCut":[],"initializationTime":4.901120185852051,"executionTime":193.789794921875,"totalTime":198.69091796875,"V":2000,"E":3598521}