{"maxFlow":8663,"minCut":[],"initializationTime":4.811232089996338,"executionTime":16075.39453125,"totalTime":16080.205078125,"V":2000,"E":3198629}