{"maxFlow":5592,"minCut":[],"initializationTime":48.936737060546875,"executionTime":255.3462371826172,"totalTime":304.2829895019531,"V":2000,"E":1998484}