{"maxFlow":7592,"minCut":[],"initializationTime":4.540287971496582,"executionTime":139.9617919921875,"totalTime":144.5020751953125,"V":2000,"E":2799399}