{"maxFlow":2243,"minCut":[],"initializationTime":2.2647039890289307,"executionTime":5990.51220703125,"totalTime":5992.77685546875,"V":2000,"E":799569}