{"maxFlow":11039,"minCut":[],"initializationTime":4.931935787200928,"executionTime":231.4672393798828,"totalTime":236.399169921875,"V":2000,"E":3998000}