{"maxFlow":7592,"minCut":[],"initializationTime":40.26230239868164,"executionTime":202.28713989257813,"totalTime":242.5494384765625,"V":2000,"E":2799399}