{"maxFlow":4368,"minCut":[],"initializationTime":3.559328079223633,"executionTime":476.63665771484375,"totalTime":480.1960144042969,"V":2000,"E":1598265}