{"maxFlow":4368,"minCut":[],"initializationTime":44.6525764465332,"executionTime":251.45420837402344,"totalTime":296.1067810058594,"V":2000,"E":1598265}