{"maxFlow":11039,"minCut":[],"initializationTime":4.987520217895508,"executionTime":600.0917358398438,"totalTime":605.0792236328125,"V":2000,"E":3998000}