{"maxFlow":11039,"minCut":[],"initializationTime":5.002816200256348,"executionTime":614.1160278320313,"totalTime":619.1188354492188,"V":2000,"E":3998000}