{"maxFlow":9862,"minCut":[],"initializationTime":4.937344074249268,"executionTime":16568.236328125,"totalTime":16573.173828125,"V":2000,"E":3598521}