{"maxFlow":6611,"minCut":[],"initializationTime":4.206655979156494,"executionTime":138.0009307861328,"totalTime":142.20758056640625,"V":2000,"E":2398327}