{"maxFlow":8663,"minCut":[],"initializationTime":4.879327774047852,"executionTime":176.5261688232422,"totalTime":181.40550231933594,"V":2000,"E":3198629}