{"maxFlow":4368,"minCut":[],"initializationTime":45.44086456298828,"executionTime":251.2135009765625,"totalTime":296.65435791015625,"V":2000,"E":1598265}