{"maxFlow":11039,"minCut":[],"initializationTime":4.9585280418396,"executionTime":628.9730834960938,"totalTime":633.9315795898438,"V":2000,"E":3998000}