{"maxFlow":6611,"minCut":[],"initializationTime":4.259391784667969,"executionTime":138.7006378173828,"totalTime":142.9600372314453,"V":2000,"E":2398327}