{"maxFlow":2243,"minCut":[],"initializationTime":33.21807861328125,"executionTime":102.13712310791016,"totalTime":135.35519409179688,"V":2000,"E":799569}