{"maxFlow":5592,"minCut":[],"initializationTime":49.112510681152344,"executionTime":252.438720703125,"totalTime":301.5512390136719,"V":2000,"E":1998484}