{"maxFlow":1034,"minCut":[],"initializationTime":1.3864959478378296,"executionTime":128.34457397460938,"totalTime":129.7310791015625,"V":2000,"E":399907}