{"maxFlow":9862,"minCut":[],"initializationTime":4.868127822875977,"executionTime":192.372802734375,"totalTime":197.2409210205078,"V":2000,"E":3598521}