{"maxFlow":6611,"minCut":[],"initializationTime":4.218016147613525,"executionTime":13949.3701171875,"totalTime":13953.587890625,"V":2000,"E":2398327}