{"maxFlow":5592,"minCut":[],"initializationTime":4.220895767211914,"executionTime":200.71136474609375,"totalTime":204.9322509765625,"V":2000,"E":1998484}