{"maxFlow":3338,"minCut":[],"initializationTime":39.549312591552734,"executionTime":242.60850524902344,"totalTime":282.1578369140625,"V":2000,"E":1199520}