{"maxFlow":11039,"minCut":[],"initializationTime":4.901631832122803,"executionTime":264.8548889160156,"totalTime":269.7565002441406,"V":2000,"E":3998000}