{"maxFlow":4368,"minCut":[],"initializationTime":3.5466880798339844,"executionTime":228.355224609375,"totalTime":231.90191650390625,"V":2000,"E":1598265}