{"maxFlow":3338,"minCut":[],"initializationTime":39.36537551879883,"executionTime":244.5030975341797,"totalTime":283.86846923828125,"V":2000,"E":1199520}