{"maxFlow":4368,"minCut":[],"initializationTime":45.4648323059082,"executionTime":253.67747497558594,"totalTime":299.1423034667969,"V":2000,"E":1598265}