{"maxFlow":4368,"minCut":[],"initializationTime":3.547136068344116,"executionTime":472.3558044433594,"totalTime":475.9029541015625,"V":2000,"E":1598265}