{"maxFlow":2243,"minCut":[],"initializationTime":33.294559478759766,"executionTime":102.09852600097656,"totalTime":135.39308166503906,"V":2000,"E":799569}