{"maxFlow":7592,"minCut":[],"initializationTime":4.625760078430176,"executionTime":151.08828735351563,"totalTime":155.71405029296875,"V":2000,"E":2799399}