{"maxFlow":6611,"minCut":[],"initializationTime":4.239168167114258,"executionTime":135.63487243652344,"totalTime":139.87405395507813,"V":2000,"E":2398327}