{"maxFlow":1034,"minCut":[],"initializationTime":27.909631729125977,"executionTime":216.17724609375,"totalTime":244.08688354492188,"V":2000,"E":399907}