{"maxFlow":9862,"minCut":[],"initializationTime":4.892864227294922,"executionTime":16573.98046875,"totalTime":16578.873046875,"V":2000,"E":3598521}