{"maxFlow":2243,"minCut":[],"initializationTime":2.232032060623169,"executionTime":5985.48876953125,"totalTime":5987.72119140625,"V":2000,"E":799569}