{"maxFlow":2243,"minCut":[],"initializationTime":2.299743890762329,"executionTime":34.46211242675781,"totalTime":36.76185607910156,"V":2000,"E":799569}