{"maxFlow":8663,"minCut":[],"initializationTime":4.69814395904541,"executionTime":16025.6923828125,"totalTime":16030.390625,"V":2000,"E":3198629}