{"maxFlow":1034,"minCut":[],"initializationTime":28.214080810546875,"executionTime":213.7650604248047,"totalTime":241.97914123535156,"V":2000,"E":399907}