{"maxFlow":4368,"minCut":[],"initializationTime":46.212127685546875,"executionTime":252.5531463623047,"totalTime":298.7652893066406,"V":2000,"E":1598265}