{"maxFlow":7592,"minCut":[],"initializationTime":41.05891036987305,"executionTime":200.59539794921875,"totalTime":241.654296875,"V":2000,"E":2799399}