{"maxFlow":4368,"minCut":[],"initializationTime":45.31587219238281,"executionTime":252.7064666748047,"totalTime":298.0223388671875,"V":2000,"E":1598265}