{"maxFlow":9862,"minCut":[],"initializationTime":4.935776233673096,"executionTime":16583.912109375,"totalTime":16588.84765625,"V":2000,"E":3598521}