{"maxFlow":1034,"minCut":[],"initializationTime":29.05718421936035,"executionTime":215.04934692382813,"totalTime":244.1065216064453,"V":2000,"E":399907}