{"maxFlow":11039,"minCut":[],"initializationTime":24.869760513305664,"executionTime":289.1310729980469,"totalTime":314.0008239746094,"V":2000,"E":3998000}