{"maxFlow":6611,"minCut":[],"initializationTime":45.98761749267578,"executionTime":187.6901092529297,"totalTime":233.677734375,"V":2000,"E":2398327}