{"maxFlow":1034,"minCut":[],"initializationTime":2.1422080993652344,"executionTime":86.17206573486328,"totalTime":88.31427001953125,"V":2000,"E":399907}