{"maxFlow":6611,"minCut":[],"initializationTime":47.81574249267578,"executionTime":181.5431671142578,"totalTime":229.35891723632813,"V":2000,"E":2398327}