{"maxFlow":9862,"minCut":[],"initializationTime":4.8915839195251465,"executionTime":168.55715942382813,"totalTime":173.44873046875,"V":2000,"E":3598521}