{"maxFlow":1034,"minCut":[],"initializationTime":1.4287999868392944,"executionTime":61.982078552246094,"totalTime":63.41088104248047,"V":2000,"E":399907}