{"maxFlow":2243,"minCut":[],"initializationTime":2.2893760204315186,"executionTime":44.5926399230957,"totalTime":46.882015228271484,"V":2000,"E":799569}