{"maxFlow":7592,"minCut":[],"initializationTime":4.481023788452148,"executionTime":15186.361328125,"totalTime":15190.841796875,"V":2000,"E":2799399}