{"maxFlow":6611,"minCut":[],"initializationTime":4.161600112915039,"executionTime":14001.5166015625,"totalTime":14005.677734375,"V":2000,"E":2398327}