{"maxFlow":7592,"minCut":[],"initializationTime":4.61411190032959,"executionTime":146.4757080078125,"totalTime":151.08982849121094,"V":2000,"E":2799399}