{"maxFlow":7592,"minCut":[],"initializationTime":4.505504131317139,"executionTime":15204.724609375,"totalTime":15209.23046875,"V":2000,"E":2799399}