{"maxFlow":9862,"minCut":[],"initializationTime":29.843807220458984,"executionTime":234.7509765625,"totalTime":264.59478759765625,"V":2000,"E":3598521}