{"maxFlow":1034,"minCut":[],"initializationTime":2.140000104904175,"executionTime":63.16783905029297,"totalTime":65.3078384399414,"V":2000,"E":399907}