{"maxFlow":9862,"minCut":[],"initializationTime":29.82975959777832,"executionTime":232.18658447265625,"totalTime":262.016357421875,"V":2000,"E":3598521}