{"maxFlow":3338,"minCut":[],"initializationTime":2.9511680603027344,"executionTime":420.4700927734375,"totalTime":423.4212341308594,"V":2000,"E":1199520}