{"maxFlow":5592,"minCut":[],"initializationTime":49.12815856933594,"executionTime":255.3534698486328,"totalTime":304.48162841796875,"V":2000,"E":1998484}