{"maxFlow":1034,"minCut":[],"initializationTime":2.1150081157684326,"executionTime":129.7138214111328,"totalTime":131.82882690429688,"V":2000,"E":399907}