{"maxFlow":9862,"minCut":[],"initializationTime":29.726144790649414,"executionTime":235.57296752929688,"totalTime":265.2991027832031,"V":2000,"E":3598521}