{"maxFlow":6611,"minCut":[],"initializationTime":4.296800136566162,"executionTime":133.59190368652344,"totalTime":137.88870239257813,"V":2000,"E":2398327}