{"maxFlow":5592,"minCut":[],"initializationTime":4.2466559410095215,"executionTime":198.6249237060547,"totalTime":202.87158203125,"V":2000,"E":1998484}