{"maxFlow":8663,"minCut":[],"initializationTime":4.738656044006348,"executionTime":16088.36328125,"totalTime":16093.1015625,"V":2000,"E":3198629}