{"maxFlow":7592,"minCut":[],"initializationTime":4.612063884735107,"executionTime":140.99148559570313,"totalTime":145.60354614257813,"V":2000,"E":2799399}