{"maxFlow":6611,"minCut":[],"initializationTime":4.121664047241211,"executionTime":120.43315124511719,"totalTime":124.55481719970703,"V":2000,"E":2398327}