{"maxFlow":6611,"minCut":[],"initializationTime":45.94803237915039,"executionTime":188.79286193847656,"totalTime":234.7408905029297,"V":2000,"E":2398327}