{"maxFlow":5592,"minCut":[],"initializationTime":48.97740936279297,"executionTime":253.7861785888672,"totalTime":302.7635803222656,"V":2000,"E":1998484}