{"maxFlow":8663,"minCut":[],"initializationTime":4.7292160987854,"executionTime":216.07244873046875,"totalTime":220.80166625976563,"V":2000,"E":3198629}