{"maxFlow":3338,"minCut":[],"initializationTime":2.9595839977264404,"executionTime":412.04443359375,"totalTime":415.0040283203125,"V":2000,"E":1199520}