{"maxFlow":8663,"minCut":[],"initializationTime":4.730271816253662,"executionTime":164.88656616210938,"totalTime":169.61683654785156,"V":2000,"E":3198629}