{"maxFlow":11039,"minCut":[],"initializationTime":4.958240032196045,"executionTime":639.0653686523438,"totalTime":644.0236206054688,"V":2000,"E":3998000}