{"maxFlow":11039,"minCut":[],"initializationTime":5.009471893310547,"executionTime":264.7090759277344,"totalTime":269.71856689453125,"V":2000,"E":3998000}