{"maxFlow":8663,"minCut":[],"initializationTime":35.21353530883789,"executionTime":215.48623657226563,"totalTime":250.6997833251953,"V":2000,"E":3198629}