{"maxFlow":8663,"minCut":[],"initializationTime":4.736480236053467,"executionTime":152.25613403320313,"totalTime":156.99261474609375,"V":2000,"E":3198629}