{"maxFlow":2243,"minCut":[],"initializationTime":2.2400319576263428,"executionTime":38.49756622314453,"totalTime":40.73759841918945,"V":2000,"E":799569}