{"maxFlow":7592,"minCut":[],"initializationTime":40.25632095336914,"executionTime":203.7506561279297,"totalTime":244.00697326660156,"V":2000,"E":2799399}