{"maxFlow":8663,"minCut":[],"initializationTime":34.95596694946289,"executionTime":272.1996765136719,"totalTime":307.1556396484375,"V":2000,"E":3198629}