{"maxFlow":1034,"minCut":[],"initializationTime":1.3926719427108765,"executionTime":128.5470733642578,"totalTime":129.9397430419922,"V":2000,"E":399907}