{"maxFlow":9862,"minCut":[],"initializationTime":29.850400924682617,"executionTime":234.2097625732422,"totalTime":264.0601501464844,"V":2000,"E":3598521}