{"maxFlow":3338,"minCut":[],"initializationTime":2.9614078998565674,"executionTime":172.0617218017578,"totalTime":175.02313232421875,"V":2000,"E":1199520}