{"maxFlow":7592,"minCut":[],"initializationTime":40.20399856567383,"executionTime":201.5148468017578,"totalTime":241.71884155273438,"V":2000,"E":2799399}