{"maxFlow":4368,"minCut":[],"initializationTime":3.591871976852417,"executionTime":226.98739624023438,"totalTime":230.5792694091797,"V":2000,"E":1598265}