{"maxFlow":4368,"minCut":[],"initializationTime":3.5509440898895264,"executionTime":199.99571228027344,"totalTime":203.54666137695313,"V":2000,"E":1598265}