{"maxFlow":6611,"minCut":[],"initializationTime":4.145792007446289,"executionTime":14005.6552734375,"totalTime":14009.80078125,"V":2000,"E":2398327}