{"maxFlow":5592,"minCut":[],"initializationTime":4.253439903259277,"executionTime":198.35641479492188,"totalTime":202.60986328125,"V":2000,"E":1998484}