{"maxFlow":9862,"minCut":[],"initializationTime":29.772159576416016,"executionTime":234.1829071044922,"totalTime":263.955078125,"V":2000,"E":3598521}