{"maxFlow":4368,"minCut":[],"initializationTime":3.544991970062256,"executionTime":199.62582397460938,"totalTime":203.1708221435547,"V":2000,"E":1598265}