{"maxFlow":11039,"minCut":[],"initializationTime":24.80668830871582,"executionTime":228.83334350585938,"totalTime":253.64002990722656,"V":2000,"E":3998000}