{"maxFlow":11039,"minCut":[],"initializationTime":24.789215087890625,"executionTime":231.76425170898438,"totalTime":256.553466796875,"V":2000,"E":3998000}