{"maxFlow":11039,"minCut":[],"initializationTime":24.75948715209961,"executionTime":230.34095764160156,"totalTime":255.10044860839844,"V":2000,"E":3998000}