{"maxFlow":9862,"minCut":[],"initializationTime":29.908639907836914,"executionTime":234.13424682617188,"totalTime":264.0428771972656,"V":2000,"E":3598521}