{"maxFlow":5592,"minCut":[],"initializationTime":4.194272041320801,"executionTime":197.16152954101563,"totalTime":201.35580444335938,"V":2000,"E":1998484}