{"maxFlow":5592,"minCut":[],"initializationTime":4.170783996582031,"executionTime":506.7673645019531,"totalTime":510.9381408691406,"V":2000,"E":1998484}