{"maxFlow":6611,"minCut":[],"initializationTime":46.332542419433594,"executionTime":187.05661010742188,"totalTime":233.38914489746094,"V":2000,"E":2398327}