{"maxFlow":6611,"minCut":[],"initializationTime":4.232895851135254,"executionTime":13998.7470703125,"totalTime":14002.9794921875,"V":2000,"E":2398327}