{"maxFlow":4368,"minCut":[],"initializationTime":45.43587112426758,"executionTime":254.720703125,"totalTime":300.1565856933594,"V":2000,"E":1598265}