{"maxFlow":11039,"minCut":[],"initializationTime":4.941919803619385,"executionTime":228.55043029785156,"totalTime":233.4923553466797,"V":2000,"E":3998000}