{"maxFlow":8663,"minCut":[],"initializationTime":35.149375915527344,"executionTime":216.13267517089844,"totalTime":251.28204345703125,"V":2000,"E":3198629}