{"maxFlow":3338,"minCut":[],"initializationTime":2.9734079837799072,"executionTime":187.55209350585938,"totalTime":190.52549743652344,"V":2000,"E":1199520}