{"maxFlow":5592,"minCut":[],"initializationTime":4.304096221923828,"executionTime":202.35916137695313,"totalTime":206.66326904296875,"V":2000,"E":1998484}