{"maxFlow":8663,"minCut":[],"initializationTime":35.189823150634766,"executionTime":215.49929809570313,"totalTime":250.68911743164063,"V":2000,"E":3198629}