{"maxFlow":3338,"minCut":[],"initializationTime":2.9567999839782715,"executionTime":187.79904174804688,"totalTime":190.75584411621094,"V":2000,"E":1199520}