{"maxFlow":3338,"minCut":[],"initializationTime":3.0189120769500732,"executionTime":187.74163818359375,"totalTime":190.7605438232422,"V":2000,"E":1199520}