{"maxFlow":9862,"minCut":[],"initializationTime":4.8968000411987305,"executionTime":16601.4140625,"totalTime":16606.310546875,"V":2000,"E":3598521}