{"maxFlow":6611,"minCut":[],"initializationTime":46.1563835144043,"executionTime":187.83544921875,"totalTime":233.99183654785156,"V":2000,"E":2398327}