{"maxFlow":4368,"minCut":[],"initializationTime":3.550431966781616,"executionTime":501.3387451171875,"totalTime":504.8891906738281,"V":2000,"E":1598265}