{"maxFlow":6611,"minCut":[],"initializationTime":4.174111843109131,"executionTime":13985.3154296875,"totalTime":13989.4892578125,"V":2000,"E":2398327}