{"maxFlow":3338,"minCut":[],"initializationTime":39.53785705566406,"executionTime":245.0655975341797,"totalTime":284.60345458984375,"V":2000,"E":1199520}