{"maxFlow":9862,"minCut":[],"initializationTime":5.018527984619141,"executionTime":172.46243286132813,"totalTime":177.48095703125,"V":2000,"E":3598521}