{"maxFlow":8663,"minCut":[],"initializationTime":4.741151809692383,"executionTime":16054.8330078125,"totalTime":16059.57421875,"V":2000,"E":3198629}