{"maxFlow":3338,"minCut":[],"initializationTime":2.932703971862793,"executionTime":187.363037109375,"totalTime":190.29574584960938,"V":2000,"E":1199520}