{"maxFlow":3338,"minCut":[],"initializationTime":2.9594879150390625,"executionTime":415.9320983886719,"totalTime":418.8915710449219,"V":2000,"E":1199520}