{"maxFlow":1034,"minCut":[],"initializationTime":28.562271118164063,"executionTime":214.34841918945313,"totalTime":242.9106903076172,"V":2000,"E":399907}