{"maxFlow":6611,"minCut":[],"initializationTime":4.16153621673584,"executionTime":124.8556137084961,"totalTime":129.01715087890625,"V":2000,"E":2398327}