{"maxFlow":7592,"minCut":[],"initializationTime":35.19392013549805,"executionTime":193.18182373046875,"totalTime":228.37574768066406,"V":2000,"E":2799399}