{"maxFlow":3338,"minCut":[],"initializationTime":2.93123197555542,"executionTime":387.2919921875,"totalTime":390.2232360839844,"V":2000,"E":1199520}