{"maxFlow":3338,"minCut":[],"initializationTime":38.66329574584961,"executionTime":244.6532745361328,"totalTime":283.31658935546875,"V":2000,"E":1199520}