{"maxFlow":8663,"minCut":[],"initializationTime":4.872191905975342,"executionTime":179.742431640625,"totalTime":184.6146240234375,"V":2000,"E":3198629}