{"maxFlow":6611,"minCut":[],"initializationTime":4.1671037673950195,"executionTime":13987.0673828125,"totalTime":13991.234375,"V":2000,"E":2398327}