{"maxFlow":6611,"minCut":[],"initializationTime":4.167679786682129,"executionTime":14013.353515625,"totalTime":14017.521484375,"V":2000,"E":2398327}