{"maxFlow":9862,"minCut":[],"initializationTime":30.05401611328125,"executionTime":235.7821502685547,"totalTime":265.8361511230469,"V":2000,"E":3598521}