{"maxFlow":3338,"minCut":[],"initializationTime":2.948575973510742,"executionTime":416.4397888183594,"totalTime":419.38836669921875,"V":2000,"E":1199520}