{"maxFlow":11039,"minCut":[],"initializationTime":25.003551483154297,"executionTime":288.29296875,"totalTime":313.2965087890625,"V":2000,"E":3998000}