{"maxFlow":3338,"minCut":[],"initializationTime":39.131103515625,"executionTime":242.90415954589844,"totalTime":282.0352783203125,"V":2000,"E":1199520}