{"maxFlow":2243,"minCut":[],"initializationTime":2.2181758880615234,"executionTime":5986.56591796875,"totalTime":5988.7841796875,"V":2000,"E":799569}