{"maxFlow":2243,"minCut":[],"initializationTime":2.2179200649261475,"executionTime":5989.58154296875,"totalTime":5991.79931640625,"V":2000,"E":799569}