{"maxFlow":9862,"minCut":[],"initializationTime":4.890336036682129,"executionTime":168.31753540039063,"totalTime":173.20787048339844,"V":2000,"E":3598521}