{"maxFlow":1034,"minCut":[],"initializationTime":2.1810879707336426,"executionTime":63.2823371887207,"totalTime":65.46342468261719,"V":2000,"E":399907}