{"maxFlow":8663,"minCut":[],"initializationTime":4.716991901397705,"executionTime":16062.8212890625,"totalTime":16067.5380859375,"V":2000,"E":3198629}