{"maxFlow":6611,"minCut":[],"initializationTime":4.17683219909668,"executionTime":128.38327026367188,"totalTime":132.56008911132813,"V":2000,"E":2398327}