{"maxFlow":3338,"minCut":[],"initializationTime":2.9430720806121826,"executionTime":188.24073791503906,"totalTime":191.18380737304688,"V":2000,"E":1199520}