{"maxFlow":1034,"minCut":[],"initializationTime":1.4380160570144653,"executionTime":61.46192169189453,"totalTime":62.89993667602539,"V":2000,"E":399907}