{"maxFlow":5592,"minCut":[],"initializationTime":4.235392093658447,"executionTime":187.11993408203125,"totalTime":191.35533142089844,"V":2000,"E":1998484}