{"maxFlow":5592,"minCut":[],"initializationTime":4.17196798324585,"executionTime":525.7659912109375,"totalTime":529.9379272460938,"V":2000,"E":1998484}