{"maxFlow":6611,"minCut":[],"initializationTime":4.135231971740723,"executionTime":132.4220733642578,"totalTime":136.55731201171875,"V":2000,"E":2398327}