{"maxFlow":6611,"minCut":[],"initializationTime":4.253727912902832,"executionTime":154.5998077392578,"totalTime":158.85353088378906,"V":2000,"E":2398327}