{"maxFlow":3338,"minCut":[],"initializationTime":3.0303680896759033,"executionTime":187.7870330810547,"totalTime":190.81741333007813,"V":2000,"E":1199520}