{"maxFlow":6611,"minCut":[],"initializationTime":4.169824123382568,"executionTime":14042.01953125,"totalTime":14046.189453125,"V":2000,"E":2398327}