{"maxFlow":1034,"minCut":[],"initializationTime":2.080735921859741,"executionTime":129.65283203125,"totalTime":131.7335662841797,"V":2000,"E":399907}