{"maxFlow":8663,"minCut":[],"initializationTime":4.8621439933776855,"executionTime":182.31097412109375,"totalTime":187.17312622070313,"V":2000,"E":3198629}