{"maxFlow":7592,"minCut":[],"initializationTime":40.22524642944336,"executionTime":254.1376953125,"totalTime":294.3629455566406,"V":2000,"E":2799399}