{"maxFlow":6611,"minCut":[],"initializationTime":4.23529577255249,"executionTime":128.80018615722656,"totalTime":133.03549194335938,"V":2000,"E":2398327}