{"maxFlow":7592,"minCut":[],"initializationTime":40.00230407714844,"executionTime":201.3883819580078,"totalTime":241.39068603515625,"V":2000,"E":2799399}