{"maxFlow":2243,"minCut":[],"initializationTime":33.67180633544922,"executionTime":102.84054565429688,"totalTime":136.51235961914063,"V":2000,"E":799569}