{"maxFlow":4368,"minCut":[],"initializationTime":3.5814719200134277,"executionTime":227.679931640625,"totalTime":231.26141357421875,"V":2000,"E":1598265}