{"maxFlow":5592,"minCut":[],"initializationTime":48.928321838378906,"executionTime":252.41139221191406,"totalTime":301.3397216796875,"V":2000,"E":1998484}