{"maxFlow":5592,"minCut":[],"initializationTime":4.1490559577941895,"executionTime":208.01580810546875,"totalTime":212.1648712158203,"V":2000,"E":1998484}