{"maxFlow":7592,"minCut":[],"initializationTime":40.532833099365234,"executionTime":201.40357971191406,"totalTime":241.93641662597656,"V":2000,"E":2799399}