{"maxFlow":9862,"minCut":[],"initializationTime":29.715360641479492,"executionTime":235.52490234375,"totalTime":265.2402648925781,"V":2000,"E":3598521}