{"maxFlow":6611,"minCut":[],"initializationTime":45.7743034362793,"executionTime":189.49221801757813,"totalTime":235.2665252685547,"V":2000,"E":2398327}