{"maxFlow":8663,"minCut":[],"initializationTime":4.762911796569824,"executionTime":16030.9931640625,"totalTime":16035.7568359375,"V":2000,"E":3198629}