{"maxFlow":4368,"minCut":[],"initializationTime":46.307838439941406,"executionTime":255.08531188964844,"totalTime":301.3931579589844,"V":2000,"E":1598265}