{"maxFlow":6611,"minCut":[],"initializationTime":45.968448638916016,"executionTime":187.19180297851563,"totalTime":233.16026306152344,"V":2000,"E":2398327}