{"maxFlow":7592,"minCut":[],"initializationTime":4.5419840812683105,"executionTime":15203.142578125,"totalTime":15207.6845703125,"V":2000,"E":2799399}