{"maxFlow":4368,"minCut":[],"initializationTime":3.6495039463043213,"executionTime":207.9691162109375,"totalTime":211.61862182617188,"V":2000,"E":1598265}