{"maxFlow":9862,"minCut":[],"initializationTime":5.013599872589111,"executionTime":191.1044464111328,"totalTime":196.1180419921875,"V":2000,"E":3598521}