{"maxFlow":11039,"minCut":[],"initializationTime":5.0893120765686035,"executionTime":227.4700164794922,"totalTime":232.559326171875,"V":2000,"E":3998000}