{"maxFlow":7592,"minCut":[],"initializationTime":4.518335819244385,"executionTime":145.07254028320313,"totalTime":149.59088134765625,"V":2000,"E":2799399}