{"maxFlow":2243,"minCut":[],"initializationTime":2.2855679988861084,"executionTime":42.55916976928711,"totalTime":44.84473419189453,"V":2000,"E":799569}