{"maxFlow":1034,"minCut":[],"initializationTime":2.5354559421539307,"executionTime":129.54774475097656,"totalTime":132.0832061767578,"V":2000,"E":399907}