{"maxFlow":5592,"minCut":[],"initializationTime":4.293759822845459,"executionTime":526.2069091796875,"totalTime":530.5006713867188,"V":2000,"E":1998484}