{"maxFlow":3338,"minCut":[],"initializationTime":2.957535982131958,"executionTime":382.4895324707031,"totalTime":385.44708251953125,"V":2000,"E":1199520}