{"maxFlow":2243,"minCut":[],"initializationTime":2.216320037841797,"executionTime":53.35808181762695,"totalTime":55.57440185546875,"V":2000,"E":799569}