{"maxFlow":9862,"minCut":[],"initializationTime":29.876415252685547,"executionTime":234.158203125,"totalTime":264.0346374511719,"V":2000,"E":3598521}