{"maxFlow":2243,"minCut":[],"initializationTime":33.95817565917969,"executionTime":103.03488159179688,"totalTime":136.99305725097656,"V":2000,"E":799569}