{"maxFlow":7592,"minCut":[],"initializationTime":4.613823890686035,"executionTime":156.09567260742188,"totalTime":160.70950317382813,"V":2000,"E":2799399}