{"maxFlow":1034,"minCut":[],"initializationTime":27.582368850708008,"executionTime":269.91070556640625,"totalTime":297.49310302734375,"V":2000,"E":399907}