{"maxFlow":5592,"minCut":[],"initializationTime":4.135392189025879,"executionTime":533.9951171875,"totalTime":538.1304931640625,"V":2000,"E":1998484}