{"maxFlow":1034,"minCut":[],"initializationTime":28.314912796020508,"executionTime":216.31312561035156,"totalTime":244.62803649902344,"V":2000,"E":399907}