{"maxFlow":11039,"minCut":[],"initializationTime":24.72585678100586,"executionTime":231.9153289794922,"totalTime":256.64117431640625,"V":2000,"E":3998000}