{"maxFlow":9862,"minCut":[],"initializationTime":29.955488204956055,"executionTime":235.74351501464844,"totalTime":265.6990051269531,"V":2000,"E":3598521}