{"maxFlow":1034,"minCut":[],"initializationTime":2.170880079269409,"executionTime":129.0397491455078,"totalTime":131.2106170654297,"V":2000,"E":399907}