{"maxFlow":8663,"minCut":[],"initializationTime":35.00406265258789,"executionTime":215.76953125,"totalTime":250.7736053466797,"V":2000,"E":3198629}