{"maxFlow":4368,"minCut":[],"initializationTime":45.418880462646484,"executionTime":252.5918426513672,"totalTime":298.0107116699219,"V":2000,"E":1598265}