{"maxFlow":9862,"minCut":[],"initializationTime":4.9008002281188965,"executionTime":16551.8359375,"totalTime":16556.736328125,"V":2000,"E":3598521}