{"maxFlow":8663,"minCut":[],"initializationTime":35.035648345947266,"executionTime":279.575927734375,"totalTime":314.611572265625,"V":2000,"E":3198629}