{"maxFlow":2243,"minCut":[],"initializationTime":2.203648090362549,"executionTime":5989.39111328125,"totalTime":5991.5947265625,"V":2000,"E":799569}