{"maxFlow":1034,"minCut":[],"initializationTime":1.3783040046691895,"executionTime":127.77430725097656,"totalTime":129.15260314941406,"V":2000,"E":399907}