{"maxFlow":1034,"minCut":[],"initializationTime":2.623039960861206,"executionTime":65.80073547363281,"totalTime":68.42377471923828,"V":2000,"E":399907}