{"maxFlow":2243,"minCut":[],"initializationTime":34.107872009277344,"executionTime":101.77705383300781,"totalTime":135.8849334716797,"V":2000,"E":799569}