{"maxFlow":11039,"minCut":[],"initializationTime":4.949408054351807,"executionTime":625.7955322265625,"totalTime":630.7449340820313,"V":2000,"E":3998000}