{"maxFlow":6611,"minCut":[],"initializationTime":46.16543960571289,"executionTime":188.40725708007813,"totalTime":234.5727081298828,"V":2000,"E":2398327}