{"maxFlow":1034,"minCut":[],"initializationTime":2.151871919631958,"executionTime":163.69212341308594,"totalTime":165.843994140625,"V":2000,"E":399907}