{"maxFlow":8663,"minCut":[],"initializationTime":4.769696235656738,"executionTime":16035.193359375,"totalTime":16039.9638671875,"V":2000,"E":3198629}