{"maxFlow":11039,"minCut":[],"initializationTime":24.87945556640625,"executionTime":231.9872589111328,"totalTime":256.8667297363281,"V":2000,"E":3998000}