{"maxFlow":5592,"minCut":[],"initializationTime":48.77542495727539,"executionTime":255.1748809814453,"totalTime":303.9503173828125,"V":2000,"E":1998484}