{"maxFlow":5592,"minCut":[],"initializationTime":4.30947208404541,"executionTime":506.7264404296875,"totalTime":511.0359191894531,"V":2000,"E":1998484}