{"maxFlow":11039,"minCut":[],"initializationTime":4.899295806884766,"executionTime":272.77362060546875,"totalTime":277.6729431152344,"V":2000,"E":3998000}