{"maxFlow":5592,"minCut":[],"initializationTime":4.130559921264648,"executionTime":515.6522827148438,"totalTime":519.7828369140625,"V":2000,"E":1998484}