{"maxFlow":1034,"minCut":[],"initializationTime":27.917728424072266,"executionTime":216.80551147460938,"totalTime":244.72323608398438,"V":2000,"E":399907}