{"maxFlow":11039,"minCut":[],"initializationTime":24.874656677246094,"executionTime":230.561767578125,"totalTime":255.43641662597656,"V":2000,"E":3998000}