{"maxFlow":5592,"minCut":[],"initializationTime":4.167871952056885,"executionTime":529.4842529296875,"totalTime":533.652099609375,"V":2000,"E":1998484}