{"maxFlow":11039,"minCut":[],"initializationTime":4.987232208251953,"executionTime":247.91903686523438,"totalTime":252.90626525878906,"V":2000,"E":3998000}