{"maxFlow":1034,"minCut":[],"initializationTime":2.346400022506714,"executionTime":129.0999298095703,"totalTime":131.4463348388672,"V":2000,"E":399907}