{"maxFlow":5592,"minCut":[],"initializationTime":4.188159942626953,"executionTime":535.1715698242188,"totalTime":539.3597412109375,"V":2000,"E":1998484}