{"maxFlow":11039,"minCut":[],"initializationTime":5.099520206451416,"executionTime":235.13331604003906,"totalTime":240.2328338623047,"V":2000,"E":3998000}