{"maxFlow":1034,"minCut":[],"initializationTime":28.140480041503906,"executionTime":215.03208923339844,"totalTime":243.17257690429688,"V":2000,"E":399907}