{"maxFlow":5592,"minCut":[],"initializationTime":4.200352191925049,"executionTime":511.0620422363281,"totalTime":515.2623901367188,"V":2000,"E":1998484}