{"maxFlow":1034,"minCut":[],"initializationTime":2.1489601135253906,"executionTime":129.2505340576172,"totalTime":131.3994903564453,"V":2000,"E":399907}