{"maxFlow":8663,"minCut":[],"initializationTime":30.023296356201172,"executionTime":208.0985565185547,"totalTime":238.12185668945313,"V":2000,"E":3198629}