{"maxFlow":7592,"minCut":[],"initializationTime":4.460383892059326,"executionTime":146.7974090576172,"totalTime":151.25779724121094,"V":2000,"E":2799399}