{"maxFlow":4368,"minCut":[],"initializationTime":3.651968002319336,"executionTime":207.2076416015625,"totalTime":210.859619140625,"V":2000,"E":1598265}