{"maxFlow":8663,"minCut":[],"initializationTime":4.8836798667907715,"executionTime":16060.5703125,"totalTime":16065.453125,"V":2000,"E":3198629}