{"maxFlow":2243,"minCut":[],"initializationTime":2.2352960109710693,"executionTime":5993.13232421875,"totalTime":5995.3671875,"V":2000,"E":799569}