{"maxFlow":3338,"minCut":[],"initializationTime":2.94486403465271,"executionTime":384.3729553222656,"totalTime":387.31781005859375,"V":2000,"E":1199520}