{"maxFlow":2243,"minCut":[],"initializationTime":2.230272054672241,"executionTime":35.584800720214844,"totalTime":37.81507110595703,"V":2000,"E":799569}