{"maxFlow":4368,"minCut":[],"initializationTime":3.5452160835266113,"executionTime":227.42320251464844,"totalTime":230.96841430664063,"V":2000,"E":1598265}