{"maxFlow":2243,"minCut":[],"initializationTime":2.21612811088562,"executionTime":34.011390686035156,"totalTime":36.22751998901367,"V":2000,"E":799569}