{"maxFlow":5592,"minCut":[],"initializationTime":4.28495979309082,"executionTime":206.930908203125,"totalTime":211.2158660888672,"V":2000,"E":1998484}