{"maxFlow":3338,"minCut":[],"initializationTime":39.400062561035156,"executionTime":244.3621826171875,"totalTime":283.7622375488281,"V":2000,"E":1199520}