{"maxFlow":3338,"minCut":[],"initializationTime":3.1749439239501953,"executionTime":187.50985717773438,"totalTime":190.68479919433594,"V":2000,"E":1199520}