{"maxFlow":2243,"minCut":[],"initializationTime":33.85087966918945,"executionTime":102.91785430908203,"totalTime":136.76873779296875,"V":2000,"E":799569}