{"maxFlow":7592,"minCut":[],"initializationTime":4.473855972290039,"executionTime":145.4783935546875,"totalTime":149.95225524902344,"V":2000,"E":2799399}