{"maxFlow":3338,"minCut":[],"initializationTime":39.39539337158203,"executionTime":243.4141387939453,"totalTime":282.8095397949219,"V":2000,"E":1199520}