{"maxFlow":9862,"minCut":[],"initializationTime":5.044064044952393,"executionTime":181.41232299804688,"totalTime":186.45639038085938,"V":2000,"E":3598521}