{"maxFlow":9862,"minCut":[],"initializationTime":4.9633917808532715,"executionTime":16546.1875,"totalTime":16551.150390625,"V":2000,"E":3598521}