{"maxFlow":4368,"minCut":[],"initializationTime":45.46806335449219,"executionTime":253.911865234375,"totalTime":299.37994384765625,"V":2000,"E":1598265}