{"maxFlow":11039,"minCut":[],"initializationTime":4.964384078979492,"executionTime":606.6226196289063,"totalTime":611.5869750976563,"V":2000,"E":3998000}