{"maxFlow":9862,"minCut":[],"initializationTime":5.064703941345215,"executionTime":195.72396850585938,"totalTime":200.78866577148438,"V":2000,"E":3598521}