{"maxFlow":1034,"minCut":[],"initializationTime":1.3583359718322754,"executionTime":66.0156478881836,"totalTime":67.37398529052734,"V":2000,"E":399907}