{"maxFlow":1034,"minCut":[],"initializationTime":1.3620480298995972,"executionTime":61.700862884521484,"totalTime":63.06291198730469,"V":2000,"E":399907}