{"maxFlow":3338,"minCut":[],"initializationTime":39.62940979003906,"executionTime":241.58717346191406,"totalTime":281.2165832519531,"V":2000,"E":1199520}