{"maxFlow":2243,"minCut":[],"initializationTime":34.03443145751953,"executionTime":101.8416976928711,"totalTime":135.87612915039063,"V":2000,"E":799569}