{"maxFlow":4368,"minCut":[],"initializationTime":45.21583938598633,"executionTime":252.59593200683594,"totalTime":297.811767578125,"V":2000,"E":1598265}