{"maxFlow":2243,"minCut":[],"initializationTime":2.205888032913208,"executionTime":5974.39794921875,"totalTime":5976.603515625,"V":2000,"E":799569}