{"maxFlow":2243,"minCut":[],"initializationTime":33.19715118408203,"executionTime":102.00672149658203,"totalTime":135.20387268066406,"V":2000,"E":799569}