{"maxFlow":8663,"minCut":[],"initializationTime":4.857888221740723,"executionTime":170.3775634765625,"totalTime":175.23545837402344,"V":2000,"E":3198629}