{"maxFlow":7592,"minCut":[],"initializationTime":4.4929280281066895,"executionTime":15185.341796875,"totalTime":15189.8349609375,"V":2000,"E":2799399}