{"maxFlow":2243,"minCut":[],"initializationTime":2.227423906326294,"executionTime":5987.36376953125,"totalTime":5989.59130859375,"V":2000,"E":799569}