{"maxFlow":7592,"minCut":[],"initializationTime":4.667391777038574,"executionTime":139.00035095214844,"totalTime":143.66773986816406,"V":2000,"E":2799399}