{"maxFlow":6611,"minCut":[],"initializationTime":45.83638381958008,"executionTime":187.72991943359375,"totalTime":233.56629943847656,"V":2000,"E":2398327}