{"maxFlow":9862,"minCut":[],"initializationTime":4.921696186065674,"executionTime":16638.263671875,"totalTime":16643.185546875,"V":2000,"E":3598521}