{"maxFlow":6611,"minCut":[],"initializationTime":46.09183883666992,"executionTime":188.96546936035156,"totalTime":235.05731201171875,"V":2000,"E":2398327}