{"maxFlow":1034,"minCut":[],"initializationTime":28.10438346862793,"executionTime":216.4561309814453,"totalTime":244.56051635742188,"V":2000,"E":399907}