{"maxFlow":4368,"minCut":[],"initializationTime":3.5727360248565674,"executionTime":501.0311584472656,"totalTime":504.6039123535156,"V":2000,"E":1598265}