{"maxFlow":7592,"minCut":[],"initializationTime":40.22969436645508,"executionTime":204.18777465820313,"totalTime":244.41746520996094,"V":2000,"E":2799399}