{"maxFlow":2243,"minCut":[],"initializationTime":2.3081600666046143,"executionTime":34.7105598449707,"totalTime":37.01871871948242,"V":2000,"E":799569}