{"maxFlow":11039,"minCut":[],"initializationTime":24.809280395507813,"executionTime":231.938232421875,"totalTime":256.7475280761719,"V":2000,"E":3998000}