{"maxFlow":1034,"minCut":[],"initializationTime":27.981792449951172,"executionTime":215.09388732910156,"totalTime":243.07568359375,"V":2000,"E":399907}