{"maxFlow":533,"minCut":[],"initializationTime":0.827072024345398,"executionTime":27.485599517822266,"totalTime":28.312671661376953,"V":1000,"E":94591}