{"maxFlow":6,"minCut":[3],"initializationTime":0.12156800180673599,"executionTime":0.29683199524879456,"totalTime":0.41839998960494995,"V":4,"E":5}