{"maxFlow":3189,"minCut":[],"initializationTime":11.74892807006836,"executionTime":78.82915496826172,"totalTime":90.57807922363281,"V":1000,"E":599592}