{"maxFlow":11,"minCut":[5,3],"initializationTime":0.15779200196266174,"executionTime":0.317984014749527,"totalTime":0.47577598690986633}