{"maxFlow":6,"minCut":[3],"initializationTime":0.15174399316310883,"executionTime":1.6640640497207642,"totalTime":1.8158080577850342,"V":4,"E":5}