{"maxFlow":149,"minCut":[29999],"initializationTime":3.27209,"executionTime":296.55148,"totalTime":299.823571}