{"maxFlow":5288,"minCut":[],"initializationTime":1.6650240421295166,"executionTime":102.95552062988281,"totalTime":104.62054443359375,"V":1000,"E":499500}