{"maxFlow":5463,"minCut":[],"initializationTime":553.7057495117188,"executionTime":5189.58935546875,"totalTime":5743.294921875,"V":10000,"E":9999757}