{"maxFlow":39,"minCut":[999],"initializationTime":0.463502,"executionTime":0.046156,"totalTime":0.5096580000000001}