{"maxFlow":76,"minCut":[9999],"initializationTime":0.735283,"executionTime":12.945737,"totalTime":13.68102}