{"maxFlow":149,"minCut":[29999],"initializationTime":3.19498,"executionTime":276.336534,"totalTime":279.531515}