{"maxFlow":3554,"minCut":[],"initializationTime":1.5950080156326294,"executionTime":125.48009490966797,"totalTime":127.07510375976563,"V":1000,"E":454319}