{"maxFlow":149,"minCut":[29999],"initializationTime":3.918355,"executionTime":477.537751,"totalTime":481.456107}