{"maxFlow":84,"minCut":[19999],"initializationTime":1.655053,"executionTime":65.970757,"totalTime":67.62581}