{"maxFlow":2705,"minCut":[],"initializationTime":1.3844799995422363,"executionTime":109.5096664428711,"totalTime":110.8941421508789,"V":1000,"E":374544}