{"maxFlow":76,"minCut":[9999],"initializationTime":515.5833129882813,"executionTime":4285.16455078125,"totalTime":4800.74755859375}