{"maxFlow":6,"minCut":[3],"initializationTime":0.1085439994931221,"executionTime":1.2801920175552368,"totalTime":1.3887360095977783}