{"maxFlow":6,"minCut":[3],"initializationTime":0.15360000729560852,"executionTime":2.0824320316314697,"totalTime":2.236032009124756,"V":4,"E":5}