{"maxFlow":84,"minCut":[19999],"initializationTime":1894.240234375,"executionTime":18866.84375,"totalTime":20761.083984375}