{"maxFlow":149,"minCut":[29999],"initializationTime":3.428245,"executionTime":596.338375,"totalTime":599.76662}