{"maxFlow":39,"minCut":[999],"initializationTime":0.17270399630069733,"executionTime":8.571359634399414,"totalTime":8.744064331054688}