{"maxFlow":68,"minCut":[99,58,85,25,27,46,53,59,63,75,80,94,3,17,23,26,28,81,95,5,33,57,71,78,7,8,18,36,52,69,73,76,98,39,40,67,11,42,47,79,84,86,2,10,31,50,72,91,93,4,22,38,45,60,66,70,29,48,49,68,88,34,61,9,19,20,51,56,82,6,32,54,55,62,64,87,77,90,13,35,1,12,43,89,30,16,96,24,74,15,14,21,44,65,41,92,37,97,83],"initializationTime":0.11264000087976456,"executionTime":1.333888053894043,"totalTime":1.4465279579162598}