{"maxFlow":149,"minCut":[29999],"initializationTime":2.918254,"executionTime":242.808938,"totalTime":245.727192}