{"maxFlow":2121,"minCut":[],"initializationTime":1.2501440048217773,"executionTime":97.94131469726563,"totalTime":99.19145965576172,"V":1000,"E":319401}