{"maxFlow":1460,"minCut":[],"initializationTime":1.938655972480774,"executionTime":81.6937255859375,"totalTime":83.63238525390625,"V":1000,"E":254873}