{"maxFlow":39,"minCut":[999],"initializationTime":6.115071773529053,"executionTime":50.14729690551758,"totalTime":56.262367248535156}