{"maxFlow":149,"minCut":[29999],"initializationTime":1.4290239810943604,"executionTime":199.28871154785156,"totalTime":200.7177276611328}