{"maxFlow":68,"minCut":[99,58,81,85,25,27,46,53,63,75,80,94,30,38,91,3,17,23,26,95,5,28,33,57,71,78,7,8,18,36,52,69,73,76,89,98,39,40,67,11,42,47,79,84,86,10,22,45,60,66,70,29,48,49,68,88,4,34,61,9,19,20,51,56,82,21,31,41,83,16,24,59,6,32,54,55,62,87,72,77,90,13,35,44,96,1,12,43,74,93,64,15,14,65,92,50,97,37,2],"initializationTime":0.1287360042333603,"executionTime":1.3963520526885986,"totalTime":1.5250879526138306}