{"maxFlow":1045,"minCut":[],"initializationTime":8.487872123718262,"executionTime":70.0535659790039,"totalTime":78.54144287109375,"V":1000,"E":199816}