{"maxFlow":11,"minCut":[5,3],"initializationTime":0.6331520080566406,"executionTime":4.984960079193115,"totalTime":5.618112087249756}