{"maxFlow":11,"minCut":[5,3],"initializationTime":0.11004800349473953,"executionTime":1.9193600416183472,"totalTime":2.0294079780578613}