{"maxFlow":4232,"minCut":[],"initializationTime":1.6182719469070435,"executionTime":123.79545593261719,"totalTime":125.41372680664063,"V":1000,"E":479336}