{"maxFlow":6,"minCut":[3],"initializationTime":0.1085439994931221,"executionTime":2.1270079612731934,"totalTime":2.2355520725250244}