{"maxFlow":149,"minCut":[29999],"initializationTime":1.9639040231704712,"executionTime":201.65184020996094,"totalTime":203.61573791503906,"V":30000,"E":309252}