{"maxFlow":39,"minCut":[999],"initializationTime":0.16835199296474457,"executionTime":8.61961555480957,"totalTime":8.787967681884766,"V":1000,"E":6963}