{"maxFlow":84,"minCut":[19999],"initializationTime":1.49026,"executionTime":79.878027,"totalTime":81.368288}