{"maxFlow":3554,"minCut":[],"initializationTime":1.5759680271148682,"executionTime":126.40140533447266,"totalTime":127.97737884521484,"V":1000,"E":454319}