{"maxFlow":6,"minCut":[3],"initializationTime":0.12492799758911133,"executionTime":0.3110719919204712,"totalTime":0.4359999895095825}