{"maxFlow":68,"minCut":[99,58,81,27,46,53,59,63,75,80,94,7,30,38,85,87,91,8,18,36,52,69,73,76,83,89,98,23,39,40,67,11,17,42,47,71,79,84,86,2,10,31,50,57,72,93,4,22,45,60,66,70,28,29,49,68,88,21,34,61,9,19,20,51,56,82,15,64,92,41,16,24,33,3,26,95,32,35,12,13,14,1,5,44,62,74,6,65,43,77,78,96,54,90,55,25,37,97,48],"initializationTime":0.000067,"executionTime":0.005961,"totalTime":0.006028}