{"maxFlow":1045,"minCut":[],"initializationTime":8.583871841430664,"executionTime":70.03987121582031,"totalTime":78.62374114990234,"V":1000,"E":199816}