{"maxFlow":84,"minCut":[19999],"initializationTime":1900.9078369140625,"executionTime":18954.8828125,"totalTime":20855.7890625}