{"maxFlow":1045,"minCut":[],"initializationTime":1.3230079412460327,"executionTime":57.896705627441406,"totalTime":59.21971130371094,"V":1000,"E":179792}