{"maxFlow":533,"minCut":[],"initializationTime":0.8259199857711792,"executionTime":27.052671432495117,"totalTime":27.878591537475586,"V":1000,"E":94591}