{"maxFlow":3554,"minCut":[],"initializationTime":10.499263763427734,"executionTime":77.68608093261719,"totalTime":88.18534088134766,"V":1000,"E":699489}