{"maxFlow":84,"minCut":[19999],"initializationTime":1.0150079727172852,"executionTime":152.46771240234375,"totalTime":153.48272705078125}