{"maxFlow":3189,"minCut":[],"initializationTime":1.4992640018463135,"executionTime":116.9419174194336,"totalTime":118.4411849975586,"V":1000,"E":419401}