{"maxFlow":39,"minCut":[999],"initializationTime":5.011839866638184,"executionTime":39.88508987426758,"totalTime":44.89692687988281}