{"maxFlow":2705,"minCut":[],"initializationTime":1.3791680335998535,"executionTime":108.37583923339844,"totalTime":109.7550048828125,"V":1000,"E":374544}