{"maxFlow":32877,"minCut":[],"initializationTime":964.4125366210938,"executionTime":6702.470703125,"totalTime":7666.88330078125,"V":10000,"E":59987114}