{"maxFlow":3554,"minCut":[],"initializationTime":1.5239039659500122,"executionTime":125.0881576538086,"totalTime":126.612060546875,"V":1000,"E":454319}