{"maxFlow":39,"minCut":[999],"initializationTime":5.461023807525635,"executionTime":39.83251190185547,"totalTime":45.29353713989258,"V":1000,"E":13926}