{"maxFlow":1460,"minCut":[],"initializationTime":1.6259520053863525,"executionTime":80.99593353271484,"totalTime":82.62188720703125,"V":1000,"E":254873}