{"maxFlow":43789,"minCut":[],"initializationTime":699.8775024414063,"executionTime":5613.6689453125,"totalTime":6313.54638671875,"V":10000,"E":79992336}