{"maxFlow":5019,"minCut":[],"initializationTime":1.6106239557266235,"executionTime":126.61500549316406,"totalTime":128.2256317138672,"V":1000,"E":494489}