{"maxFlow":149,"minCut":[29999],"initializationTime":3.141863,"executionTime":239.156539,"totalTime":242.298402}