{"maxFlow":76,"minCut":[9999],"initializationTime":447.21221923828125,"executionTime":4229.9677734375,"totalTime":4677.18017578125}