{"maxFlow":68,"minCut":[99,38,81,24,33,47,66,73,30,85,87,91,5,48,1,13,19,25,31,55,60,74,93,4,34,41,53,98,16,22,32,52,54,86,88,89,6,9,17,21,27,43,64,77,56,83,3,23,26,28,95,35,51,76,49,59,67,18,39,61,69,84,37,75,82,8,42,45,65,12,44,94,57,58,71,78,36,62,92,63,11,96,15,80,90,79,50,20,97,68,10,2,7,72,29,70,40,46,14],"initializationTime":0.39609599113464355,"executionTime":5.3085761070251465,"totalTime":5.704671859741211}