{"maxFlow":6,"minCut":[3],"initializationTime":0.12902399897575378,"executionTime":2.2702720165252686,"totalTime":2.3992960453033447}