{"maxFlow":27226,"minCut":[],"initializationTime":1034.319580078125,"executionTime":6628.06640625,"totalTime":7662.3857421875,"V":10000,"E":49990079}