{"maxFlow":3554,"minCut":[],"initializationTime":10.237600326538086,"executionTime":77.67890930175781,"totalTime":87.91651153564453,"V":1000,"E":699489}