{"maxFlow":84,"minCut":[19999],"initializationTime":1.228461,"executionTime":62.860549,"totalTime":64.089011}