{"maxFlow":5288,"minCut":[],"initializationTime":1.672767996788025,"executionTime":104.5887680053711,"totalTime":106.26153564453125,"V":1000,"E":499500}