{"maxFlow":6,"minCut":[3],"initializationTime":0.17926399409770966,"executionTime":0.35996800661087036,"totalTime":0.5392320156097412,"V":4,"E":5}