{"maxFlow":11,"minCut":[5,3],"initializationTime":0.12697599828243256,"executionTime":1.210271954536438,"totalTime":1.3372479677200317}