{"maxFlow":2121,"minCut":[],"initializationTime":1.299936056137085,"executionTime":95.89225769042969,"totalTime":97.19219207763672,"V":1000,"E":319401}