{"maxFlow":3554,"minCut":[],"initializationTime":10.234527587890625,"executionTime":78.0208969116211,"totalTime":88.25542449951172,"V":1000,"E":699489}