{"maxFlow":84,"minCut":[19999],"initializationTime":1.44228,"executionTime":79.982376,"totalTime":81.424656}