{"maxFlow":5019,"minCut":[],"initializationTime":1.693600058555603,"executionTime":120.01897430419922,"totalTime":121.71257781982422,"V":1000,"E":494489}