{"maxFlow":6,"minCut":[3],"initializationTime":0.2383359968662262,"executionTime":1.8302079439163208,"totalTime":2.0685439109802246}