{"maxFlow":84,"minCut":[19999],"initializationTime":1.0060160160064697,"executionTime":152.510009765625,"totalTime":153.5160369873047,"V":20000,"E":198210}