{"maxFlow":149,"minCut":[29999],"initializationTime":3.355584,"executionTime":285.183805,"totalTime":288.539389}