{"maxFlow":84,"minCut":[19999],"initializationTime":1.568665,"executionTime":82.706826,"totalTime":84.275492}