{"maxFlow":6,"minCut":[3],"initializationTime":0.11468800157308578,"executionTime":2.1316161155700684,"totalTime":2.2463040351867676}