{"maxFlow":76,"minCut":[9999],"initializationTime":0.789529,"executionTime":14.027848,"totalTime":14.817378}