{"maxFlow":39,"minCut":[999],"initializationTime":6.077311992645264,"executionTime":44.46015930175781,"totalTime":50.537471771240234,"V":1000,"E":13926}