{"maxFlow":49102,"minCut":[],"initializationTime":590.5285034179688,"executionTime":6614.4169921875,"totalTime":7204.94580078125,"V":10000,"E":89992116}