{"maxFlow":149,"minCut":[29999],"initializationTime":2.7464001178741455,"executionTime":235.93833923339844,"totalTime":238.6847381591797}