{"maxFlow":2705,"minCut":[],"initializationTime":12.410271644592285,"executionTime":79.5317153930664,"totalTime":91.94198608398438,"V":1000,"E":499792}