{"maxFlow":533,"minCut":[],"initializationTime":0.9251199960708618,"executionTime":27.441152572631836,"totalTime":28.36627197265625,"V":1000,"E":94591}