{"maxFlow":5019,"minCut":[],"initializationTime":1.675104022026062,"executionTime":117.32307434082031,"totalTime":118.99817657470703,"V":1000,"E":494489}