{"maxFlow":76,"minCut":[9999],"initializationTime":0.366182,"executionTime":14.073189,"totalTime":14.439371}