{"maxFlow":76,"minCut":[9999],"initializationTime":0.37625,"executionTime":12.730496,"totalTime":13.106747}