{"maxFlow":84,"minCut":[19999],"initializationTime":1.648144,"executionTime":60.899209,"totalTime":62.547354}