{"maxFlow":149,"minCut":[29999],"initializationTime":2.623187,"executionTime":255.351545,"totalTime":257.974733}