{"maxFlow":1045,"minCut":[],"initializationTime":8.596768379211426,"executionTime":70.05836486816406,"totalTime":78.65513610839844,"V":1000,"E":199816}