{"maxFlow":149,"minCut":[29999],"initializationTime":3895.036376953125,"executionTime":37570.7890625,"totalTime":41465.82421875,"V":30000,"E":618504}