{"maxFlow":84,"minCut":[19999],"initializationTime":1.420762,"executionTime":98.432136,"totalTime":99.852898}