{"maxFlow":76,"minCut":[9999],"initializationTime":0.362079,"executionTime":13.473788,"totalTime":13.835868}