{"maxFlow":84,"minCut":[19999],"initializationTime":1.0103679895401,"executionTime":151.23843383789063,"totalTime":152.24879455566406}