{"maxFlow":84,"minCut":[19999],"initializationTime":1884.506591796875,"executionTime":18808.4921875,"totalTime":20692.998046875}