{"maxFlow":5019,"minCut":[],"initializationTime":7.807839870452881,"executionTime":75.67378997802734,"totalTime":83.48162841796875,"V":1000,"E":898956}