{"maxFlow":11,"minCut":[5,3],"initializationTime":0.1364160031080246,"executionTime":1.8584320545196533,"totalTime":1.9948480129241943}