{"maxFlow":6,"minCut":[3],"initializationTime":0.1637440025806427,"executionTime":0.3017919957637787,"totalTime":0.4655359983444214}