{"maxFlow":149,"minCut":[29999],"initializationTime":3.531652,"executionTime":598.461407,"totalTime":601.993059}