{"maxFlow":4232,"minCut":[],"initializationTime":8.980447769165039,"executionTime":77.08000183105469,"totalTime":86.0604476928711,"V":1000,"E":798960}