{"maxFlow":6,"minCut":[3],"initializationTime":0.09929600358009338,"executionTime":0.21199999749660492,"totalTime":0.3112959861755371}