{"maxFlow":68,"minCut":[99,38,58,81,85,16,17,24,33,47,66,73,25,27,46,53,59,63,75,80,94,30,91,3,23,26,95,45,54,57,19,55,61,72,77,90,5,48,1,13,60,74,93,34,41,98,22,32,52,86,88,89,6,9,21,31,43,64,28,71,78,7,8,18,36,69,76,39,40,67,11,42,79,84,2,10,50,70,29,49,68,4,20,51,56,82,83,62,87,35,44,96,14,97,65,12,37,92,15],"initializationTime":0.11599999666213989,"executionTime":1.3075519800186157,"totalTime":1.4235520362854004}