{"maxFlow":149,"minCut":[29999],"initializationTime":1023.6091918945313,"executionTime":37041.6484375,"totalTime":38065.2578125}