{"maxFlow":39,"minCut":[999],"initializationTime":5.010623931884766,"executionTime":45.28575897216797,"totalTime":50.296382904052734}