{"maxFlow":533,"minCut":[],"initializationTime":7.198751926422119,"executionTime":62.0340461730957,"totalTime":69.23280334472656,"V":1000,"E":99554}