{"maxFlow":76,"minCut":[9999],"initializationTime":110.94630432128906,"executionTime":4200.98876953125,"totalTime":4311.93505859375}