{"maxFlow":1045,"minCut":[],"initializationTime":1.1453759670257568,"executionTime":44.74998474121094,"totalTime":45.89535903930664,"V":1000,"E":179792}