{"maxFlow":149,"minCut":[29999],"initializationTime":1.3765439987182617,"executionTime":200.35264587402344,"totalTime":201.72918701171875,"V":30000,"E":309252}