{"maxFlow":84,"minCut":[19999],"initializationTime":1872.5198974609375,"executionTime":18904.984375,"totalTime":20777.50390625}