{"maxFlow":84,"minCut":[19999],"initializationTime":1742.922607421875,"executionTime":18942.603515625,"totalTime":20685.52734375,"V":20000,"E":396420}