{"maxFlow":39,"minCut":[999],"initializationTime":0.17603200674057007,"executionTime":8.574975967407227,"totalTime":8.751008033752441}