{"maxFlow":39,"minCut":[999],"initializationTime":5.491168022155762,"executionTime":40.37548828125,"totalTime":45.86665725708008,"V":1000,"E":13926}