{"maxFlow":149,"minCut":[29999],"initializationTime":3902.609130859375,"executionTime":37347.0859375,"totalTime":41249.6953125}