{"maxFlow":10717,"minCut":[],"initializationTime":683.767333984375,"executionTime":5832.34912109375,"totalTime":6516.11669921875,"V":10000,"E":19993722}