{"maxFlow":84,"minCut":[19999],"initializationTime":1.42787,"executionTime":53.148445,"totalTime":54.576316}