{"maxFlow":11,"minCut":[5,3],"initializationTime":0.1496960073709488,"executionTime":1.390336036682129,"totalTime":1.5400320291519165,"V":6,"E":8}