{"maxFlow":149,"minCut":[29999],"initializationTime":4.339597,"executionTime":572.266247,"totalTime":576.605845}