{"maxFlow":76,"minCut":[9999],"initializationTime":0.448153,"executionTime":7.986972,"totalTime":8.435126}