{"maxFlow":84,"minCut":[19999],"initializationTime":1.42809,"executionTime":87.746018,"totalTime":89.174109}