{"maxFlow":84,"minCut":[19999],"initializationTime":1.599338,"executionTime":78.09886,"totalTime":79.698199}