{"maxFlow":149,"minCut":[29999],"initializationTime":3.778036,"executionTime":509.652704,"totalTime":513.430741}