{"maxFlow":68,"minCut":[99,38,85,16,24,33,47,66,73,81,3,17,23,26,28,95,45,54,57,5,48,1,13,19,25,31,55,60,74,91,93,34,41,53,98,22,32,52,86,88,89,6,9,21,27,43,64,77,30,4,29,36,42,58,62,87,61,72,80,90,10,35,12,75,44,69,71,82,96,14,63,97,11,20,65,8,40,59,18,39,84,37,49,83,76,67,94,78,92,56,51,79,50,15,68,2,7,70,46],"initializationTime":0.37273600697517395,"executionTime":8.097920417785645,"totalTime":8.470656394958496,"V":100,"E":459}