{"maxFlow":39,"minCut":[999],"initializationTime":0.17231999337673187,"executionTime":8.589664459228516,"totalTime":8.761983871459961}