{"maxFlow":5288,"minCut":[],"initializationTime":5.338751792907715,"executionTime":70.02550506591797,"totalTime":75.3642578125,"V":1000,"E":999000}