{"maxFlow":2121,"minCut":[],"initializationTime":11.50601577758789,"executionTime":78.05596923828125,"totalTime":89.56198120117188,"V":1000,"E":399515}