{"maxFlow":4232,"minCut":[],"initializationTime":8.935551643371582,"executionTime":76.62928009033203,"totalTime":85.56483459472656,"V":1000,"E":798960}