{"maxFlow":76,"minCut":[9999],"initializationTime":0.6226879954338074,"executionTime":77.54051208496094,"totalTime":78.16320037841797,"V":10000,"E":92357}