{"maxFlow":76,"minCut":[9999],"initializationTime":0.973927,"executionTime":14.354774,"totalTime":15.328701}