{"maxFlow":533,"minCut":[],"initializationTime":7.2420477867126465,"executionTime":62.10182571411133,"totalTime":69.3438720703125,"V":1000,"E":99554}