{"maxFlow":3189,"minCut":[],"initializationTime":12.065119743347168,"executionTime":78.87030029296875,"totalTime":90.9354248046875,"V":1000,"E":599592}