{"maxFlow":84,"minCut":[19999],"initializationTime":1.0283520221710205,"executionTime":152.75865173339844,"totalTime":153.78700256347656}