{"maxFlow":76,"minCut":[9999],"initializationTime":0.360881,"executionTime":11.802416,"totalTime":12.163297}