{"maxFlow":84,"minCut":[19999],"initializationTime":1.438349,"executionTime":52.712735,"totalTime":54.151084}