{"maxFlow":39,"minCut":[999],"initializationTime":0.1687680035829544,"executionTime":8.64236831665039,"totalTime":8.811136245727539}