{"maxFlow":2121,"minCut":[],"initializationTime":1.7421760559082031,"executionTime":99.14006042480469,"totalTime":100.88224029541016,"V":1000,"E":319401}