{"maxFlow":2121,"minCut":[],"initializationTime":1.8690240383148193,"executionTime":97.71715545654297,"totalTime":99.58617401123047,"V":1000,"E":319401}