{"maxFlow":84,"minCut":[19999],"initializationTime":1766.1337890625,"executionTime":18942.640625,"totalTime":20708.775390625}