{"maxFlow":76,"minCut":[9999],"initializationTime":445.8480224609375,"executionTime":4296.02880859375,"totalTime":4741.876953125}