{"maxFlow":76,"minCut":[9999],"initializationTime":0.695251,"executionTime":13.350783,"totalTime":14.046034}