{"maxFlow":11,"minCut":[5,3],"initializationTime":0.11353600025177002,"executionTime":0.2563199996948242,"totalTime":0.36985599994659424}