{"maxFlow":2121,"minCut":[],"initializationTime":1.7756479978561401,"executionTime":99.05110168457031,"totalTime":100.82675170898438,"V":1000,"E":319401}