{"maxFlow":22048,"minCut":[],"initializationTime":947.0682373046875,"executionTime":6495.5615234375,"totalTime":7442.6298828125,"V":10000,"E":39990795}