{"maxFlow":84,"minCut":[19999],"initializationTime":1.576519,"executionTime":54.839628,"totalTime":56.416148}