{"maxFlow":84,"minCut":[19999],"initializationTime":1.413165,"executionTime":55.108482,"totalTime":56.521647}