{"maxFlow":39,"minCut":[999],"initializationTime":0.18783999979496002,"executionTime":8.705727577209473,"totalTime":8.89356803894043}