{"maxFlow":4232,"minCut":[],"initializationTime":8.943967819213867,"executionTime":76.55875396728516,"totalTime":85.50272369384766,"V":1000,"E":798960}