{"maxFlow":5288,"minCut":[],"initializationTime":6.405824184417725,"executionTime":71.12335968017578,"totalTime":77.52918243408203,"V":1000,"E":999000}