{"maxFlow":1460,"minCut":[],"initializationTime":1.5505280494689941,"executionTime":81.9642562866211,"totalTime":83.51478576660156,"V":1000,"E":254873}