{"maxFlow":76,"minCut":[9999],"initializationTime":0.6249279975891113,"executionTime":78.18000030517578,"totalTime":78.804931640625,"V":10000,"E":92357}