{"maxFlow":149,"minCut":[29999],"initializationTime":1.3800640106201172,"executionTime":198.7587127685547,"totalTime":200.13877868652344}