{"maxFlow":11,"minCut":[5,3],"initializationTime":0.20425599813461304,"executionTime":1.7911039590835571,"totalTime":1.995360016822815}