{"maxFlow":76,"minCut":[9999],"initializationTime":0.71495,"executionTime":12.724227,"totalTime":13.439177}