{"maxFlow":10717,"minCut":[],"initializationTime":42.54515075683594,"executionTime":3666.74951171875,"totalTime":3709.294677734375,"V":10000,"E":17995211}