{"maxFlow":149,"minCut":[29999],"initializationTime":3948.276123046875,"executionTime":37562.63671875,"totalTime":41510.9140625,"V":30000,"E":618504}