{"maxFlow":84,"minCut":[19999],"initializationTime":1.3624320030212402,"executionTime":152.45420837402344,"totalTime":153.81663513183594,"V":20000,"E":198210}