{"maxFlow":149,"minCut":[29999],"initializationTime":3.980451,"executionTime":482.921334,"totalTime":486.901785}