{"maxFlow":16297,"minCut":[],"initializationTime":808.9279174804688,"executionTime":6186.8330078125,"totalTime":6995.7607421875,"V":10000,"E":29993721}