{"maxFlow":84,"minCut":[19999],"initializationTime":1.0159679651260376,"executionTime":152.86114501953125,"totalTime":153.8771209716797}