{"maxFlow":4232,"minCut":[],"initializationTime":9.45248031616211,"executionTime":77.04412841796875,"totalTime":86.4966049194336,"V":1000,"E":798960}