{"maxFlow":149,"minCut":[29999],"initializationTime":1.3950719833374023,"executionTime":200.2419891357422,"totalTime":201.63705444335938}