{"maxFlow":84,"minCut":[19999],"initializationTime":2.39978,"executionTime":62.028787,"totalTime":64.428567}