{"maxFlow":76,"minCut":[9999],"initializationTime":0.674692,"executionTime":12.557903,"totalTime":13.232595}