{"maxFlow":76,"minCut":[9999],"initializationTime":0.734416,"executionTime":14.693159,"totalTime":15.427576}