{"maxFlow":68,"minCut":[99,38,58,81,85,16,17,24,33,47,66,25,27,29,46,53,63,75,80,94,30,91,3,23,26,28,95,45,54,57,19,55,61,72,73,77,90,5,48,1,13,31,60,74,93,4,34,41,98,22,32,52,86,88,89,71,78,7,8,18,36,69,76,10,21,37,70,39,40,67,11,42,79,84,49,68,9,20,51,56,82,83,6,62,87,35,43,96,14,97,65,59,12,44,92,64,15,50,2],"initializationTime":0.1308159977197647,"executionTime":1.387071967124939,"totalTime":1.5178879499435425}