{"maxFlow":3189,"minCut":[],"initializationTime":11.735584259033203,"executionTime":78.44265747070313,"totalTime":90.17823791503906,"V":1000,"E":599592}