{"maxFlow":1045,"minCut":[],"initializationTime":1.2207679748535156,"executionTime":57.28470230102539,"totalTime":58.505470275878906,"V":1000,"E":179792}