{"maxFlow":84,"minCut":[19999],"initializationTime":1.0412479639053345,"executionTime":151.87644958496094,"totalTime":152.91769409179688}