{"maxFlow":5019,"minCut":[],"initializationTime":7.5950398445129395,"executionTime":75.58956909179688,"totalTime":83.18460845947266,"V":1000,"E":898956}