{"maxFlow":1045,"minCut":[],"initializationTime":1.2259520292282104,"executionTime":57.223201751708984,"totalTime":58.449153900146484,"V":1000,"E":179792}