{"maxFlow":5019,"minCut":[],"initializationTime":1.6741440296173096,"executionTime":117.22898864746094,"totalTime":118.90313720703125,"V":1000,"E":494489}