{"maxFlow":3189,"minCut":[],"initializationTime":1.5071040391921997,"executionTime":115.48210906982422,"totalTime":116.98921966552734,"V":1000,"E":419401}