{"maxFlow":84,"minCut":[19999],"initializationTime":1.904882,"executionTime":61.561411,"totalTime":63.466293}