{"maxFlow":84,"minCut":[19999],"initializationTime":1.613519,"executionTime":67.06501,"totalTime":68.678529}