{"maxFlow":84,"minCut":[19999],"initializationTime":1.476529,"executionTime":84.13127,"totalTime":85.607799}