{"maxFlow":39,"minCut":[999],"initializationTime":1.5457919836044312,"executionTime":92.20982360839844,"totalTime":93.755615234375}