{"maxFlow":68,"minCut":[99,81,85,30,38,91,3,17,23,26,28,95,21,31,41,52,56,83,24,33,47,66,73,34,51,59,67,4,6,29,32,36,42,54,55,58,62,64,76,87,19,53,61,72,77,80,90,13,57,60,10,35,1,12,25,43,75,86,89,98,16,44,69,71,82,96,18,40,50,93,45,8,27,49,68,94,74,5,48,22,88,9,39,78,2,46,15,37,63,70,97,20,65,92,7,84,11,79,14],"initializationTime":0.12038400024175644,"executionTime":1.4052799940109253,"totalTime":1.52566397190094}