{"maxFlow":84,"minCut":[19999],"initializationTime":468.607177734375,"executionTime":18943.22265625,"totalTime":19411.830078125}