{"maxFlow":1045,"minCut":[],"initializationTime":8.592320442199707,"executionTime":70.01023864746094,"totalTime":78.6025619506836,"V":1000,"E":199816}