{"maxFlow":149,"minCut":[29999],"initializationTime":3.426254,"executionTime":486.802855,"totalTime":490.229109}