{"maxFlow":1460,"minCut":[],"initializationTime":9.944000244140625,"executionTime":74.75686645507813,"totalTime":84.70086669921875,"V":1000,"E":300122}