{"maxFlow":84,"minCut":[19999],"initializationTime":1.0240319967269897,"executionTime":151.55638122558594,"totalTime":152.58041381835938}