{"maxFlow":149,"minCut":[29999],"initializationTime":3894.652587890625,"executionTime":37093.34765625,"totalTime":40988.0}