{"maxFlow":2705,"minCut":[],"initializationTime":12.510016441345215,"executionTime":79.3377914428711,"totalTime":91.84780883789063,"V":1000,"E":499792}