{"maxFlow":149,"minCut":[29999],"initializationTime":1.4496959447860718,"executionTime":200.41177368164063,"totalTime":201.86146545410156}