{"maxFlow":6,"minCut":[3],"initializationTime":0.47910401225090027,"executionTime":6.295648097991943,"totalTime":6.774752140045166}