{"maxFlow":84,"minCut":[19999],"initializationTime":1.474753,"executionTime":59.831982000000004,"totalTime":61.306735}