{"maxFlow":149,"minCut":[29999],"initializationTime":3.746656,"executionTime":549.085946,"totalTime":552.832602}