{"maxFlow":84,"minCut":[19999],"initializationTime":1738.097412109375,"executionTime":18935.177734375,"totalTime":20673.275390625,"V":20000,"E":396420}