{"maxFlow":2705,"minCut":[],"initializationTime":12.807647705078125,"executionTime":79.67558288574219,"totalTime":92.48323059082031,"V":1000,"E":499792}