{"maxFlow":6,"minCut":[3],"initializationTime":0.16307200491428375,"executionTime":1.678015947341919,"totalTime":1.841088056564331,"V":4,"E":5}