{"maxFlow":2121,"minCut":[],"initializationTime":11.396608352661133,"executionTime":77.85820770263672,"totalTime":89.25481414794922,"V":1000,"E":399515}