{"maxFlow":5288,"minCut":[],"initializationTime":1.6476160287857056,"executionTime":106.65862274169922,"totalTime":108.30623626708984,"V":1000,"E":499500}