{"maxFlow":39,"minCut":[999],"initializationTime":0.2027519941329956,"executionTime":8.712287902832031,"totalTime":8.915040016174316}