{"maxFlow":6,"minCut":[3],"initializationTime":0.1189119964838028,"executionTime":0.2913280129432678,"totalTime":0.4102399945259094}