{"maxFlow":1460,"minCut":[],"initializationTime":9.920736312866211,"executionTime":75.02079772949219,"totalTime":84.94153594970703,"V":1000,"E":300122}