{"maxFlow":2121,"minCut":[],"initializationTime":11.742112159729004,"executionTime":78.03427124023438,"totalTime":89.77638244628906,"V":1000,"E":399515}