{"maxFlow":149,"minCut":[29999],"initializationTime":2.846003,"executionTime":244.880961,"totalTime":247.726964}