{"maxFlow":5288,"minCut":[],"initializationTime":6.645855903625488,"executionTime":71.2708511352539,"totalTime":77.91670227050781,"V":1000,"E":999000}