{"maxFlow":6,"minCut":[3],"initializationTime":0.14076800644397736,"executionTime":1.539199948310852,"totalTime":1.679967999458313}