{"maxFlow":5288,"minCut":[],"initializationTime":1.6576000452041626,"executionTime":97.80643463134766,"totalTime":99.46403503417969,"V":1000,"E":499500}