{"maxFlow":5463,"minCut":[],"initializationTime":22.615903854370117,"executionTime":1546.0369873046875,"totalTime":1568.6529541015625,"V":10000,"E":9500342}