{"maxFlow":68,"minCut":[99,38,58,81,16,24,33,47,66,73,25,27,29,46,53,63,75,80,94,30,85,91,45,54,57,5,48,1,13,19,31,55,60,74,93,4,34,41,98,22,32,52,86,88,89,6,9,17,21,43,64,77,28,71,78,7,8,18,36,69,76,3,10,15,37,70,23,39,40,67,11,42,79,84,49,68,61,20,51,56,82,83,26,95,59,14,97,65,12,44,87,62,92,96,90,50,2,35,72],"initializationTime":0.10876800119876862,"executionTime":1.287775993347168,"totalTime":1.3965439796447754}