{"maxFlow":84,"minCut":[19999],"initializationTime":1.495732,"executionTime":52.475223,"totalTime":53.970955}