{"maxFlow":533,"minCut":[],"initializationTime":7.268608093261719,"executionTime":62.11164855957031,"totalTime":69.38025665283203,"V":1000,"E":99554}