{"maxFlow":533,"minCut":[],"initializationTime":0.8127359747886658,"executionTime":27.037311553955078,"totalTime":27.850048065185547,"V":1000,"E":94591}