{"maxFlow":38468,"minCut":[],"initializationTime":826.5875244140625,"executionTime":6558.5068359375,"totalTime":7385.09423828125,"V":10000,"E":69987429}