{"maxFlow":76,"minCut":[9999],"initializationTime":0.794283,"executionTime":14.636173,"totalTime":15.430457}