{"maxFlow":149,"minCut":[29999],"initializationTime":1.9574400186538696,"executionTime":200.017822265625,"totalTime":201.9752655029297}