{"maxFlow":1460,"minCut":[],"initializationTime":1.715872049331665,"executionTime":81.00064086914063,"totalTime":82.71651458740234,"V":1000,"E":254873}