{"maxFlow":39,"minCut":[999],"initializationTime":0.18118399381637573,"executionTime":8.589407920837402,"totalTime":8.770591735839844,"V":1000,"E":6963}