{"maxFlow":4232,"minCut":[],"initializationTime":1.6338239908218384,"executionTime":122.46598052978516,"totalTime":124.09980773925781,"V":1000,"E":479336}