{"maxFlow":4232,"minCut":[],"initializationTime":1.6160000562667847,"executionTime":125.56591796875,"totalTime":127.18192291259766,"V":1000,"E":479336}