{"maxFlow":5288,"minCut":[],"initializationTime":1.7017600536346436,"executionTime":103.69033813476563,"totalTime":105.39209747314453,"V":1000,"E":499500}