{"maxFlow":3189,"minCut":[],"initializationTime":1.4479999542236328,"executionTime":117.93981170654297,"totalTime":119.38780975341797,"V":1000,"E":419401}