{"maxFlow":35,"minCut":[99,4,7,16,17,21,61,85,3,19,47,18,5,39,56,23,26,28,81,12,33,24,34,38,41,53,1,6,8,30,13,10,25,15,2,31,27,42,58,71,32,29,46,20,49,68,52,40,36],"initializationTime":0.13683199882507324,"executionTime":2.3851521015167236,"totalTime":2.521984100341797}