{"maxFlow":76,"minCut":[9999],"initializationTime":0.365562,"executionTime":14.274749,"totalTime":14.640312}