{"maxFlow":39,"minCut":[999],"initializationTime":6.461728096008301,"executionTime":41.733184814453125,"totalTime":48.19491195678711}