{"maxFlow":76,"minCut":[9999],"initializationTime":516.7136840820313,"executionTime":4324.87353515625,"totalTime":4841.58740234375,"V":10000,"E":184714}