{"maxFlow":84,"minCut":[19999],"initializationTime":1885.933349609375,"executionTime":18613.5546875,"totalTime":20499.48828125,"V":20000,"E":396420}