{"maxFlow":5019,"minCut":[],"initializationTime":1.6518080234527588,"executionTime":117.8175048828125,"totalTime":119.46931457519531,"V":1000,"E":494489}