{"maxFlow":76,"minCut":[9999],"initializationTime":0.466111,"executionTime":7.974712,"totalTime":8.440823}