{"maxFlow":149,"minCut":[29999],"initializationTime":5.080357,"executionTime":525.152102,"totalTime":530.23246}