{"maxFlow":1460,"minCut":[],"initializationTime":9.939647674560547,"executionTime":74.827392578125,"totalTime":84.76703643798828,"V":1000,"E":300122}