{"maxFlow":84,"minCut":[19999],"initializationTime":1.259829,"executionTime":62.88675,"totalTime":64.146579}