{"maxFlow":84,"minCut":[19999],"initializationTime":1.2186239957809448,"executionTime":210.05538940429688,"totalTime":211.27401733398438}