{"maxFlow":68,"minCut":[99,81,85,30,38,54,91,3,17,23,26,28,95,21,31,41,52,56,83,16,24,33,47,66,73,10,11,20,65,34,49,51,59,67,6,29,32,36,42,55,58,62,64,76,19,53,61,72,77,80,90,98,13,46,57,60,43,1,12,25,75,86,89,44,69,71,82,96,18,40,50,87,93,45,8,27,68,94,74,5,48,2,4,22,63,88,9,35,84,97,39,78,15,37,70,92,7,79,14],"initializationTime":0.476833,"executionTime":0.008822,"totalTime":0.485655}