{"maxFlow":11,"minCut":[5,3],"initializationTime":0.12774400413036346,"executionTime":0.2078080028295517,"totalTime":0.33555200695991516}