{"maxFlow":30,"minCut":[9,5,7,8,6,1,2,4],"initializationTime":0.000009,"executionTime":0.000018,"totalTime":0.000027}