{"maxFlow":39,"minCut":[999],"initializationTime":4.97324800491333,"executionTime":39.34329605102539,"totalTime":44.31654357910156}