{"maxFlow":533,"minCut":[],"initializationTime":7.042655944824219,"executionTime":62.045631408691406,"totalTime":69.08828735351563,"V":1000,"E":99554}