{"maxFlow":4232,"minCut":[],"initializationTime":1.6781120300292969,"executionTime":124.70137786865234,"totalTime":126.37948608398438,"V":1000,"E":479336}