{"maxFlow":11,"minCut":[5,3],"initializationTime":0.14534400403499603,"executionTime":0.3301120102405548,"totalTime":0.47545599937438965}