{"maxFlow":76,"minCut":[9999],"initializationTime":0.407449,"executionTime":17.228918,"totalTime":17.636367}