{"maxFlow":84,"minCut":[19999],"initializationTime":1.3970880508422852,"executionTime":152.54290771484375,"totalTime":153.94000244140625}