{"maxFlow":11,"minCut":[5,3],"initializationTime":0.14617599546909332,"executionTime":0.30511999130249023,"totalTime":0.45129600167274475}