{"maxFlow":3189,"minCut":[],"initializationTime":1.4490560293197632,"executionTime":114.77881622314453,"totalTime":116.22787475585938,"V":1000,"E":419401}