{"maxFlow":76,"minCut":[9999],"initializationTime":0.6041600108146667,"executionTime":77.66438293457031,"totalTime":78.26854705810547,"V":10000,"E":92357}