{"maxFlow":39,"minCut":[999],"initializationTime":6.127103805541992,"executionTime":48.02259063720703,"totalTime":54.149696350097656}