{"maxFlow":1460,"minCut":[],"initializationTime":9.937727928161621,"executionTime":74.81766510009766,"totalTime":84.7553939819336,"V":1000,"E":300122}