{"maxFlow":5019,"minCut":[],"initializationTime":7.86681604385376,"executionTime":75.71062469482422,"totalTime":83.57743835449219,"V":1000,"E":898956}