{"maxFlow":84,"minCut":[19999],"initializationTime":1873.9794921875,"executionTime":18782.1015625,"totalTime":20656.08203125}