{"maxFlow":76,"minCut":[9999],"initializationTime":0.34156,"executionTime":13.254745,"totalTime":13.596306}