{"maxFlow":149,"minCut":[29999],"initializationTime":2.678231,"executionTime":241.133736,"totalTime":243.811968}