{"maxFlow":4232,"minCut":[],"initializationTime":1.5830719470977783,"executionTime":126.56079864501953,"totalTime":128.1438751220703,"V":1000,"E":479336}