{"maxFlow":76,"minCut":[9999],"initializationTime":445.07733154296875,"executionTime":4285.62939453125,"totalTime":4730.70703125}