{"maxFlow":11,"minCut":[5,3],"initializationTime":0.14895999431610107,"executionTime":0.3283199965953827,"totalTime":0.47727999091148376}