{"maxFlow":2705,"minCut":[],"initializationTime":2.0313920974731445,"executionTime":110.82621002197266,"totalTime":112.85759735107422,"V":1000,"E":374544}