{"maxFlow":11,"minCut":[5,3],"initializationTime":0.16176000237464905,"executionTime":0.30559998750686646,"totalTime":0.4673599898815155}