{"maxFlow":11,"minCut":[5,3],"initializationTime":0.11475200206041336,"executionTime":1.112287998199463,"totalTime":1.2270400524139404}