{"maxFlow":76,"minCut":[9999],"initializationTime":0.7864320278167725,"executionTime":112.51507568359375,"totalTime":113.30150604248047}