{"maxFlow":3554,"minCut":[],"initializationTime":1.5416640043258667,"executionTime":124.32093048095703,"totalTime":125.86259460449219,"V":1000,"E":454319}