{"maxFlow":2705,"minCut":[],"initializationTime":1.3790080547332764,"executionTime":108.98457336425781,"totalTime":110.36358642578125,"V":1000,"E":374544}