{"maxFlow":84,"minCut":[19999],"initializationTime":1737.991943359375,"executionTime":18549.685546875,"totalTime":20287.677734375}