{"maxFlow":39,"minCut":[999],"initializationTime":0.001648,"executionTime":30.742531,"totalTime":30.74418}