{"maxFlow":68,"minCut":[99,81,85,30,38,87,91,3,17,23,26,28,95,21,31,41,52,56,83,24,33,47,66,73,32,35,51,60,76,34,49,59,67,4,6,29,36,42,54,55,58,62,19,53,61,72,77,80,90,13,57,10,1,12,25,43,75,86,89,98,16,69,71,82,96,18,40,44,50,93,8,27,68,94,74,5,48,22,88,9,64,15,20,37,97,7,11,63,84,39,78,2,46,45,70,65,92,79,14],"initializationTime":0.11747200042009354,"executionTime":1.3852159976959229,"totalTime":1.5026880502700806,"V":100,"E":459}