{"maxFlow":1460,"minCut":[],"initializationTime":1.5565439462661743,"executionTime":81.442626953125,"totalTime":82.9991683959961,"V":1000,"E":254873}