{"maxFlow":76,"minCut":[9999],"initializationTime":0.373158,"executionTime":11.739024,"totalTime":12.112182}