{"maxFlow":4232,"minCut":[],"initializationTime":8.972479820251465,"executionTime":76.62604522705078,"totalTime":85.59852600097656,"V":1000,"E":798960}