{"maxFlow":3554,"minCut":[],"initializationTime":10.213279724121094,"executionTime":78.1523208618164,"totalTime":88.3656005859375,"V":1000,"E":699489}