{"maxFlow":5019,"minCut":[],"initializationTime":7.952383995056152,"executionTime":75.88521575927734,"totalTime":83.83760070800781,"V":1000,"E":898956}