{"maxFlow":76,"minCut":[9999],"initializationTime":0.73767,"executionTime":14.407028,"totalTime":15.144699}