{"maxFlow":11,"minCut":[5,3],"initializationTime":0.12588800489902496,"executionTime":0.20390400290489197,"totalTime":0.32979199290275574,"V":6,"E":8}