{"maxFlow":76,"minCut":[9999],"initializationTime":1.792697,"executionTime":14.136452,"totalTime":15.929149}