{"maxFlow":84,"minCut":[19999],"initializationTime":1.611557,"executionTime":64.200789,"totalTime":65.812346}