{"maxFlow":76,"minCut":[9999],"initializationTime":440.0654602050781,"executionTime":4298.64599609375,"totalTime":4738.71142578125,"V":10000,"E":184714}