{"maxFlow":3189,"minCut":[],"initializationTime":11.533344268798828,"executionTime":78.73062133789063,"totalTime":90.26396942138672,"V":1000,"E":599592}