{"maxFlow":76,"minCut":[9999],"initializationTime":0.6230400204658508,"executionTime":77.61634826660156,"totalTime":78.23939514160156}