{"maxFlow":533,"minCut":[],"initializationTime":7.281631946563721,"executionTime":62.24185562133789,"totalTime":69.52349090576172,"V":1000,"E":99554}