{"maxFlow":1460,"minCut":[],"initializationTime":9.879039764404297,"executionTime":74.7995834350586,"totalTime":84.67862701416016,"V":1000,"E":300122}