{"maxFlow":68,"minCut":[99,38,81,85,17,24,33,47,66,73,30,87,91,3,23,26,28,95,19,53,55,61,72,77,80,90,5,48,1,13,25,31,60,74,93,34,41,98,16,22,32,52,54,86,88,89,6,9,21,27,43,64,56,83,35,51,76,67,4,29,36,42,58,62,57,10,75,44,69,82,96,12,94,11,71,79,84,37,45,92,39,59,68,14,15,20,18,49,8,65,78,63,50,97,2,7,40,70,46],"initializationTime":0.13312000036239624,"executionTime":1.343616008758545,"totalTime":1.4767359495162964,"V":100,"E":459}