{"maxFlow":76,"minCut":[9999],"initializationTime":0.6218879818916321,"executionTime":78.04022216796875,"totalTime":78.662109375}