{"maxFlow":76,"minCut":[9999],"initializationTime":0.713556,"executionTime":12.761271,"totalTime":13.474827}