{"maxFlow":3189,"minCut":[],"initializationTime":1.5543040037155151,"executionTime":115.9303970336914,"totalTime":117.48470306396484,"V":1000,"E":419401}