{"maxFlow":2705,"minCut":[],"initializationTime":12.512831687927246,"executionTime":79.75907135009766,"totalTime":92.27190399169922,"V":1000,"E":499792}