{"maxFlow":11,"minCut":[5,3],"initializationTime":0.13116799294948578,"executionTime":1.8400640487670898,"totalTime":1.9712320566177368}