{"maxFlow":68,"minCut":[99,58,71,27,46,53,59,63,75,80,94,20,25,39,49,68,82,95,98,8,18,36,52,69,73,76,83,89,23,40,67,11,17,42,47,79,84,86,2,10,31,50,57,72,91,93,4,7,22,38,45,60,66,70,28,29,88,21,34,61,9,19,51,56,32,35,54,90,5,78,6,74,1,13,64,15,97,16,26,44,85,96,77,12,14,62,3,30,65,43,87,41,92,55,33,81,37,24,48],"initializationTime":0.483932,"executionTime":0.009439,"totalTime":0.493371}