{"maxFlow":1045,"minCut":[],"initializationTime":1.137760043144226,"executionTime":57.48432159423828,"totalTime":58.6220817565918,"V":1000,"E":179792}