{"maxFlow":76,"minCut":[9999],"initializationTime":448.09832763671875,"executionTime":4289.65869140625,"totalTime":4737.7568359375}