{"maxFlow":84,"minCut":[19999],"initializationTime":1.537168,"executionTime":82.719174,"totalTime":84.256342}