{"maxFlow":11,"minCut":[5,3],"initializationTime":0.12124799937009811,"executionTime":1.884160041809082,"totalTime":2.0054080486297607}