{"maxFlow":2121,"minCut":[],"initializationTime":11.452735900878906,"executionTime":77.80713653564453,"totalTime":89.25987243652344,"V":1000,"E":399515}