{"maxFlow":84,"minCut":[19999],"initializationTime":1.646341,"executionTime":52.948711,"totalTime":54.595053}