{"maxFlow":76,"minCut":[9999],"initializationTime":0.345762,"executionTime":17.068679,"totalTime":17.414441}