{"maxFlow":68,"minCut":[99,7,58,81,85,15,27,63,64,75,92,46,53,59,80,94,38,87,91,3,17,23,26,28,95,4,6,12,29,32,70,82,89,90,8,36,52,69,73,76,83,98,10,22,45,60,66,79,49,61,65,78,57,68,88,55,84,39,40,67,11,42,47,71,86,2,31,50,72,93,21,34,9,18,19,20,51,56,16,24,33,35,54,62,77,13,43,1,25,44,96,37,41,97,14,74,30,5,48],"initializationTime":0.000047,"executionTime":0.00691,"totalTime":0.006958}