{"maxFlow":3189,"minCut":[],"initializationTime":11.683584213256836,"executionTime":78.94406127929688,"totalTime":90.62764739990234,"V":1000,"E":599592}