{"maxFlow":149,"minCut":[29999],"initializationTime":3950.298828125,"executionTime":37444.4296875,"totalTime":41394.73046875}