{"maxFlow":54921,"minCut":[],"initializationTime":479.8422546386719,"executionTime":5785.1044921875,"totalTime":6264.94677734375,"V":10000,"E":99990000}