{"maxFlow":76,"minCut":[9999],"initializationTime":0.869183,"executionTime":12.540669,"totalTime":13.409852}