{"maxFlow":76,"minCut":[9999],"initializationTime":0.391111,"executionTime":13.400383,"totalTime":13.791495}