{"maxFlow":2705,"minCut":[],"initializationTime":2.220031976699829,"executionTime":111.11705780029297,"totalTime":113.33708953857422,"V":1000,"E":374544}