{"maxFlow":5288,"minCut":[],"initializationTime":6.430047988891602,"executionTime":71.12960052490234,"totalTime":77.55964660644531,"V":1000,"E":999000}