{"maxFlow":5019,"minCut":[],"initializationTime":7.947616100311279,"executionTime":75.83289337158203,"totalTime":83.78050994873047,"V":1000,"E":898956}