{"maxFlow":39,"minCut":[999],"initializationTime":0.001709,"executionTime":23.664378,"totalTime":23.666088}