{"maxFlow":76,"minCut":[9999],"initializationTime":520.0376586914063,"executionTime":4309.00048828125,"totalTime":4829.0380859375,"V":10000,"E":184714}