{"maxFlow":533,"minCut":[],"initializationTime":0.8476799726486206,"executionTime":21.321407318115234,"totalTime":22.16908836364746,"V":1000,"E":94591}