{"maxFlow":149,"minCut":[29999],"initializationTime":4.626168,"executionTime":492.84235,"totalTime":497.468518}