{"maxFlow":149,"minCut":[29999],"initializationTime":3909.11474609375,"executionTime":37340.4921875,"totalTime":41249.609375}