{"maxFlow":39,"minCut":[999],"initializationTime":0.5596799850463867,"executionTime":21.384479522705078,"totalTime":21.94416046142578}