{"maxFlow":6,"minCut":[3],"initializationTime":0.11407999694347382,"executionTime":1.3132799863815308,"totalTime":1.4273600578308105,"V":4,"E":5}