{"maxFlow":2705,"minCut":[],"initializationTime":12.928128242492676,"executionTime":79.89103698730469,"totalTime":92.81916809082031,"V":1000,"E":499792}