{"maxFlow":84,"minCut":[19999],"initializationTime":1.5816320180892944,"executionTime":152.74899291992188,"totalTime":154.33062744140625,"V":20000,"E":198210}