{"maxFlow":11,"minCut":[5,3],"initializationTime":0.1048320010304451,"executionTime":0.19103999435901642,"totalTime":0.2958720028400421}