{"maxFlow":149,"minCut":[29999],"initializationTime":3.119309,"executionTime":287.992468,"totalTime":291.111777}