{"maxFlow":3554,"minCut":[],"initializationTime":10.484576225280762,"executionTime":78.35980987548828,"totalTime":88.8443832397461,"V":1000,"E":699489}