{"maxFlow":76,"minCut":[9999],"initializationTime":450.08099365234375,"executionTime":4312.28271484375,"totalTime":4762.36376953125}