{"maxFlow":76,"minCut":[9999],"initializationTime":0.6159679889678955,"executionTime":78.21186828613281,"totalTime":78.82784271240234}