{"maxFlow":76,"minCut":[9999],"initializationTime":515.1334838867188,"executionTime":4306.82373046875,"totalTime":4821.95751953125,"V":10000,"E":184714}