{"maxFlow":1045,"minCut":[],"initializationTime":8.500448226928711,"executionTime":69.95267486572266,"totalTime":78.45311737060547,"V":1000,"E":199816}