{"maxFlow":84,"minCut":[19999],"initializationTime":1.564846,"executionTime":83.085565,"totalTime":84.650411}