{"maxFlow":76,"minCut":[9999],"initializationTime":518.6912231445313,"executionTime":4305.56640625,"totalTime":4824.25732421875}