{"maxFlow":3554,"minCut":[],"initializationTime":1.6191359758377075,"executionTime":126.26531219482422,"totalTime":127.88444519042969,"V":1000,"E":454319}