{"maxFlow":149,"minCut":[29999],"initializationTime":3957.36669921875,"executionTime":37560.31640625,"totalTime":41517.68359375}