{"maxFlow":39,"minCut":[999],"initializationTime":0.001575,"executionTime":29.358053,"totalTime":29.359629}