{"maxFlow":2121,"minCut":[],"initializationTime":11.43068790435791,"executionTime":77.59129333496094,"totalTime":89.02198028564453,"V":1000,"E":399515}