{"maxFlow":68,"minCut":[99,7,81,15,27,63,64,75,92,38,54,85,87,91,4,6,12,29,32,70,82,89,90,8,36,52,53,58,69,73,76,83,98,10,22,45,60,66,79,3,49,61,65,78,28,46,57,68,88,55,84,16,24,33,47,11,20,23,26,95,21,31,35,51,34,59,67,13,19,37,43,80,96,2,9,39,41,44,72,77,42,97,1,71,94,14,17,56,40,74,30,93,86,5,50,18,62,25,48],"initializationTime":0.000072,"executionTime":0.006006,"totalTime":0.006078}