{"maxFlow":149,"minCut":[29999],"initializationTime":1.932096004486084,"executionTime":200.63641357421875,"totalTime":202.56851196289063}