{"maxFlow":39,"minCut":[999],"initializationTime":0.17689600586891174,"executionTime":8.634592056274414,"totalTime":8.811488151550293,"V":1000,"E":6963}