{"maxFlow":5288,"minCut":[],"initializationTime":6.4655680656433105,"executionTime":71.34435272216797,"totalTime":77.80992126464844,"V":1000,"E":999000}