{"maxFlow":149,"minCut":[29999],"initializationTime":3.07762,"executionTime":230.149856,"totalTime":233.227477}