{"maxFlow":149,"minCut":[29999],"initializationTime":3.345625,"executionTime":248.679251,"totalTime":252.024876}