{"maxFlow":84,"minCut":[19999],"initializationTime":0.9928960204124451,"executionTime":151.53721618652344,"totalTime":152.5301055908203}