{"maxFlow":2121,"minCut":[],"initializationTime":11.434464454650879,"executionTime":77.8887710571289,"totalTime":89.32323455810547,"V":1000,"E":399515}