{"maxFlow":2705,"minCut":[],"initializationTime":12.443424224853516,"executionTime":79.72032165527344,"totalTime":92.16374206542969,"V":1000,"E":499792}