{"maxFlow":533,"minCut":[],"initializationTime":7.271071910858154,"executionTime":62.17670440673828,"totalTime":69.4477767944336,"V":1000,"E":99554}