{"maxFlow":4232,"minCut":[],"initializationTime":8.862336158752441,"executionTime":76.5670394897461,"totalTime":85.42937469482422,"V":1000,"E":798960}