{"maxFlow":2705,"minCut":[],"initializationTime":12.455231666564941,"executionTime":79.11551666259766,"totalTime":91.57075500488281,"V":1000,"E":499792}