{"maxFlow":1460,"minCut":[],"initializationTime":9.929984092712402,"executionTime":74.79583740234375,"totalTime":84.72582244873047,"V":1000,"E":300122}