{"maxFlow":2705,"minCut":[],"initializationTime":1.3660160303115845,"executionTime":110.78205108642578,"totalTime":112.14806365966797,"V":1000,"E":374544}