{"maxFlow":1460,"minCut":[],"initializationTime":1.509376049041748,"executionTime":81.3318099975586,"totalTime":82.8411865234375,"V":1000,"E":254873}