{"maxFlow":4232,"minCut":[],"initializationTime":8.935423851013184,"executionTime":76.55958557128906,"totalTime":85.49501037597656,"V":1000,"E":798960}