{"maxFlow":2705,"minCut":[],"initializationTime":12.445247650146484,"executionTime":79.14937591552734,"totalTime":91.5946273803711,"V":1000,"E":499792}