{"maxFlow":2121,"minCut":[],"initializationTime":11.70083236694336,"executionTime":77.92950439453125,"totalTime":89.63033294677734,"V":1000,"E":399515}