{"maxFlow":5019,"minCut":[],"initializationTime":7.606624126434326,"executionTime":76.02268981933594,"totalTime":83.62931060791016,"V":1000,"E":898956}