{"maxFlow":4232,"minCut":[],"initializationTime":9.108672142028809,"executionTime":76.70893096923828,"totalTime":85.81759643554688,"V":1000,"E":798960}