{"maxFlow":5019,"minCut":[],"initializationTime":7.700767993927002,"executionTime":75.6727066040039,"totalTime":83.37347412109375,"V":1000,"E":898956}