{"maxFlow":5019,"minCut":[],"initializationTime":8.0066556930542,"executionTime":75.63606262207031,"totalTime":83.6427230834961,"V":1000,"E":898956}