{"maxFlow":533,"minCut":[],"initializationTime":0.7967680096626282,"executionTime":21.78860855102539,"totalTime":22.585376739501953,"V":1000,"E":94591}