{"maxFlow":1045,"minCut":[],"initializationTime":1.1529279947280884,"executionTime":43.29558563232422,"totalTime":44.44851303100586,"V":1000,"E":179792}