{"maxFlow":533,"minCut":[],"initializationTime":0.5611519813537598,"executionTime":26.28704071044922,"totalTime":26.84819221496582,"V":1000,"E":94591}