{"maxFlow":5288,"minCut":[],"initializationTime":6.36624002456665,"executionTime":71.1033935546875,"totalTime":77.46963500976563,"V":1000,"E":999000}