{"maxFlow":1045,"minCut":[],"initializationTime":8.494208335876465,"executionTime":70.07357025146484,"totalTime":78.56777954101563,"V":1000,"E":199816}