{"maxFlow":2705,"minCut":[],"initializationTime":1.3473279476165771,"executionTime":110.31062316894531,"totalTime":111.65795135498047,"V":1000,"E":374544}