{"maxFlow":3554,"minCut":[],"initializationTime":10.220767974853516,"executionTime":77.51689910888672,"totalTime":87.73766326904297,"V":1000,"E":699489}