{"maxFlow":1460,"minCut":[],"initializationTime":1.5605759620666504,"executionTime":81.2176284790039,"totalTime":82.77820587158203,"V":1000,"E":254873}