{"maxFlow":3189,"minCut":[],"initializationTime":1.4954240322113037,"executionTime":115.51753234863281,"totalTime":117.0129623413086,"V":1000,"E":419401}