{"maxFlow":533,"minCut":[],"initializationTime":7.229440212249756,"executionTime":62.24214553833008,"totalTime":69.4715805053711,"V":1000,"E":99554}