{"maxFlow":1460,"minCut":[],"initializationTime":1.035904049873352,"executionTime":79.53202819824219,"totalTime":80.56793975830078,"V":1000,"E":254873}