{"maxFlow":2705,"minCut":[],"initializationTime":1.3312000036239624,"executionTime":108.66799926757813,"totalTime":109.99919891357422,"V":1000,"E":374544}