{"maxFlow":3189,"minCut":[],"initializationTime":1.5033279657363892,"executionTime":115.501953125,"totalTime":117.00527954101563,"V":1000,"E":419401}