{"maxFlow":1460,"minCut":[],"initializationTime":9.848447799682617,"executionTime":74.92598724365234,"totalTime":84.77442932128906,"V":1000,"E":300122}