{"maxFlow":3189,"minCut":[],"initializationTime":11.71350383758545,"executionTime":78.89904022216797,"totalTime":90.61254119873047,"V":1000,"E":599592}