{"maxFlow":5288,"minCut":[],"initializationTime":6.593632221221924,"executionTime":71.05661010742188,"totalTime":77.65023803710938,"V":1000,"E":999000}