{"maxFlow":2705,"minCut":[],"initializationTime":1.3561919927597046,"executionTime":107.85820770263672,"totalTime":109.21440124511719,"V":1000,"E":374544}