{"maxFlow":533,"minCut":[],"initializationTime":7.248095989227295,"executionTime":62.19366455078125,"totalTime":69.44175720214844,"V":1000,"E":99554}