{"maxFlow":5288,"minCut":[],"initializationTime":6.391295909881592,"executionTime":71.12921905517578,"totalTime":77.52051544189453,"V":1000,"E":999000}