{"maxFlow":3554,"minCut":[],"initializationTime":10.230655670166016,"executionTime":77.71087646484375,"totalTime":87.94153594970703,"V":1000,"E":699489}