{"maxFlow":1045,"minCut":[],"initializationTime":0.8273919820785522,"executionTime":56.26464080810547,"totalTime":57.09203338623047,"V":1000,"E":179792}