{"maxFlow":5019,"minCut":[],"initializationTime":7.66534423828125,"executionTime":76.09420776367188,"totalTime":83.75955200195313,"V":1000,"E":898956}