{"maxFlow":2121,"minCut":[],"initializationTime":11.423232078552246,"executionTime":77.81737518310547,"totalTime":89.24060821533203,"V":1000,"E":399515}