{"maxFlow":1045,"minCut":[],"initializationTime":0.8235200047492981,"executionTime":56.22412872314453,"totalTime":57.04764938354492,"V":1000,"E":179792}