{"maxFlow":2705,"minCut":[],"initializationTime":12.471936225891113,"executionTime":79.10559844970703,"totalTime":91.5775375366211,"V":1000,"E":499792}