{"maxFlow":1045,"minCut":[],"initializationTime":1.284608006477356,"executionTime":44.1864013671875,"totalTime":45.47100830078125,"V":1000,"E":179792}