{"maxFlow":1460,"minCut":[],"initializationTime":1.5632959604263306,"executionTime":81.47785949707031,"totalTime":83.04115295410156,"V":1000,"E":254873}