{"maxFlow":2121,"minCut":[],"initializationTime":1.2222399711608887,"executionTime":97.64157104492188,"totalTime":98.86380767822266,"V":1000,"E":319401}