{"maxFlow":1460,"minCut":[],"initializationTime":9.928095817565918,"executionTime":74.87849426269531,"totalTime":84.80659484863281,"V":1000,"E":300122}