{"maxFlow":5288,"minCut":[],"initializationTime":6.376895904541016,"executionTime":71.0931167602539,"totalTime":77.47001647949219,"V":1000,"E":999000}