{"maxFlow":5019,"minCut":[],"initializationTime":1.6875519752502441,"executionTime":118.84099578857422,"totalTime":120.5285415649414,"V":1000,"E":494489}