{"maxFlow":4232,"minCut":[],"initializationTime":8.992575645446777,"executionTime":77.08294677734375,"totalTime":86.07552337646484,"V":1000,"E":798960}