{"maxFlow":2121,"minCut":[],"initializationTime":1.8748799562454224,"executionTime":98.0021743774414,"totalTime":99.8770523071289,"V":1000,"E":319401}