{"maxFlow":533,"minCut":[],"initializationTime":7.198080062866211,"executionTime":62.07603073120117,"totalTime":69.27410888671875,"V":1000,"E":99554}