{"maxFlow":5288,"minCut":[],"initializationTime":6.366208076477051,"executionTime":71.059326171875,"totalTime":77.425537109375,"V":1000,"E":999000}