{"maxFlow":5019,"minCut":[],"initializationTime":1.613055944442749,"executionTime":120.33436584472656,"totalTime":121.94742584228516,"V":1000,"E":494489}