{"maxFlow":533,"minCut":[],"initializationTime":0.8201280236244202,"executionTime":21.30828857421875,"totalTime":22.128416061401367,"V":1000,"E":94591}