{"maxFlow":3189,"minCut":[],"initializationTime":1.5331840515136719,"executionTime":115.7105941772461,"totalTime":117.2437744140625,"V":1000,"E":419401}