{"maxFlow":3189,"minCut":[],"initializationTime":11.683072090148926,"executionTime":78.87945556640625,"totalTime":90.56253051757813,"V":1000,"E":599592}