{"maxFlow":533,"minCut":[],"initializationTime":0.8134719729423523,"executionTime":26.881568908691406,"totalTime":27.695039749145508,"V":1000,"E":94591}