{"maxFlow":1460,"minCut":[],"initializationTime":1.5289280414581299,"executionTime":81.40918731689453,"totalTime":82.9381103515625,"V":1000,"E":254873}