{"maxFlow":1460,"minCut":[],"initializationTime":1.8734079599380493,"executionTime":82.01840209960938,"totalTime":83.89180755615234,"V":1000,"E":254873}