{"maxFlow":2121,"minCut":[],"initializationTime":1.8677760362625122,"executionTime":97.63516998291016,"totalTime":99.50294494628906,"V":1000,"E":319401}