{"maxFlow":533,"minCut":[],"initializationTime":7.246816158294678,"executionTime":62.20111846923828,"totalTime":69.44793701171875,"V":1000,"E":99554}