{"maxFlow":3554,"minCut":[],"initializationTime":10.223967552185059,"executionTime":77.63737487792969,"totalTime":87.86134338378906,"V":1000,"E":699489}