{"maxFlow":3554,"minCut":[],"initializationTime":1.558527946472168,"executionTime":126.74320220947266,"totalTime":128.30172729492188,"V":1000,"E":454319}