{"maxFlow":1460,"minCut":[],"initializationTime":9.94758415222168,"executionTime":74.69174194335938,"totalTime":84.63932800292969,"V":1000,"E":300122}