{"maxFlow":2705,"minCut":[],"initializationTime":12.51411247253418,"executionTime":79.56034851074219,"totalTime":92.074462890625,"V":1000,"E":499792}