{"maxFlow":5288,"minCut":[],"initializationTime":1.62608003616333,"executionTime":103.70374298095703,"totalTime":105.32982635498047,"V":1000,"E":499500}