{"maxFlow":2705,"minCut":[],"initializationTime":12.493087768554688,"executionTime":79.71353912353516,"totalTime":92.20662689208984,"V":1000,"E":499792}