{"maxFlow":2121,"minCut":[],"initializationTime":1.8452479839324951,"executionTime":97.25244903564453,"totalTime":99.09769439697266,"V":1000,"E":319401}