{"maxFlow":3554,"minCut":[],"initializationTime":1.5872000455856323,"executionTime":125.02035522460938,"totalTime":126.60755157470703,"V":1000,"E":454319}