{"maxFlow":4232,"minCut":[],"initializationTime":8.84496021270752,"executionTime":76.47872161865234,"totalTime":85.32367706298828,"V":1000,"E":798960}