{"maxFlow":3554,"minCut":[],"initializationTime":10.19644832611084,"executionTime":78.06719970703125,"totalTime":88.2636489868164,"V":1000,"E":699489}