{"maxFlow":2121,"minCut":[],"initializationTime":11.489983558654785,"executionTime":77.85257720947266,"totalTime":89.34255981445313,"V":1000,"E":399515}