{"maxFlow":5019,"minCut":[],"initializationTime":1.628159999847412,"executionTime":114.4356460571289,"totalTime":116.06380462646484,"V":1000,"E":494489}