{"maxFlow":2705,"minCut":[],"initializationTime":1.499135971069336,"executionTime":109.37593841552734,"totalTime":110.87506866455078,"V":1000,"E":374544}