{"maxFlow":3189,"minCut":[],"initializationTime":1.486847996711731,"executionTime":115.75011444091797,"totalTime":117.2369613647461,"V":1000,"E":419401}