{"maxFlow":1460,"minCut":[],"initializationTime":9.853856086730957,"executionTime":74.71453094482422,"totalTime":84.5683822631836,"V":1000,"E":300122}