{"maxFlow":3554,"minCut":[],"initializationTime":1.611807942390442,"executionTime":127.23474884033203,"totalTime":128.8465576171875,"V":1000,"E":454319}