{"maxFlow":3554,"minCut":[],"initializationTime":10.439871788024902,"executionTime":77.99481964111328,"totalTime":88.43468475341797,"V":1000,"E":699489}