{"maxFlow":4232,"minCut":[],"initializationTime":1.627519965171814,"executionTime":125.7132797241211,"totalTime":127.3407974243164,"V":1000,"E":479336}