{"maxFlow":2705,"minCut":[],"initializationTime":2.1320641040802,"executionTime":109.5248031616211,"totalTime":111.6568603515625,"V":1000,"E":374544}