{"maxFlow":1045,"minCut":[],"initializationTime":8.487327575683594,"executionTime":69.87625885009766,"totalTime":78.36358642578125,"V":1000,"E":199816}