{"maxFlow":5288,"minCut":[],"initializationTime":1.6458560228347778,"executionTime":104.57587432861328,"totalTime":106.22172546386719,"V":1000,"E":499500}