{"maxFlow":533,"minCut":[],"initializationTime":0.82259202003479,"executionTime":27.69126319885254,"totalTime":28.513856887817383,"V":1000,"E":94591}