{"maxFlow":1045,"minCut":[],"initializationTime":1.1407359838485718,"executionTime":46.11676788330078,"totalTime":47.257503509521484,"V":1000,"E":179792}