{"maxFlow":5019,"minCut":[],"initializationTime":7.756256103515625,"executionTime":75.66575622558594,"totalTime":83.42201232910156,"V":1000,"E":898956}