{"maxFlow":533,"minCut":[],"initializationTime":0.9131839871406555,"executionTime":21.1396484375,"totalTime":22.052831649780273,"V":1000,"E":94591}