{"maxFlow":4232,"minCut":[],"initializationTime":9.049247741699219,"executionTime":77.17145538330078,"totalTime":86.220703125,"V":1000,"E":798960}