{"maxFlow":4232,"minCut":[],"initializationTime":1.602720022201538,"executionTime":122.96851348876953,"totalTime":124.57123565673828,"V":1000,"E":479336}