{"maxFlow":3554,"minCut":[],"initializationTime":1.5653760433197021,"executionTime":122.54720306396484,"totalTime":124.11257934570313,"V":1000,"E":454319}