{"maxFlow":533,"minCut":[],"initializationTime":0.8154240250587463,"executionTime":27.989408493041992,"totalTime":28.804832458496094,"V":1000,"E":94591}