{"maxFlow":5019,"minCut":[],"initializationTime":1.6940480470657349,"executionTime":120.13094329833984,"totalTime":121.82498931884766,"V":1000,"E":494489}