{"maxFlow":4232,"minCut":[],"initializationTime":1.5983359813690186,"executionTime":122.1041259765625,"totalTime":123.70246124267578,"V":1000,"E":479336}