{"maxFlow":2121,"minCut":[],"initializationTime":11.52393627166748,"executionTime":77.6858901977539,"totalTime":89.20982360839844,"V":1000,"E":399515}