{"maxFlow":3189,"minCut":[],"initializationTime":1.4634239673614502,"executionTime":117.48445129394531,"totalTime":118.94786834716797,"V":1000,"E":419401}