{"maxFlow":5288,"minCut":[],"initializationTime":1.618016004562378,"executionTime":103.59859466552734,"totalTime":105.21660614013672,"V":1000,"E":499500}