{"maxFlow":2121,"minCut":[],"initializationTime":1.8431999683380127,"executionTime":97.65049743652344,"totalTime":99.49369812011719,"V":1000,"E":319401}