{"maxFlow":3189,"minCut":[],"initializationTime":11.582688331604004,"executionTime":78.24854278564453,"totalTime":89.83123016357422,"V":1000,"E":599592}