{"maxFlow":533,"minCut":[],"initializationTime":0.9093120098114014,"executionTime":23.332191467285156,"totalTime":24.241504669189453,"V":1000,"E":94591}