{"maxFlow":1460,"minCut":[],"initializationTime":9.900447845458984,"executionTime":74.8809585571289,"totalTime":84.78141021728516,"V":1000,"E":300122}