{"maxFlow":1045,"minCut":[],"initializationTime":8.52723217010498,"executionTime":69.99635314941406,"totalTime":78.5235824584961,"V":1000,"E":199816}