{"maxFlow":2121,"minCut":[],"initializationTime":11.426624298095703,"executionTime":77.60457611083984,"totalTime":89.03119659423828,"V":1000,"E":399515}