{"maxFlow":3554,"minCut":[],"initializationTime":10.365887641906738,"executionTime":77.4122543334961,"totalTime":87.77814483642578,"V":1000,"E":699489}