{"maxFlow":3554,"minCut":[],"initializationTime":10.242560386657715,"executionTime":77.69078063964844,"totalTime":87.93334197998047,"V":1000,"E":699489}