{"maxFlow":4232,"minCut":[],"initializationTime":1.5687040090560913,"executionTime":124.49507141113281,"totalTime":126.06377410888672,"V":1000,"E":479336}