{"maxFlow":5019,"minCut":[],"initializationTime":1.6402239799499512,"executionTime":118.29475402832031,"totalTime":119.93497467041016,"V":1000,"E":494489}