{"maxFlow":3554,"minCut":[],"initializationTime":10.12764835357666,"executionTime":77.4570541381836,"totalTime":87.58470153808594,"V":1000,"E":699489}