{"maxFlow":3189,"minCut":[],"initializationTime":1.5097919702529907,"executionTime":115.17235565185547,"totalTime":116.68214416503906,"V":1000,"E":419401}