{"maxFlow":533,"minCut":[],"initializationTime":7.286143779754639,"executionTime":61.992897033691406,"totalTime":69.27903747558594,"V":1000,"E":99554}