{"maxFlow":5288,"minCut":[],"initializationTime":6.357215881347656,"executionTime":71.0472640991211,"totalTime":77.40447998046875,"V":1000,"E":999000}