{"maxFlow":3189,"minCut":[],"initializationTime":11.6278076171875,"executionTime":78.00614166259766,"totalTime":89.63394927978516,"V":1000,"E":599592}