{"maxFlow":1045,"minCut":[],"initializationTime":1.1489280462265015,"executionTime":57.513343811035156,"totalTime":58.66227340698242,"V":1000,"E":179792}