{"maxFlow":5288,"minCut":[],"initializationTime":1.6490880250930786,"executionTime":104.83999633789063,"totalTime":106.48908996582031,"V":1000,"E":499500}