{"maxFlow":3189,"minCut":[],"initializationTime":1.4824639558792114,"executionTime":115.4676513671875,"totalTime":116.95011138916016,"V":1000,"E":419401}