{"maxFlow":1460,"minCut":[],"initializationTime":1.504863977432251,"executionTime":81.73433685302734,"totalTime":83.23919677734375,"V":1000,"E":254873}