{"maxFlow":3189,"minCut":[],"initializationTime":12.063488006591797,"executionTime":78.07008361816406,"totalTime":90.1335678100586,"V":1000,"E":599592}