{"maxFlow":2705,"minCut":[],"initializationTime":1.8536640405654907,"executionTime":110.09497833251953,"totalTime":111.94863891601563,"V":1000,"E":374544}