{"maxFlow":3189,"minCut":[],"initializationTime":1.5089279413223267,"executionTime":115.0864028930664,"totalTime":116.59532928466797,"V":1000,"E":419401}