{"maxFlow":1045,"minCut":[],"initializationTime":8.515711784362793,"executionTime":69.9596176147461,"totalTime":78.47532653808594,"V":1000,"E":199816}