{"maxFlow":2705,"minCut":[],"initializationTime":1.3578879833221436,"executionTime":109.0189437866211,"totalTime":110.3768310546875,"V":1000,"E":374544}