{"maxFlow":1045,"minCut":[],"initializationTime":1.1513279676437378,"executionTime":46.09267044067383,"totalTime":47.24399948120117,"V":1000,"E":179792}