{"maxFlow":1045,"minCut":[],"initializationTime":8.544416427612305,"executionTime":69.96713256835938,"totalTime":78.51155090332031,"V":1000,"E":199816}