{"maxFlow":3189,"minCut":[],"initializationTime":1.5063680410385132,"executionTime":115.33631896972656,"totalTime":116.84268951416016,"V":1000,"E":419401}