{"maxFlow":5019,"minCut":[],"initializationTime":1.6343040466308594,"executionTime":119.41222381591797,"totalTime":121.0465316772461,"V":1000,"E":494489}