{"maxFlow":5019,"minCut":[],"initializationTime":7.651199817657471,"executionTime":75.6527328491211,"totalTime":83.3039321899414,"V":1000,"E":898956}