{"maxFlow":1045,"minCut":[],"initializationTime":1.159168004989624,"executionTime":57.65264129638672,"totalTime":58.81180953979492,"V":1000,"E":179792}