{"maxFlow":5288,"minCut":[],"initializationTime":1.6486079692840576,"executionTime":104.46797180175781,"totalTime":106.1165771484375,"V":1000,"E":499500}