{"maxFlow":1460,"minCut":[],"initializationTime":9.951807975769043,"executionTime":74.82393646240234,"totalTime":84.77574157714844,"V":1000,"E":300122}