{"maxFlow":533,"minCut":[],"initializationTime":7.276480197906494,"executionTime":62.022335052490234,"totalTime":69.29881286621094,"V":1000,"E":99554}