{"maxFlow":3189,"minCut":[],"initializationTime":1.6099519729614258,"executionTime":115.91836547851563,"totalTime":117.5283203125,"V":1000,"E":419401}