{"maxFlow":2705,"minCut":[],"initializationTime":1.343135952949524,"executionTime":108.38368225097656,"totalTime":109.72681427001953,"V":1000,"E":374544}