{"maxFlow":4232,"minCut":[],"initializationTime":1.615936040878296,"executionTime":123.62012481689453,"totalTime":125.2360610961914,"V":1000,"E":479336}