{"maxFlow":5288,"minCut":[],"initializationTime":6.393983840942383,"executionTime":71.07855987548828,"totalTime":77.47254180908203,"V":1000,"E":999000}