{"maxFlow":4232,"minCut":[],"initializationTime":8.940959930419922,"executionTime":77.13299560546875,"totalTime":86.0739517211914,"V":1000,"E":798960}