{"maxFlow":533,"minCut":[],"initializationTime":7.206048011779785,"executionTime":62.03529739379883,"totalTime":69.24134063720703,"V":1000,"E":99554}