{"maxFlow":2121,"minCut":[],"initializationTime":1.8062080144882202,"executionTime":97.5294418334961,"totalTime":99.33564758300781,"V":1000,"E":319401}