{"maxFlow":2121,"minCut":[],"initializationTime":1.7653759717941284,"executionTime":98.227294921875,"totalTime":99.99267578125,"V":1000,"E":319401}