{"maxFlow":2705,"minCut":[],"initializationTime":12.441951751708984,"executionTime":79.33577728271484,"totalTime":91.77772521972656,"V":1000,"E":499792}