{"maxFlow":5288,"minCut":[],"initializationTime":1.6663999557495117,"executionTime":104.39024353027344,"totalTime":106.056640625,"V":1000,"E":499500}