{"maxFlow":533,"minCut":[],"initializationTime":0.8293439745903015,"executionTime":21.659008026123047,"totalTime":22.488351821899414,"V":1000,"E":94591}