{"maxFlow":2121,"minCut":[],"initializationTime":11.374208450317383,"executionTime":77.69401550292969,"totalTime":89.06822204589844,"V":1000,"E":399515}