{"maxFlow":1460,"minCut":[],"initializationTime":9.847423553466797,"executionTime":74.80694580078125,"totalTime":84.65436553955078,"V":1000,"E":300122}