{"maxFlow":2705,"minCut":[],"initializationTime":12.422207832336426,"executionTime":79.50572967529297,"totalTime":91.92793273925781,"V":1000,"E":499792}