{"maxFlow":533,"minCut":[],"initializationTime":0.8142399787902832,"executionTime":20.85456085205078,"totalTime":21.668800354003906,"V":1000,"E":94591}