{"maxFlow":1045,"minCut":[],"initializationTime":1.3023040294647217,"executionTime":48.105438232421875,"totalTime":49.407745361328125,"V":1000,"E":179792}