{"maxFlow":1460,"minCut":[],"initializationTime":10.055168151855469,"executionTime":74.7042236328125,"totalTime":84.75939178466797,"V":1000,"E":300122}