{"maxFlow":3189,"minCut":[],"initializationTime":11.946687698364258,"executionTime":78.40505981445313,"totalTime":90.35174560546875,"V":1000,"E":599592}