{"maxFlow":1460,"minCut":[],"initializationTime":1.0283199548721313,"executionTime":80.3238754272461,"totalTime":81.3521957397461,"V":1000,"E":254873}