{"maxFlow":2121,"minCut":[],"initializationTime":2.2077438831329346,"executionTime":97.58338928222656,"totalTime":99.7911376953125,"V":1000,"E":319401}