{"maxFlow":1460,"minCut":[],"initializationTime":9.953887939453125,"executionTime":74.86029052734375,"totalTime":84.81417846679688,"V":1000,"E":300122}