{"maxFlow":5288,"minCut":[],"initializationTime":1.6814080476760864,"executionTime":103.2656021118164,"totalTime":104.94700622558594,"V":1000,"E":499500}