{"maxFlow":1045,"minCut":[],"initializationTime":8.51683235168457,"executionTime":69.8927993774414,"totalTime":78.40962982177734,"V":1000,"E":199816}