{"maxFlow":3189,"minCut":[],"initializationTime":11.64851188659668,"executionTime":78.33238220214844,"totalTime":89.98089599609375,"V":1000,"E":599592}