{"maxFlow":2121,"minCut":[],"initializationTime":11.360639572143555,"executionTime":77.57008361816406,"totalTime":88.93071746826172,"V":1000,"E":399515}