{"maxFlow":2705,"minCut":[],"initializationTime":12.399168014526367,"executionTime":79.0363540649414,"totalTime":91.43551635742188,"V":1000,"E":499792}