{"maxFlow":4232,"minCut":[],"initializationTime":1.5975680351257324,"executionTime":126.6108169555664,"totalTime":128.20838928222656,"V":1000,"E":479336}