{"maxFlow":5019,"minCut":[],"initializationTime":1.683840036392212,"executionTime":119.25558471679688,"totalTime":120.93942260742188,"V":1000,"E":494489}