{"maxFlow":3554,"minCut":[],"initializationTime":10.160575866699219,"executionTime":78.20262145996094,"totalTime":88.36319732666016,"V":1000,"E":699489}