{"maxFlow":4232,"minCut":[],"initializationTime":1.6576000452041626,"executionTime":123.63148498535156,"totalTime":125.2890853881836,"V":1000,"E":479336}