{"maxFlow":1045,"minCut":[],"initializationTime":1.1843839883804321,"executionTime":43.692256927490234,"totalTime":44.87664031982422,"V":1000,"E":179792}