{"maxFlow":5288,"minCut":[],"initializationTime":6.630623817443848,"executionTime":71.09347534179688,"totalTime":77.7240982055664,"V":1000,"E":999000}