{"maxFlow":1045,"minCut":[],"initializationTime":8.635775566101074,"executionTime":70.00531005859375,"totalTime":78.6410903930664,"V":1000,"E":199816}