{"maxFlow":5019,"minCut":[],"initializationTime":1.6356159448623657,"executionTime":113.47513580322266,"totalTime":115.11074829101563,"V":1000,"E":494489}