{"maxFlow":1045,"minCut":[],"initializationTime":8.495264053344727,"executionTime":70.02886199951172,"totalTime":78.52413177490234,"V":1000,"E":199816}