{"maxFlow":4232,"minCut":[],"initializationTime":1.667072057723999,"executionTime":127.60211181640625,"totalTime":129.26918029785156,"V":1000,"E":479336}