{"maxFlow":5019,"minCut":[],"initializationTime":7.783391952514648,"executionTime":75.64262390136719,"totalTime":83.42601776123047,"V":1000,"E":898956}