{"maxFlow":5019,"minCut":[],"initializationTime":7.657375812530518,"executionTime":75.65299224853516,"totalTime":83.31037139892578,"V":1000,"E":898956}