{"maxFlow":4232,"minCut":[],"initializationTime":8.856767654418945,"executionTime":76.54393768310547,"totalTime":85.40070343017578,"V":1000,"E":798960}