{"maxFlow":2121,"minCut":[],"initializationTime":1.2249280214309692,"executionTime":96.02288055419922,"totalTime":97.24781036376953,"V":1000,"E":319401}