{"maxFlow":3189,"minCut":[],"initializationTime":11.617088317871094,"executionTime":78.30860900878906,"totalTime":89.92569732666016,"V":1000,"E":599592}