{"maxFlow":1460,"minCut":[],"initializationTime":1.5708160400390625,"executionTime":80.60604858398438,"totalTime":82.17686462402344,"V":1000,"E":254873}