{"maxFlow":533,"minCut":[],"initializationTime":7.196191787719727,"executionTime":61.986785888671875,"totalTime":69.18297576904297,"V":1000,"E":99554}