{"maxFlow":2705,"minCut":[],"initializationTime":12.468832015991211,"executionTime":79.6111068725586,"totalTime":92.0799331665039,"V":1000,"E":499792}