{"maxFlow":2121,"minCut":[],"initializationTime":11.390432357788086,"executionTime":77.56614685058594,"totalTime":88.95657348632813,"V":1000,"E":399515}