{"maxFlow":1460,"minCut":[],"initializationTime":1.0471359491348267,"executionTime":79.50838470458984,"totalTime":80.5555191040039,"V":1000,"E":254873}