{"maxFlow":2121,"minCut":[],"initializationTime":11.4551362991333,"executionTime":77.96797180175781,"totalTime":89.42310333251953,"V":1000,"E":399515}