{"maxFlow":5019,"minCut":[],"initializationTime":7.475264072418213,"executionTime":75.55951690673828,"totalTime":83.03478240966797,"V":1000,"E":898956}