{"maxFlow":3554,"minCut":[],"initializationTime":1.5484800338745117,"executionTime":125.96566772460938,"totalTime":127.51414489746094,"V":1000,"E":454319}