{"maxFlow":533,"minCut":[],"initializationTime":7.233439922332764,"executionTime":61.989471435546875,"totalTime":69.22291564941406,"V":1000,"E":99554}