{"maxFlow":5019,"minCut":[],"initializationTime":1.7326719760894775,"executionTime":120.35196685791016,"totalTime":122.08464050292969,"V":1000,"E":494489}