{"maxFlow":5288,"minCut":[],"initializationTime":1.6626240015029907,"executionTime":103.47529602050781,"totalTime":105.1379165649414,"V":1000,"E":499500}