{"maxFlow":2121,"minCut":[],"initializationTime":1.2668160200119019,"executionTime":96.06937408447266,"totalTime":97.33618927001953,"V":1000,"E":319401}