{"maxFlow":2705,"minCut":[],"initializationTime":2.382528066635132,"executionTime":109.91014099121094,"totalTime":112.29267120361328,"V":1000,"E":374544}