{"maxFlow":5288,"minCut":[],"initializationTime":1.6401599645614624,"executionTime":104.87712097167969,"totalTime":106.51728057861328,"V":1000,"E":499500}