{"maxFlow":5019,"minCut":[],"initializationTime":8.012096405029297,"executionTime":75.8265609741211,"totalTime":83.83865356445313,"V":1000,"E":898956}