{"maxFlow":5288,"minCut":[],"initializationTime":6.410912036895752,"executionTime":71.08601379394531,"totalTime":77.4969253540039,"V":1000,"E":999000}