{"maxFlow":1045,"minCut":[],"initializationTime":8.549344062805176,"executionTime":69.94041442871094,"totalTime":78.48976135253906,"V":1000,"E":199816}