{"maxFlow":5288,"minCut":[],"initializationTime":1.6526399850845337,"executionTime":104.47007751464844,"totalTime":106.12271881103516,"V":1000,"E":499500}