{"maxFlow":4232,"minCut":[],"initializationTime":8.891519546508789,"executionTime":76.5381088256836,"totalTime":85.42963409423828,"V":1000,"E":798960}