{"maxFlow":4232,"minCut":[],"initializationTime":1.6402560472488403,"executionTime":124.11491394042969,"totalTime":125.75516510009766,"V":1000,"E":479336}