{"maxFlow":3554,"minCut":[],"initializationTime":1.5909119844436646,"executionTime":125.44182586669922,"totalTime":127.0327377319336,"V":1000,"E":454319}