{"maxFlow":5019,"minCut":[],"initializationTime":1.6433919668197632,"executionTime":118.46988677978516,"totalTime":120.11328125,"V":1000,"E":494489}