{"maxFlow":3189,"minCut":[],"initializationTime":11.813920021057129,"executionTime":78.63871765136719,"totalTime":90.45263671875,"V":1000,"E":599592}