{"maxFlow":3554,"minCut":[],"initializationTime":10.244064331054688,"executionTime":77.68112182617188,"totalTime":87.92518615722656,"V":1000,"E":699489}