{"maxFlow":3554,"minCut":[],"initializationTime":1.652448058128357,"executionTime":131.52252197265625,"totalTime":133.1749725341797,"V":1000,"E":454319}