{"maxFlow":3554,"minCut":[],"initializationTime":1.5900800228118896,"executionTime":125.02102661132813,"totalTime":126.6111068725586,"V":1000,"E":454319}