{"maxFlow":3554,"minCut":[],"initializationTime":1.605631947517395,"executionTime":125.9151382446289,"totalTime":127.52076721191406,"V":1000,"E":454319}