{"maxFlow":3554,"minCut":[],"initializationTime":1.5842880010604858,"executionTime":125.61507415771484,"totalTime":127.1993637084961,"V":1000,"E":454319}