{"maxFlow":4232,"minCut":[],"initializationTime":8.930496215820313,"executionTime":77.06563568115234,"totalTime":85.99612426757813,"V":1000,"E":798960}