{"maxFlow":1045,"minCut":[],"initializationTime":8.465503692626953,"executionTime":70.12041473388672,"totalTime":78.58592224121094,"V":1000,"E":199816}