{"maxFlow":4232,"minCut":[],"initializationTime":1.582368016242981,"executionTime":125.85187530517578,"totalTime":127.43424224853516,"V":1000,"E":479336}