{"maxFlow":3189,"minCut":[],"initializationTime":11.704544067382813,"executionTime":78.47904205322266,"totalTime":90.18358612060547,"V":1000,"E":599592}