{"maxFlow":5288,"minCut":[],"initializationTime":6.499584197998047,"executionTime":71.1478042602539,"totalTime":77.64739227294922,"V":1000,"E":999000}