{"maxFlow":533,"minCut":[],"initializationTime":0.839680016040802,"executionTime":27.322336196899414,"totalTime":28.162015914916992,"V":1000,"E":99554}