{"maxFlow":5019,"minCut":[],"initializationTime":1.6385279893875122,"executionTime":120.65177917480469,"totalTime":122.2903060913086,"V":1000,"E":898956}