{"maxFlow":2121,"minCut":[],"initializationTime":1.7854399681091309,"executionTime":97.12134552001953,"totalTime":98.90678405761719,"V":1000,"E":399515}