{"maxFlow":5288,"minCut":[],"initializationTime":1.6729919910430908,"executionTime":105.07234954833984,"totalTime":106.74534606933594,"V":1000,"E":999000}