{"maxFlow":2121,"minCut":[],"initializationTime":2.185215950012207,"executionTime":98.72547149658203,"totalTime":100.91069030761719,"V":1000,"E":399515}