{"maxFlow":5288,"minCut":[],"initializationTime":6.722976207733154,"executionTime":71.29398345947266,"totalTime":78.01696014404297,"V":1000,"E":999000}