{"maxFlow":2121,"minCut":[],"initializationTime":1.84060800075531,"executionTime":97.63033294677734,"totalTime":99.470947265625,"V":1000,"E":399515}