{"maxFlow":533,"minCut":[],"initializationTime":0.8353279829025269,"executionTime":27.548927307128906,"totalTime":28.38425636291504,"V":1000,"E":99554}