{"maxFlow":3189,"minCut":[],"initializationTime":1.460960030555725,"executionTime":116.3564453125,"totalTime":117.8174057006836,"V":1000,"E":599592}