{"maxFlow":2705,"minCut":[],"initializationTime":2.144416093826294,"executionTime":110.58274841308594,"totalTime":112.72716522216797,"V":1000,"E":499792}