{"maxFlow":5019,"minCut":[],"initializationTime":7.981855869293213,"executionTime":76.2733154296875,"totalTime":84.25516510009766,"V":1000,"E":898956}