{"maxFlow":3189,"minCut":[],"initializationTime":1.4847359657287598,"executionTime":115.90499114990234,"totalTime":117.38972473144531,"V":1000,"E":599592}