{"maxFlow":1460,"minCut":[],"initializationTime":9.792767524719238,"executionTime":74.92269134521484,"totalTime":84.7154541015625,"V":1000,"E":300122}