{"maxFlow":3554,"minCut":[],"initializationTime":1.558527946472168,"executionTime":126.33577728271484,"totalTime":127.89430236816406,"V":1000,"E":699489}