{"maxFlow":1045,"minCut":[],"initializationTime":1.1197439432144165,"executionTime":58.006526947021484,"totalTime":59.12627029418945,"V":1000,"E":199816}