{"maxFlow":1045,"minCut":[],"initializationTime":8.910655975341797,"executionTime":70.29148864746094,"totalTime":79.20214080810547,"V":1000,"E":199816}