{"maxFlow":3189,"minCut":[],"initializationTime":1.4855040311813354,"executionTime":117.04182434082031,"totalTime":118.52732849121094,"V":1000,"E":599592}