{"maxFlow":2121,"minCut":[],"initializationTime":1.2288960218429565,"executionTime":97.34854125976563,"totalTime":98.57743835449219,"V":1000,"E":399515}