{"maxFlow":1045,"minCut":[],"initializationTime":1.1605759859085083,"executionTime":57.46883010864258,"totalTime":58.62940979003906,"V":1000,"E":199816}