{"maxFlow":1460,"minCut":[],"initializationTime":1.5585600137710571,"executionTime":80.97929382324219,"totalTime":82.53785705566406,"V":1000,"E":300122}