{"maxFlow":2705,"minCut":[],"initializationTime":12.396032333374023,"executionTime":79.39596557617188,"totalTime":91.79199981689453,"V":1000,"E":499792}