{"maxFlow":2705,"minCut":[],"initializationTime":1.3819520473480225,"executionTime":110.51436614990234,"totalTime":111.89631652832031,"V":1000,"E":499792}