{"maxFlow":533,"minCut":[],"initializationTime":0.5733759999275208,"executionTime":20.93052864074707,"totalTime":21.503904342651367,"V":1000,"E":99554}