{"maxFlow":533,"minCut":[],"initializationTime":7.120863914489746,"executionTime":62.00831985473633,"totalTime":69.12918090820313,"V":1000,"E":99554}