{"maxFlow":4232,"minCut":[],"initializationTime":8.895936012268066,"executionTime":76.9985580444336,"totalTime":85.89449310302734,"V":1000,"E":798960}