{"maxFlow":1045,"minCut":[],"initializationTime":1.1427839994430542,"executionTime":43.46271896362305,"totalTime":44.60550308227539,"V":1000,"E":199816}