{"maxFlow":2705,"minCut":[],"initializationTime":12.51968002319336,"executionTime":79.6648941040039,"totalTime":92.18457794189453,"V":1000,"E":499792}