{"maxFlow":1460,"minCut":[],"initializationTime":9.892160415649414,"executionTime":74.98969268798828,"totalTime":84.8818588256836,"V":1000,"E":300122}