{"maxFlow":4232,"minCut":[],"initializationTime":7.61187219619751,"executionTime":75.32383728027344,"totalTime":82.93571472167969,"V":1000,"E":798960}