{"maxFlow":1460,"minCut":[],"initializationTime":1.7777279615402222,"executionTime":81.29090881347656,"totalTime":83.06864166259766,"V":1000,"E":300122}