{"maxFlow":3554,"minCut":[],"initializationTime":10.446304321289063,"executionTime":78.27718353271484,"totalTime":88.7234878540039,"V":1000,"E":699489}