{"maxFlow":2705,"minCut":[],"initializationTime":1.388319969177246,"executionTime":108.28841400146484,"totalTime":109.6767349243164,"V":1000,"E":499792}