{"maxFlow":533,"minCut":[],"initializationTime":7.196896076202393,"executionTime":62.19532775878906,"totalTime":69.39222717285156,"V":1000,"E":99554}