{"maxFlow":4232,"minCut":[],"initializationTime":9.218111991882324,"executionTime":76.79740905761719,"totalTime":86.01551818847656,"V":1000,"E":798960}