{"maxFlow":1460,"minCut":[],"initializationTime":9.863712310791016,"executionTime":74.84998321533203,"totalTime":84.71369934082031,"V":1000,"E":300122}