{"maxFlow":1045,"minCut":[],"initializationTime":8.451807975769043,"executionTime":70.01990509033203,"totalTime":78.47171020507813,"V":1000,"E":199816}