{"maxFlow":3554,"minCut":[],"initializationTime":8.768735885620117,"executionTime":76.5646743774414,"totalTime":85.33340454101563,"V":1000,"E":699489}