{"maxFlow":1460,"minCut":[],"initializationTime":9.987903594970703,"executionTime":74.90262603759766,"totalTime":84.8905258178711,"V":1000,"E":300122}