{"maxFlow":4232,"minCut":[],"initializationTime":9.169695854187012,"executionTime":76.84406280517578,"totalTime":86.01376342773438,"V":1000,"E":798960}