{"maxFlow":3554,"minCut":[],"initializationTime":1.5708160400390625,"executionTime":124.28336334228516,"totalTime":125.85417938232422,"V":1000,"E":699489}