{"maxFlow":5288,"minCut":[],"initializationTime":5.273439884185791,"executionTime":69.92121887207031,"totalTime":75.19465637207031,"V":1000,"E":999000}