{"maxFlow":3554,"minCut":[],"initializationTime":8.713279724121094,"executionTime":76.27273559570313,"totalTime":84.98601531982422,"V":1000,"E":699489}