{"maxFlow":3554,"minCut":[],"initializationTime":10.458975791931152,"executionTime":78.30995178222656,"totalTime":88.76892852783203,"V":1000,"E":699489}