{"maxFlow":4232,"minCut":[],"initializationTime":8.900480270385742,"executionTime":76.55868530273438,"totalTime":85.45916748046875,"V":1000,"E":798960}