{"maxFlow":533,"minCut":[],"initializationTime":7.580480098724365,"executionTime":62.162017822265625,"totalTime":69.74249267578125,"V":1000,"E":99554}