{"maxFlow":533,"minCut":[],"initializationTime":0.8029119968414307,"executionTime":27.091552734375,"totalTime":27.89446449279785,"V":1000,"E":99554}