{"maxFlow":1045,"minCut":[],"initializationTime":1.1795519590377808,"executionTime":53.409088134765625,"totalTime":54.58863830566406,"V":1000,"E":199816}