{"maxFlow":5288,"minCut":[],"initializationTime":1.636415958404541,"executionTime":103.1060791015625,"totalTime":104.74249267578125,"V":1000,"E":999000}