{"maxFlow":5019,"minCut":[],"initializationTime":7.646815776824951,"executionTime":75.5921630859375,"totalTime":83.23897552490234,"V":1000,"E":898956}