{"maxFlow":4232,"minCut":[],"initializationTime":1.598688006401062,"executionTime":123.90825653076172,"totalTime":125.50694274902344,"V":1000,"E":798960}