{"maxFlow":3189,"minCut":[],"initializationTime":12.028191566467285,"executionTime":78.5758056640625,"totalTime":90.60399627685547,"V":1000,"E":599592}