{"maxFlow":4232,"minCut":[],"initializationTime":8.842144012451172,"executionTime":77.0455322265625,"totalTime":85.88768005371094,"V":1000,"E":798960}