{"maxFlow":3554,"minCut":[],"initializationTime":1.5816960334777832,"executionTime":126.0225601196289,"totalTime":127.60425567626953,"V":1000,"E":699489}