{"maxFlow":3189,"minCut":[],"initializationTime":1.5521600246429443,"executionTime":116.74765014648438,"totalTime":118.2998046875,"V":1000,"E":599592}