{"maxFlow":1460,"minCut":[],"initializationTime":10.226367950439453,"executionTime":75.08911895751953,"totalTime":85.31549072265625,"V":1000,"E":300122}