{"maxFlow":3554,"minCut":[],"initializationTime":1.5820159912109375,"executionTime":125.7252197265625,"totalTime":127.30723571777344,"V":1000,"E":699489}