{"maxFlow":3554,"minCut":[],"initializationTime":1.525215983390808,"executionTime":124.48675537109375,"totalTime":126.01197052001953,"V":1000,"E":699489}