{"maxFlow":2705,"minCut":[],"initializationTime":2.12774395942688,"executionTime":110.66738891601563,"totalTime":112.79513549804688,"V":1000,"E":499792}