{"maxFlow":2121,"minCut":[],"initializationTime":11.481632232666016,"executionTime":78.05213165283203,"totalTime":89.53376007080078,"V":1000,"E":399515}