{"maxFlow":4232,"minCut":[],"initializationTime":1.6520639657974243,"executionTime":122.15020751953125,"totalTime":123.8022689819336,"V":1000,"E":798960}