{"maxFlow":533,"minCut":[],"initializationTime":0.8654400110244751,"executionTime":20.514272689819336,"totalTime":21.379711151123047,"V":1000,"E":99554}