{"maxFlow":4232,"minCut":[],"initializationTime":1.619104027748108,"executionTime":126.95350646972656,"totalTime":128.57260131835938,"V":1000,"E":798960}