{"maxFlow":3189,"minCut":[],"initializationTime":12.19974422454834,"executionTime":78.44035339355469,"totalTime":90.64009857177734,"V":1000,"E":599592}