{"maxFlow":1460,"minCut":[],"initializationTime":1.56876802444458,"executionTime":81.8012466430664,"totalTime":83.3700180053711,"V":1000,"E":300122}