{"maxFlow":2121,"minCut":[],"initializationTime":1.2329280376434326,"executionTime":93.19087982177734,"totalTime":94.4238052368164,"V":1000,"E":399515}