{"maxFlow":3189,"minCut":[],"initializationTime":1.5257600545883179,"executionTime":115.34751892089844,"totalTime":116.87328338623047,"V":1000,"E":599592}