{"maxFlow":2705,"minCut":[],"initializationTime":12.341856002807617,"executionTime":79.57901000976563,"totalTime":91.92086029052734,"V":1000,"E":499792}