{"maxFlow":4232,"minCut":[],"initializationTime":1.605631947517395,"executionTime":124.6095962524414,"totalTime":126.2152328491211,"V":1000,"E":798960}