{"maxFlow":3189,"minCut":[],"initializationTime":11.603296279907227,"executionTime":78.25993347167969,"totalTime":89.86323547363281,"V":1000,"E":599592}