{"maxFlow":5019,"minCut":[],"initializationTime":7.606175899505615,"executionTime":75.621826171875,"totalTime":83.22799682617188,"V":1000,"E":898956}