{"maxFlow":4232,"minCut":[],"initializationTime":1.6284159421920776,"executionTime":124.8823013305664,"totalTime":126.5107192993164,"V":1000,"E":798960}