{"maxFlow":5288,"minCut":[],"initializationTime":6.6854400634765625,"executionTime":71.31571197509766,"totalTime":78.00115203857422,"V":1000,"E":999000}