{"maxFlow":2121,"minCut":[],"initializationTime":11.439423561096191,"executionTime":77.84086608886719,"totalTime":89.28028869628906,"V":1000,"E":399515}