{"maxFlow":3189,"minCut":[],"initializationTime":11.92848014831543,"executionTime":78.99375915527344,"totalTime":90.9222412109375,"V":1000,"E":599592}