{"maxFlow":1045,"minCut":[],"initializationTime":1.134592056274414,"executionTime":57.57939147949219,"totalTime":58.713985443115234,"V":1000,"E":199816}