{"maxFlow":5288,"minCut":[],"initializationTime":1.6773120164871216,"executionTime":104.91862487792969,"totalTime":106.59593963623047,"V":1000,"E":999000}