{"maxFlow":2121,"minCut":[],"initializationTime":1.7321280241012573,"executionTime":97.58041381835938,"totalTime":99.31254577636719,"V":1000,"E":399515}