{"maxFlow":3554,"minCut":[],"initializationTime":10.550559997558594,"executionTime":78.23404693603516,"totalTime":88.78460693359375,"V":1000,"E":699489}