{"maxFlow":5019,"minCut":[],"initializationTime":7.8821120262146,"executionTime":75.85469055175781,"totalTime":83.73680114746094,"V":1000,"E":898956}