{"maxFlow":3189,"minCut":[],"initializationTime":9.932191848754883,"executionTime":77.54723358154297,"totalTime":87.47942352294922,"V":1000,"E":599592}