{"maxFlow":2121,"minCut":[],"initializationTime":11.410367965698242,"executionTime":77.74630737304688,"totalTime":89.15666961669922,"V":1000,"E":399515}