{"maxFlow":2705,"minCut":[],"initializationTime":12.590720176696777,"executionTime":79.40121459960938,"totalTime":91.99193572998047,"V":1000,"E":499792}