{"maxFlow":5288,"minCut":[],"initializationTime":6.67299222946167,"executionTime":71.2798080444336,"totalTime":77.95279693603516,"V":1000,"E":999000}