{"maxFlow":3189,"minCut":[],"initializationTime":11.976256370544434,"executionTime":79.06924438476563,"totalTime":91.04550170898438,"V":1000,"E":599592}