{"maxFlow":3554,"minCut":[],"initializationTime":8.931424140930176,"executionTime":76.34646606445313,"totalTime":85.27788543701172,"V":1000,"E":699489}