{"maxFlow":1045,"minCut":[],"initializationTime":1.1546560525894165,"executionTime":44.878623962402344,"totalTime":46.03327941894531,"V":1000,"E":199816}