{"maxFlow":1460,"minCut":[],"initializationTime":9.84768009185791,"executionTime":74.8004150390625,"totalTime":84.6480941772461,"V":1000,"E":300122}