{"maxFlow":2705,"minCut":[],"initializationTime":1.3736640214920044,"executionTime":109.5667495727539,"totalTime":110.94041442871094,"V":1000,"E":499792}