{"maxFlow":2121,"minCut":[],"initializationTime":2.228224039077759,"executionTime":99.32796478271484,"totalTime":101.55619049072266,"V":1000,"E":399515}