{"maxFlow":2121,"minCut":[],"initializationTime":1.761728048324585,"executionTime":97.84678649902344,"totalTime":99.60851287841797,"V":1000,"E":399515}