{"maxFlow":3554,"minCut":[],"initializationTime":10.186464309692383,"executionTime":77.5588150024414,"totalTime":87.74527740478516,"V":1000,"E":699489}