{"maxFlow":5019,"minCut":[],"initializationTime":7.982624053955078,"executionTime":75.77954864501953,"totalTime":83.76217651367188,"V":1000,"E":898956}