{"maxFlow":4232,"minCut":[],"initializationTime":1.5869760513305664,"executionTime":125.6460189819336,"totalTime":127.23299407958984,"V":1000,"E":798960}