{"maxFlow":2705,"minCut":[],"initializationTime":12.521087646484375,"executionTime":79.51487731933594,"totalTime":92.03596496582031,"V":1000,"E":499792}