{"maxFlow":3554,"minCut":[],"initializationTime":1.5773439407348633,"executionTime":123.80143737792969,"totalTime":125.3787841796875,"V":1000,"E":699489}