{"maxFlow":3554,"minCut":[],"initializationTime":1.5446079969406128,"executionTime":126.74111938476563,"totalTime":128.2857208251953,"V":1000,"E":699489}