{"maxFlow":3189,"minCut":[],"initializationTime":1.4880640506744385,"executionTime":112.9040298461914,"totalTime":114.39209747314453,"V":1000,"E":599592}