{"maxFlow":3554,"minCut":[],"initializationTime":10.500767707824707,"executionTime":77.7410888671875,"totalTime":88.24185943603516,"V":1000,"E":699489}