{"maxFlow":1460,"minCut":[],"initializationTime":1.5262720584869385,"executionTime":81.5198745727539,"totalTime":83.046142578125,"V":1000,"E":300122}