{"maxFlow":2705,"minCut":[],"initializationTime":12.745823860168457,"executionTime":79.82313537597656,"totalTime":92.56896209716797,"V":1000,"E":499792}