{"maxFlow":1045,"minCut":[],"initializationTime":1.1307200193405151,"executionTime":57.278079986572266,"totalTime":58.40879821777344,"V":1000,"E":199816}