{"maxFlow":533,"minCut":[],"initializationTime":0.8017280101776123,"executionTime":20.649824142456055,"totalTime":21.45155143737793,"V":1000,"E":99554}