{"maxFlow":533,"minCut":[],"initializationTime":6.624927997589111,"executionTime":61.78134536743164,"totalTime":68.4062728881836,"V":1000,"E":99554}