{"maxFlow":1045,"minCut":[],"initializationTime":8.929823875427246,"executionTime":70.16226959228516,"totalTime":79.09209442138672,"V":1000,"E":199816}