{"maxFlow":5288,"minCut":[],"initializationTime":1.655616044998169,"executionTime":105.33971405029297,"totalTime":106.99533081054688,"V":1000,"E":999000}