{"maxFlow":5288,"minCut":[],"initializationTime":6.494016170501709,"executionTime":71.19023895263672,"totalTime":77.68425750732422,"V":1000,"E":999000}