{"maxFlow":5019,"minCut":[],"initializationTime":1.7742719650268555,"executionTime":120.47718048095703,"totalTime":122.25145721435547,"V":1000,"E":898956}