{"maxFlow":533,"minCut":[],"initializationTime":0.8022400140762329,"executionTime":27.312448501586914,"totalTime":28.114688873291016,"V":1000,"E":99554}