{"maxFlow":533,"minCut":[],"initializationTime":6.639135837554932,"executionTime":61.88051223754883,"totalTime":68.51964569091797,"V":1000,"E":99554}