{"maxFlow":1045,"minCut":[],"initializationTime":8.829183578491211,"executionTime":70.21340942382813,"totalTime":79.04259490966797,"V":1000,"E":199816}