{"maxFlow":1045,"minCut":[],"initializationTime":8.566656112670898,"executionTime":70.06880187988281,"totalTime":78.63545227050781,"V":1000,"E":199816}