{"maxFlow":1045,"minCut":[],"initializationTime":1.1193280220031738,"executionTime":45.42988967895508,"totalTime":46.549217224121094,"V":1000,"E":199816}