{"maxFlow":5019,"minCut":[],"initializationTime":1.6732800006866455,"executionTime":120.73548889160156,"totalTime":122.40876770019531,"V":1000,"E":898956}