{"maxFlow":3189,"minCut":[],"initializationTime":1.494655966758728,"executionTime":115.32118225097656,"totalTime":116.81584167480469,"V":1000,"E":599592}