{"maxFlow":5019,"minCut":[],"initializationTime":1.6168960332870483,"executionTime":119.07379150390625,"totalTime":120.69068908691406,"V":1000,"E":898956}