{"maxFlow":5019,"minCut":[],"initializationTime":1.6937600374221802,"executionTime":115.9540786743164,"totalTime":117.64784240722656,"V":1000,"E":898956}