{"maxFlow":1460,"minCut":[],"initializationTime":9.92950439453125,"executionTime":74.8235855102539,"totalTime":84.75308990478516,"V":1000,"E":300122}