{"maxFlow":2705,"minCut":[],"initializationTime":1.3293119668960571,"executionTime":109.42787170410156,"totalTime":110.75718688964844,"V":1000,"E":499792}