{"maxFlow":4232,"minCut":[],"initializationTime":1.676543951034546,"executionTime":124.11628723144531,"totalTime":125.79283142089844,"V":1000,"E":798960}