{"maxFlow":2121,"minCut":[],"initializationTime":1.8290879726409912,"executionTime":98.48802947998047,"totalTime":100.31712341308594,"V":1000,"E":399515}