{"maxFlow":5019,"minCut":[],"initializationTime":7.986464023590088,"executionTime":75.8636474609375,"totalTime":83.85011291503906,"V":1000,"E":898956}