{"maxFlow":533,"minCut":[],"initializationTime":7.192448139190674,"executionTime":61.97670364379883,"totalTime":69.16915130615234,"V":1000,"E":99554}