{"maxFlow":2705,"minCut":[],"initializationTime":13.126336097717285,"executionTime":80.10079956054688,"totalTime":93.22713470458984,"V":1000,"E":499792}