{"maxFlow":2705,"minCut":[],"initializationTime":1.9906560182571411,"executionTime":110.5983657836914,"totalTime":112.58902740478516,"V":1000,"E":499792}