{"maxFlow":5019,"minCut":[],"initializationTime":6.50816011428833,"executionTime":74.73238372802734,"totalTime":81.24054718017578,"V":1000,"E":898956}