{"maxFlow":1460,"minCut":[],"initializationTime":9.819744110107422,"executionTime":74.86224365234375,"totalTime":84.6819839477539,"V":1000,"E":300122}