{"maxFlow":5019,"minCut":[],"initializationTime":1.6262400150299072,"executionTime":116.82637023925781,"totalTime":118.45260620117188,"V":1000,"E":898956}