{"maxFlow":4232,"minCut":[],"initializationTime":9.251232147216797,"executionTime":76.73587036132813,"totalTime":85.98710632324219,"V":1000,"E":798960}