{"maxFlow":5019,"minCut":[],"initializationTime":7.99567985534668,"executionTime":75.75846099853516,"totalTime":83.75414276123047,"V":1000,"E":898956}