{"maxFlow":5019,"minCut":[],"initializationTime":7.716639995574951,"executionTime":76.22022247314453,"totalTime":83.9368667602539,"V":1000,"E":898956}