{"maxFlow":4232,"minCut":[],"initializationTime":9.214559555053711,"executionTime":76.7515869140625,"totalTime":85.96614074707031,"V":1000,"E":798960}