{"maxFlow":3189,"minCut":[],"initializationTime":11.852992057800293,"executionTime":78.73545837402344,"totalTime":90.58844757080078,"V":1000,"E":599592}