{"maxFlow":4232,"minCut":[],"initializationTime":7.632192134857178,"executionTime":75.5621109008789,"totalTime":83.19430541992188,"V":1000,"E":798960}