{"maxFlow":533,"minCut":[],"initializationTime":0.8109440207481384,"executionTime":21.614208221435547,"totalTime":22.425151824951172,"V":1000,"E":99554}