{"maxFlow":4232,"minCut":[],"initializationTime":1.5892479419708252,"executionTime":121.80374145507813,"totalTime":123.39299011230469,"V":1000,"E":798960}