{"maxFlow":1460,"minCut":[],"initializationTime":9.856224060058594,"executionTime":74.88102722167969,"totalTime":84.73725128173828,"V":1000,"E":300122}