{"maxFlow":1045,"minCut":[],"initializationTime":8.583744049072266,"executionTime":70.03462219238281,"totalTime":78.61837005615234,"V":1000,"E":199816}