{"maxFlow":5288,"minCut":[],"initializationTime":1.6711679697036743,"executionTime":103.27235412597656,"totalTime":104.94351959228516,"V":1000,"E":999000}