{"maxFlow":5019,"minCut":[],"initializationTime":1.6380480527877808,"executionTime":119.68233489990234,"totalTime":121.32038116455078,"V":1000,"E":898956}