{"maxFlow":2121,"minCut":[],"initializationTime":11.497056007385254,"executionTime":77.21548461914063,"totalTime":88.7125473022461,"V":1000,"E":399515}