{"maxFlow":3189,"minCut":[],"initializationTime":1.50764799118042,"executionTime":116.07417297363281,"totalTime":117.58182525634766,"V":1000,"E":599592}