{"maxFlow":2121,"minCut":[],"initializationTime":10.223967552185059,"executionTime":76.59164428710938,"totalTime":86.81561279296875,"V":1000,"E":399515}