{"maxFlow":5019,"minCut":[],"initializationTime":7.780640125274658,"executionTime":75.60499572753906,"totalTime":83.38563537597656,"V":1000,"E":898956}