{"maxFlow":1045,"minCut":[],"initializationTime":1.1505600214004517,"executionTime":57.5873908996582,"totalTime":58.737953186035156,"V":1000,"E":199816}