{"maxFlow":3554,"minCut":[],"initializationTime":10.522815704345703,"executionTime":78.33280181884766,"totalTime":88.8556137084961,"V":1000,"E":699489}