{"maxFlow":5288,"minCut":[],"initializationTime":6.803199768066406,"executionTime":71.28556823730469,"totalTime":78.0887680053711,"V":1000,"E":999000}