{"maxFlow":2121,"minCut":[],"initializationTime":11.709504127502441,"executionTime":77.93446350097656,"totalTime":89.64396667480469,"V":1000,"E":399515}