{"maxFlow":5288,"minCut":[],"initializationTime":1.6490559577941895,"executionTime":101.70995330810547,"totalTime":103.3590087890625,"V":1000,"E":999000}