{"maxFlow":2705,"minCut":[],"initializationTime":10.753439903259277,"executionTime":78.18585968017578,"totalTime":88.93929290771484,"V":1000,"E":499792}