{"maxFlow":2121,"minCut":[],"initializationTime":11.34886360168457,"executionTime":77.76182556152344,"totalTime":89.11068725585938,"V":1000,"E":399515}