{"maxFlow":533,"minCut":[],"initializationTime":0.8169919848442078,"executionTime":27.4517765045166,"totalTime":28.268768310546875,"V":1000,"E":99554}