{"maxFlow":3554,"minCut":[],"initializationTime":1.599776029586792,"executionTime":126.03862762451172,"totalTime":127.63839721679688,"V":1000,"E":699489}