{"maxFlow":5019,"minCut":[],"initializationTime":1.6624319553375244,"executionTime":117.64579010009766,"totalTime":119.3082275390625,"V":1000,"E":898956}