{"maxFlow":4232,"minCut":[],"initializationTime":8.89897632598877,"executionTime":76.733154296875,"totalTime":85.63212585449219,"V":1000,"E":798960}