{"maxFlow":3189,"minCut":[],"initializationTime":12.076543807983398,"executionTime":78.81542205810547,"totalTime":90.8919677734375,"V":1000,"E":599592}