{"maxFlow":5288,"minCut":[],"initializationTime":6.729663848876953,"executionTime":71.30166625976563,"totalTime":78.03132629394531,"V":1000,"E":999000}