{"maxFlow":533,"minCut":[],"initializationTime":7.1530561447143555,"executionTime":61.93753433227539,"totalTime":69.09059143066406,"V":1000,"E":99554}