{"maxFlow":1045,"minCut":[],"initializationTime":8.59001636505127,"executionTime":70.00303649902344,"totalTime":78.59305572509766,"V":1000,"E":199816}