{"maxFlow":2121,"minCut":[],"initializationTime":11.698431968688965,"executionTime":78.00534057617188,"totalTime":89.70377349853516,"V":1000,"E":399515}