{"maxFlow":5288,"minCut":[],"initializationTime":1.6446399688720703,"executionTime":105.14383697509766,"totalTime":106.78848266601563,"V":1000,"E":999000}