{"maxFlow":5288,"minCut":[],"initializationTime":1.656831979751587,"executionTime":104.97583770751953,"totalTime":106.63267517089844,"V":1000,"E":999000}