{"maxFlow":1460,"minCut":[],"initializationTime":1.0329279899597168,"executionTime":80.01126098632813,"totalTime":81.044189453125,"V":1000,"E":300122}