{"maxFlow":533,"minCut":[],"initializationTime":7.617472171783447,"executionTime":62.21353530883789,"totalTime":69.83100891113281,"V":1000,"E":99554}