{"maxFlow":1045,"minCut":[],"initializationTime":8.479455947875977,"executionTime":70.06006622314453,"totalTime":78.53952026367188,"V":1000,"E":199816}