{"maxFlow":1460,"minCut":[],"initializationTime":1.0735360383987427,"executionTime":79.77910614013672,"totalTime":80.8526382446289,"V":1000,"E":300122}