{"maxFlow":3554,"minCut":[],"initializationTime":1.606816053390503,"executionTime":124.38835144042969,"totalTime":125.99517059326172,"V":1000,"E":699489}