{"maxFlow":4232,"minCut":[],"initializationTime":1.6206719875335693,"executionTime":120.04752349853516,"totalTime":121.6681900024414,"V":1000,"E":798960}