{"maxFlow":2705,"minCut":[],"initializationTime":12.475296020507813,"executionTime":79.5956802368164,"totalTime":92.07097625732422,"V":1000,"E":499792}