{"maxFlow":4232,"minCut":[],"initializationTime":1.6302080154418945,"executionTime":126.61698913574219,"totalTime":128.2471923828125,"V":1000,"E":798960}