{"maxFlow":3554,"minCut":[],"initializationTime":1.548416018486023,"executionTime":127.31644439697266,"totalTime":128.8648681640625,"V":1000,"E":699489}