{"maxFlow":1460,"minCut":[],"initializationTime":1.5606399774551392,"executionTime":81.63801574707031,"totalTime":83.19865417480469,"V":1000,"E":300122}