{"maxFlow":1045,"minCut":[],"initializationTime":8.519840240478516,"executionTime":69.87420654296875,"totalTime":78.39405059814453,"V":1000,"E":199816}