{"maxFlow":2705,"minCut":[],"initializationTime":1.3598719835281372,"executionTime":107.77401733398438,"totalTime":109.1338882446289,"V":1000,"E":499792}