{"maxFlow":2705,"minCut":[],"initializationTime":2.104127883911133,"executionTime":110.07292938232422,"totalTime":112.17705535888672,"V":1000,"E":499792}