{"maxFlow":3554,"minCut":[],"initializationTime":10.210495948791504,"executionTime":77.49996948242188,"totalTime":87.71046447753906,"V":1000,"E":699489}