{"maxFlow":5288,"minCut":[],"initializationTime":6.381279945373535,"executionTime":71.14444732666016,"totalTime":77.52572631835938,"V":1000,"E":999000}