{"maxFlow":3189,"minCut":[],"initializationTime":12.083040237426758,"executionTime":78.32342529296875,"totalTime":90.40646362304688,"V":1000,"E":599592}