{"maxFlow":2121,"minCut":[],"initializationTime":11.66528034210205,"executionTime":78.08684539794922,"totalTime":89.75212860107422,"V":1000,"E":399515}