{"maxFlow":5288,"minCut":[],"initializationTime":1.6261119842529297,"executionTime":102.37213134765625,"totalTime":103.99823760986328,"V":1000,"E":999000}