{"maxFlow":1460,"minCut":[],"initializationTime":1.642848014831543,"executionTime":81.24473571777344,"totalTime":82.88758087158203,"V":1000,"E":300122}