{"maxFlow":3189,"minCut":[],"initializationTime":1.5175679922103882,"executionTime":113.9422378540039,"totalTime":115.45980834960938,"V":1000,"E":599592}