{"maxFlow":2705,"minCut":[],"initializationTime":12.708512306213379,"executionTime":79.80323028564453,"totalTime":92.5117416381836,"V":1000,"E":499792}