{"maxFlow":5019,"minCut":[],"initializationTime":1.6548800468444824,"executionTime":114.99382019042969,"totalTime":116.6487045288086,"V":1000,"E":898956}