{"maxFlow":5288,"minCut":[],"initializationTime":1.7303359508514404,"executionTime":105.1960678100586,"totalTime":106.92639923095703,"V":1000,"E":999000}