{"maxFlow":1460,"minCut":[],"initializationTime":1.5653120279312134,"executionTime":81.11711883544922,"totalTime":82.68243408203125,"V":1000,"E":300122}