{"maxFlow":5288,"minCut":[],"initializationTime":5.264832019805908,"executionTime":70.04959869384766,"totalTime":75.3144302368164,"V":1000,"E":999000}