{"maxFlow":1460,"minCut":[],"initializationTime":8.539839744567871,"executionTime":73.72099304199219,"totalTime":82.26083374023438,"V":1000,"E":300122}