{"maxFlow":1460,"minCut":[],"initializationTime":1.5384960174560547,"executionTime":81.16515350341797,"totalTime":82.70365142822266,"V":1000,"E":300122}