{"maxFlow":2121,"minCut":[],"initializationTime":1.8112640380859375,"executionTime":97.62592315673828,"totalTime":99.43718719482422,"V":1000,"E":399515}