{"maxFlow":2705,"minCut":[],"initializationTime":1.3584959506988525,"executionTime":109.1041259765625,"totalTime":110.4626235961914,"V":1000,"E":499792}