{"maxFlow":533,"minCut":[],"initializationTime":7.1885762214660645,"executionTime":61.97750473022461,"totalTime":69.16607666015625,"V":1000,"E":99554}