{"maxFlow":1045,"minCut":[],"initializationTime":8.479904174804688,"executionTime":69.88336181640625,"totalTime":78.36326599121094,"V":1000,"E":199816}