{"maxFlow":5019,"minCut":[],"initializationTime":1.6544320583343506,"executionTime":122.56214141845703,"totalTime":124.2165756225586,"V":1000,"E":898956}