{"maxFlow":533,"minCut":[],"initializationTime":7.245535850524902,"executionTime":62.16572952270508,"totalTime":69.41126251220703,"V":1000,"E":99554}