{"maxFlow":3189,"minCut":[],"initializationTime":1.5101439952850342,"executionTime":114.75516510009766,"totalTime":116.26531219482422,"V":1000,"E":599592}