{"maxFlow":5288,"minCut":[],"initializationTime":5.29091215133667,"executionTime":69.94802856445313,"totalTime":75.23894500732422,"V":1000,"E":999000}