{"maxFlow":3189,"minCut":[],"initializationTime":11.641887664794922,"executionTime":78.33773040771484,"totalTime":89.9796142578125,"V":1000,"E":599592}