{"maxFlow":2121,"minCut":[],"initializationTime":11.30179214477539,"executionTime":77.83238220214844,"totalTime":89.1341781616211,"V":1000,"E":399515}