{"maxFlow":1045,"minCut":[],"initializationTime":1.1265920400619507,"executionTime":43.41852951049805,"totalTime":44.54512023925781,"V":1000,"E":199816}