{"maxFlow":533,"minCut":[],"initializationTime":0.8091520071029663,"executionTime":25.451871871948242,"totalTime":26.261024475097656,"V":1000,"E":99554}